timestamp,price,volume
2024-02-06 00:00:00+00:00,19.11896660452867,1202571443.0053585
2024-02-06 01:00:00+00:00,19.11896660452867,0.0
2024-02-06 02:00:00+00:00,19.11896660452867,0.0
2024-02-06 03:00:00+00:00,19.11896660452867,0.0
2024-02-06 04:00:00+00:00,19.11896660452867,0.0
2024-02-06 05:00:00+00:00,19.11896660452867,0.0
2024-02-06 06:00:00+00:00,19.11896660452867,0.0
2024-02-06 07:00:00+00:00,19.11896660452867,0.0
2024-02-06 08:00:00+00:00,19.11896660452867,0.0
2024-02-06 09:00:00+00:00,19.11896660452867,0.0
2024-02-06 10:00:00+00:00,19.11896660452867,0.0
2024-02-06 11:00:00+00:00,19.11896660452867,0.0
2024-02-06 12:00:00+00:00,19.11896660452867,0.0
2024-02-06 13:00:00+00:00,19.11896660452867,0.0
2024-02-06 14:00:00+00:00,19.11896660452867,0.0
2024-02-06 15:00:00+00:00,19.11896660452867,0.0
2024-02-06 16:00:00+00:00,19.11896660452867,0.0
2024-02-06 17:00:00+00:00,19.11896660452867,0.0
2024-02-06 18:00:00+00:00,19.11896660452867,0.0
2024-02-06 19:00:00+00:00,19.11896660452867,0.0
2024-02-06 20:00:00+00:00,19.11896660452867,0.0
2024-02-06 21:00:00+00:00,19.11896660452867,0.0
2024-02-06 22:00:00+00:00,19.11896660452867,0.0
2024-02-06 23:00:00+00:00,19.11896660452867,0.0
2024-02-07 00:00:00+00:00,18.30239142752814,762340439.2613653
2024-02-07 01:00:00+00:00,18.30239142752814,0.0
2024-02-07 02:00:00+00:00,18.30239142752814,0.0
2024-02-07 03:00:00+00:00,18.30239142752814,0.0
2024-02-07 04:00:00+00:00,18.30239142752814,0.0
2024-02-07 05:00:00+00:00,18.30239142752814,0.0
2024-02-07 06:00:00+00:00,18.30239142752814,0.0
2024-02-07 07:00:00+00:00,18.30239142752814,0.0
2024-02-07 08:00:00+00:00,18.30239142752814,0.0
2024-02-07 09:00:00+00:00,18.30239142752814,0.0
2024-02-07 10:00:00+00:00,18.30239142752814,0.0
2024-02-07 11:00:00+00:00,18.30239142752814,0.0
2024-02-07 12:00:00+00:00,18.30239142752814,0.0
2024-02-07 13:00:00+00:00,18.30239142752814,0.0
2024-02-07 14:00:00+00:00,18.30239142752814,0.0
2024-02-07 15:00:00+00:00,18.30239142752814,0.0
2024-02-07 16:00:00+00:00,18.30239142752814,0.0
2024-02-07 17:00:00+00:00,18.30239142752814,0.0
2024-02-07 18:00:00+00:00,18.30239142752814,0.0
2024-02-07 19:00:00+00:00,18.30239142752814,0.0
2024-02-07 20:00:00+00:00,18.30239142752814,0.0
2024-02-07 21:00:00+00:00,18.30239142752814,0.0
2024-02-07 22:00:00+00:00,18.30239142752814,0.0
2024-02-07 23:00:00+00:00,18.30239142752814,0.0
2024-02-08 00:00:00+00:00,18.89942742880904,652446810.284007
2024-02-08 01:00:00+00:00,18.89942742880904,0.0
2024-02-08 02:00:00+00:00,18.89942742880904,0.0
2024-02-08 03:00:00+00:00,18.89942742880904,0.0
2024-02-08 04:00:00+00:00,18.89942742880904,0.0
2024-02-08 05:00:00+00:00,18.89942742880904,0.0
2024-02-08 06:00:00+00:00,18.89942742880904,0.0
2024-02-08 07:00:00+00:00,18.89942742880904,0.0
2024-02-08 08:00:00+00:00,18.89942742880904,0.0
2024-02-08 09:00:00+00:00,18.89942742880904,0.0
2024-02-08 10:00:00+00:00,18.89942742880904,0.0
2024-02-08 11:00:00+00:00,18.89942742880904,0.0
2024-02-08 12:00:00+00:00,18.89942742880904,0.0
2024-02-08 13:00:00+00:00,18.89942742880904,0.0
2024-02-08 14:00:00+00:00,18.89942742880904,0.0
2024-02-08 15:00:00+00:00,18.89942742880904,0.0
2024-02-08 16:00:00+00:00,18.89942742880904,0.0
2024-02-08 17:00:00+00:00,18.89942742880904,0.0
2024-02-08 18:00:00+00:00,18.89942742880904,0.0
2024-02-08 19:00:00+00:00,18.89942742880904,0.0
2024-02-08 20:00:00+00:00,18.89942742880904,0.0
2024-02-08 21:00:00+00:00,18.89942742880904,0.0
2024-02-08 22:00:00+00:00,18.89942742880904,0.0
2024-02-08 23:00:00+00:00,18.89942742880904,0.0
2024-02-09 00:00:00+00:00,18.218120685365356,742374781.7342224
2024-02-09 01:00:00+00:00,18.218120685365356,0.0
2024-02-09 02:00:00+00:00,18.218120685365356,0.0
2024-02-09 03:00:00+00:00,18.218120685365356,0.0
2024-02-09 04:00:00+00:00,18.218120685365356,0.0
2024-02-09 05:00:00+00:00,18.218120685365356,0.0
2024-02-09 06:00:00+00:00,18.218120685365356,0.0
2024-02-09 07:00:00+00:00,18.218120685365356,0.0
2024-02-09 08:00:00+00:00,18.218120685365356,0.0
2024-02-09 09:00:00+00:00,18.218120685365356,0.0
2024-02-09 10:00:00+00:00,18.218120685365356,0.0
2024-02-09 11:00:00+00:00,18.218120685365356,0.0
2024-02-09 12:00:00+00:00,18.218120685365356,0.0
2024-02-09 13:00:00+00:00,18.218120685365356,0.0
2024-02-09 14:00:00+00:00,18.218120685365356,0.0
2024-02-09 15:00:00+00:00,18.218120685365356,0.0
2024-02-09 16:00:00+00:00,18.218120685365356,0.0
2024-02-09 17:00:00+00:00,18.218120685365356,0.0
2024-02-09 18:00:00+00:00,18.218120685365356,0.0
2024-02-09 19:00:00+00:00,18.218120685365356,0.0
2024-02-09 20:00:00+00:00,18.218120685365356,0.0
2024-02-09 21:00:00+00:00,18.218120685365356,0.0
2024-02-09 22:00:00+00:00,18.218120685365356,0.0
2024-02-09 23:00:00+00:00,18.218120685365356,0.0
2024-02-10 00:00:00+00:00,18.481560203135793,617398895.3590857
2024-02-10 01:00:00+00:00,18.481560203135793,0.0
2024-02-10 02:00:00+00:00,18.481560203135793,0.0
2024-02-10 03:00:00+00:00,18.481560203135793,0.0
2024-02-10 04:00:00+00:00,18.481560203135793,0.0
2024-02-10 05:00:00+00:00,18.481560203135793,0.0
2024-02-10 06:00:00+00:00,18.481560203135793,0.0
2024-02-10 07:00:00+00:00,18.481560203135793,0.0
2024-02-10 08:00:00+00:00,18.481560203135793,0.0
2024-02-10 09:00:00+00:00,18.481560203135793,0.0
2024-02-10 10:00:00+00:00,18.481560203135793,0.0
2024-02-10 11:00:00+00:00,18.481560203135793,0.0
2024-02-10 12:00:00+00:00,18.481560203135793,0.0
2024-02-10 13:00:00+00:00,18.481560203135793,0.0
2024-02-10 14:00:00+00:00,18.481560203135793,0.0
2024-02-10 15:00:00+00:00,18.481560203135793,0.0
2024-02-10 16:00:00+00:00,18.481560203135793,0.0
2024-02-10 17:00:00+00:00,18.481560203135793,0.0
2024-02-10 18:00:00+00:00,18.481560203135793,0.0
2024-02-10 19:00:00+00:00,18.481560203135793,0.0
2024-02-10 20:00:00+00:00,18.481560203135793,0.0
2024-02-10 21:00:00+00:00,18.481560203135793,0.0
2024-02-10 22:00:00+00:00,18.481560203135793,0.0
2024-02-10 23:00:00+00:00,18.481560203135793,0.0
2024-02-11 00:00:00+00:00,18.943746265087597,474792569.59203357
2024-02-11 01:00:00+00:00,18.943746265087597,0.0
2024-02-11 02:00:00+00:00,18.943746265087597,0.0
2024-02-11 03:00:00+00:00,18.943746265087597,0.0
2024-02-11 04:00:00+00:00,18.943746265087597,0.0
2024-02-11 05:00:00+00:00,18.943746265087597,0.0
2024-02-11 06:00:00+00:00,18.943746265087597,0.0
2024-02-11 07:00:00+00:00,18.943746265087597,0.0
2024-02-11 08:00:00+00:00,18.943746265087597,0.0
2024-02-11 09:00:00+00:00,18.943746265087597,0.0
2024-02-11 10:00:00+00:00,18.943746265087597,0.0
2024-02-11 11:00:00+00:00,18.943746265087597,0.0
2024-02-11 12:00:00+00:00,18.943746265087597,0.0
2024-02-11 13:00:00+00:00,18.943746265087597,0.0
2024-02-11 14:00:00+00:00,18.943746265087597,0.0
2024-02-11 15:00:00+00:00,18.943746265087597,0.0
2024-02-11 16:00:00+00:00,18.943746265087597,0.0
2024-02-11 17:00:00+00:00,18.943746265087597,0.0
2024-02-11 18:00:00+00:00,18.943746265087597,0.0
2024-02-11 19:00:00+00:00,18.943746265087597,0.0
2024-02-11 20:00:00+00:00,18.943746265087597,0.0
2024-02-11 21:00:00+00:00,18.943746265087597,0.0
2024-02-11 22:00:00+00:00,18.943746265087597,0.0
2024-02-11 23:00:00+00:00,18.943746265087597,0.0
2024-02-12 00:00:00+00:00,20.11125059325117,933672551.9641919
2024-02-12 01:00:00+00:00,20.11125059325117,0.0
2024-02-12 02:00:00+00:00,20.11125059325117,0.0
2024-02-12 03:00:00+00:00,20.11125059325117,0.0
2024-02-12 04:00:00+00:00,20.11125059325117,0.0
2024-02-12 05:00:00+00:00,20.11125059325117,0.0
2024-02-12 06:00:00+00:00,20.11125059325117,0.0
2024-02-12 07:00:00+00:00,20.11125059325117,0.0
2024-02-12 08:00:00+00:00,20.11125059325117,0.0
2024-02-12 09:00:00+00:00,20.11125059325117,0.0
2024-02-12 10:00:00+00:00,20.11125059325117,0.0
2024-02-12 11:00:00+00:00,20.11125059325117,0.0
2024-02-12 12:00:00+00:00,20.11125059325117,0.0
2024-02-12 13:00:00+00:00,20.11125059325117,0.0
2024-02-12 14:00:00+00:00,20.11125059325117,0.0
2024-02-12 15:00:00+00:00,20.11125059325117,0.0
2024-02-12 16:00:00+00:00,20.11125059325117,0.0
2024-02-12 17:00:00+00:00,20.11125059325117,0.0
2024-02-12 18:00:00+00:00,20.11125059325117,0.0
2024-02-12 19:00:00+00:00,20.11125059325117,0.0
2024-02-12 20:00:00+00:00,20.11125059325117,0.0
2024-02-12 21:00:00+00:00,20.11125059325117,0.0
2024-02-12 22:00:00+00:00,20.11125059325117,0.0
2024-02-12 23:00:00+00:00,20.11125059325117,0.0
2024-02-13 00:00:00+00:00,20.49602473218751,944416418.2323496
2024-02-13 01:00:00+00:00,20.49602473218751,0.0
2024-02-13 02:00:00+00:00,20.49602473218751,0.0
2024-02-13 03:00:00+00:00,20.49602473218751,0.0
2024-02-13 04:00:00+00:00,20.49602473218751,0.0
2024-02-13 05:00:00+00:00,20.49602473218751,0.0
2024-02-13 06:00:00+00:00,20.49602473218751,0.0
2024-02-13 07:00:00+00:00,20.49602473218751,0.0
2024-02-13 08:00:00+00:00,20.49602473218751,0.0
2024-02-13 09:00:00+00:00,20.49602473218751,0.0
2024-02-13 10:00:00+00:00,20.49602473218751,0.0
2024-02-13 11:00:00+00:00,20.49602473218751,0.0
2024-02-13 12:00:00+00:00,20.49602473218751,0.0
2024-02-13 13:00:00+00:00,20.49602473218751,0.0
2024-02-13 14:00:00+00:00,20.49602473218751,0.0
2024-02-13 15:00:00+00:00,20.49602473218751,0.0
2024-02-13 16:00:00+00:00,20.49602473218751,0.0
2024-02-13 17:00:00+00:00,20.49602473218751,0.0
2024-02-13 18:00:00+00:00,20.49602473218751,0.0
2024-02-13 19:00:00+00:00,20.49602473218751,0.0
2024-02-13 20:00:00+00:00,20.49602473218751,0.0
2024-02-13 21:00:00+00:00,20.49602473218751,0.0
2024-02-13 22:00:00+00:00,20.49602473218751,0.0
2024-02-13 23:00:00+00:00,20.49602473218751,0.0
2024-02-14 00:00:00+00:00,19.87804244223337,747156257.0911477
2024-02-14 01:00:00+00:00,19.87804244223337,0.0
2024-02-14 02:00:00+00:00,19.87804244223337,0.0
2024-02-14 03:00:00+00:00,19.87804244223337,0.0
2024-02-14 04:00:00+00:00,19.87804244223337,0.0
2024-02-14 05:00:00+00:00,19.87804244223337,0.0
2024-02-14 06:00:00+00:00,19.87804244223337,0.0
2024-02-14 07:00:00+00:00,19.87804244223337,0.0
2024-02-14 08:00:00+00:00,19.87804244223337,0.0
2024-02-14 09:00:00+00:00,19.87804244223337,0.0
2024-02-14 10:00:00+00:00,19.87804244223337,0.0
2024-02-14 11:00:00+00:00,19.87804244223337,0.0
2024-02-14 12:00:00+00:00,19.87804244223337,0.0
2024-02-14 13:00:00+00:00,19.87804244223337,0.0
2024-02-14 14:00:00+00:00,19.87804244223337,0.0
2024-02-14 15:00:00+00:00,19.87804244223337,0.0
2024-02-14 16:00:00+00:00,19.87804244223337,0.0
2024-02-14 17:00:00+00:00,19.87804244223337,0.0
2024-02-14 18:00:00+00:00,19.87804244223337,0.0
2024-02-14 19:00:00+00:00,19.87804244223337,0.0
2024-02-14 20:00:00+00:00,19.87804244223337,0.0
2024-02-14 21:00:00+00:00,19.87804244223337,0.0
2024-02-14 22:00:00+00:00,19.87804244223337,0.0
2024-02-14 23:00:00+00:00,19.87804244223337,0.0
2024-02-15 00:00:00+00:00,20.266399701438104,656812139.2015752
2024-02-15 01:00:00+00:00,20.266399701438104,0.0
2024-02-15 02:00:00+00:00,20.266399701438104,0.0
2024-02-15 03:00:00+00:00,20.266399701438104,0.0
2024-02-15 04:00:00+00:00,20.266399701438104,0.0
2024-02-15 05:00:00+00:00,20.266399701438104,0.0
2024-02-15 06:00:00+00:00,20.266399701438104,0.0
2024-02-15 07:00:00+00:00,20.266399701438104,0.0
2024-02-15 08:00:00+00:00,20.266399701438104,0.0
2024-02-15 09:00:00+00:00,20.266399701438104,0.0
2024-02-15 10:00:00+00:00,20.266399701438104,0.0
2024-02-15 11:00:00+00:00,20.266399701438104,0.0
2024-02-15 12:00:00+00:00,20.266399701438104,0.0
2024-02-15 13:00:00+00:00,20.266399701438104,0.0
2024-02-15 14:00:00+00:00,20.266399701438104,0.0
2024-02-15 15:00:00+00:00,20.266399701438104,0.0
2024-02-15 16:00:00+00:00,20.266399701438104,0.0
2024-02-15 17:00:00+00:00,20.266399701438104,0.0
2024-02-15 18:00:00+00:00,20.266399701438104,0.0
2024-02-15 19:00:00+00:00,20.266399701438104,0.0
2024-02-15 20:00:00+00:00,20.266399701438104,0.0
2024-02-15 21:00:00+00:00,20.266399701438104,0.0
2024-02-15 22:00:00+00:00,20.266399701438104,0.0
2024-02-15 23:00:00+00:00,20.266399701438104,0.0
2024-02-16 00:00:00+00:00,19.947655270452234,617648322.8570058
2024-02-16 01:00:00+00:00,19.947655270452234,0.0
2024-02-16 02:00:00+00:00,19.947655270452234,0.0
2024-02-16 03:00:00+00:00,19.947655270452234,0.0
2024-02-16 04:00:00+00:00,19.947655270452234,0.0
2024-02-16 05:00:00+00:00,19.947655270452234,0.0
2024-02-16 06:00:00+00:00,19.947655270452234,0.0
2024-02-16 07:00:00+00:00,19.947655270452234,0.0
2024-02-16 08:00:00+00:00,19.947655270452234,0.0
2024-02-16 09:00:00+00:00,19.947655270452234,0.0
2024-02-16 10:00:00+00:00,19.947655270452234,0.0
2024-02-16 11:00:00+00:00,19.947655270452234,0.0
2024-02-16 12:00:00+00:00,19.947655270452234,0.0
2024-02-16 13:00:00+00:00,19.947655270452234,0.0
2024-02-16 14:00:00+00:00,19.947655270452234,0.0
2024-02-16 15:00:00+00:00,19.947655270452234,0.0
2024-02-16 16:00:00+00:00,19.947655270452234,0.0
2024-02-16 17:00:00+00:00,19.947655270452234,0.0
2024-02-16 18:00:00+00:00,19.947655270452234,0.0
2024-02-16 19:00:00+00:00,19.947655270452234,0.0
2024-02-16 20:00:00+00:00,19.947655270452234,0.0
2024-02-16 21:00:00+00:00,19.947655270452234,0.0
2024-02-16 22:00:00+00:00,19.947655270452234,0.0
2024-02-16 23:00:00+00:00,19.947655270452234,0.0
2024-02-17 00:00:00+00:00,19.567520005510374,552626838.9565095
2024-02-17 01:00:00+00:00,19.567520005510374,0.0
2024-02-17 02:00:00+00:00,19.567520005510374,0.0
2024-02-17 03:00:00+00:00,19.567520005510374,0.0
2024-02-17 04:00:00+00:00,19.567520005510374,0.0
2024-02-17 05:00:00+00:00,19.567520005510374,0.0
2024-02-17 06:00:00+00:00,19.567520005510374,0.0
2024-02-17 07:00:00+00:00,19.567520005510374,0.0
2024-02-17 08:00:00+00:00,19.567520005510374,0.0
2024-02-17 09:00:00+00:00,19.567520005510374,0.0
2024-02-17 10:00:00+00:00,19.567520005510374,0.0
2024-02-17 11:00:00+00:00,19.567520005510374,0.0
2024-02-17 12:00:00+00:00,19.567520005510374,0.0
2024-02-17 13:00:00+00:00,19.567520005510374,0.0
2024-02-17 14:00:00+00:00,19.567520005510374,0.0
2024-02-17 15:00:00+00:00,19.567520005510374,0.0
2024-02-17 16:00:00+00:00,19.567520005510374,0.0
2024-02-17 17:00:00+00:00,19.567520005510374,0.0
2024-02-17 18:00:00+00:00,19.567520005510374,0.0
2024-02-17 19:00:00+00:00,19.567520005510374,0.0
2024-02-17 20:00:00+00:00,19.567520005510374,0.0
2024-02-17 21:00:00+00:00,19.567520005510374,0.0
2024-02-17 22:00:00+00:00,19.567520005510374,0.0
2024-02-17 23:00:00+00:00,19.567520005510374,0.0
2024-02-18 00:00:00+00:00,20.033303562216943,462980946.3462534
2024-02-18 01:00:00+00:00,20.033303562216943,0.0
2024-02-18 02:00:00+00:00,20.033303562216943,0.0
2024-02-18 03:00:00+00:00,20.033303562216943,0.0
2024-02-18 04:00:00+00:00,20.033303562216943,0.0
2024-02-18 05:00:00+00:00,20.033303562216943,0.0
2024-02-18 06:00:00+00:00,20.033303562216943,0.0
2024-02-18 07:00:00+00:00,20.033303562216943,0.0
2024-02-18 08:00:00+00:00,20.033303562216943,0.0
2024-02-18 09:00:00+00:00,20.033303562216943,0.0
2024-02-18 10:00:00+00:00,20.033303562216943,0.0
2024-02-18 11:00:00+00:00,20.033303562216943,0.0
2024-02-18 12:00:00+00:00,20.033303562216943,0.0
2024-02-18 13:00:00+00:00,20.033303562216943,0.0
2024-02-18 14:00:00+00:00,20.033303562216943,0.0
2024-02-18 15:00:00+00:00,20.033303562216943,0.0
2024-02-18 16:00:00+00:00,20.033303562216943,0.0
2024-02-18 17:00:00+00:00,20.033303562216943,0.0
2024-02-18 18:00:00+00:00,20.033303562216943,0.0
2024-02-18 19:00:00+00:00,20.033303562216943,0.0
2024-02-18 20:00:00+00:00,20.033303562216943,0.0
2024-02-18 21:00:00+00:00,20.033303562216943,0.0
2024-02-18 22:00:00+00:00,20.033303562216943,0.0
2024-02-18 23:00:00+00:00,20.033303562216943,0.0
2024-02-19 00:00:00+00:00,20.089965531121127,378746032.73206365
2024-02-19 01:00:00+00:00,20.089965531121127,0.0
2024-02-19 02:00:00+00:00,20.089965531121127,0.0
2024-02-19 03:00:00+00:00,20.089965531121127,0.0
2024-02-19 04:00:00+00:00,20.089965531121127,0.0
2024-02-19 05:00:00+00:00,20.089965531121127,0.0
2024-02-19 06:00:00+00:00,20.089965531121127,0.0
2024-02-19 07:00:00+00:00,20.089965531121127,0.0
2024-02-19 08:00:00+00:00,20.089965531121127,0.0
2024-02-19 09:00:00+00:00,20.089965531121127,0.0
2024-02-19 10:00:00+00:00,20.089965531121127,0.0
2024-02-19 11:00:00+00:00,20.089965531121127,0.0
2024-02-19 12:00:00+00:00,20.089965531121127,0.0
2024-02-19 13:00:00+00:00,20.089965531121127,0.0
2024-02-19 14:00:00+00:00,20.089965531121127,0.0
2024-02-19 15:00:00+00:00,20.089965531121127,0.0
2024-02-19 16:00:00+00:00,20.089965531121127,0.0
2024-02-19 17:00:00+00:00,20.089965531121127,0.0
2024-02-19 18:00:00+00:00,20.089965531121127,0.0
2024-02-19 19:00:00+00:00,20.089965531121127,0.0
2024-02-19 20:00:00+00:00,20.089965531121127,0.0
2024-02-19 21:00:00+00:00,20.089965531121127,0.0
2024-02-19 22:00:00+00:00,20.089965531121127,0.0
2024-02-19 23:00:00+00:00,20.089965531121127,0.0
2024-02-20 00:00:00+00:00,19.823360246503313,494228808.1668582
2024-02-20 01:00:00+00:00,19.823360246503313,0.0
2024-02-20 02:00:00+00:00,19.823360246503313,0.0
2024-02-20 03:00:00+00:00,19.823360246503313,0.0
2024-02-20 04:00:00+00:00,19.823360246503313,0.0
2024-02-20 05:00:00+00:00,19.823360246503313,0.0
2024-02-20 06:00:00+00:00,19.823360246503313,0.0
2024-02-20 07:00:00+00:00,19.823360246503313,0.0
2024-02-20 08:00:00+00:00,19.823360246503313,0.0
2024-02-20 09:00:00+00:00,19.823360246503313,0.0
2024-02-20 10:00:00+00:00,19.823360246503313,0.0
2024-02-20 11:00:00+00:00,19.823360246503313,0.0
2024-02-20 12:00:00+00:00,19.823360246503313,0.0
2024-02-20 13:00:00+00:00,19.823360246503313,0.0
2024-02-20 14:00:00+00:00,19.823360246503313,0.0
2024-02-20 15:00:00+00:00,19.823360246503313,0.0
2024-02-20 16:00:00+00:00,19.823360246503313,0.0
2024-02-20 17:00:00+00:00,19.823360246503313,0.0
2024-02-20 18:00:00+00:00,19.823360246503313,0.0
2024-02-20 19:00:00+00:00,19.823360246503313,0.0
2024-02-20 20:00:00+00:00,19.823360246503313,0.0
2024-02-20 21:00:00+00:00,19.823360246503313,0.0
2024-02-20 22:00:00+00:00,19.823360246503313,0.0
2024-02-20 23:00:00+00:00,19.823360246503313,0.0
2024-02-21 00:00:00+00:00,19.31653404545923,625264563.2997401
2024-02-21 01:00:00+00:00,19.31653404545923,0.0
2024-02-21 02:00:00+00:00,19.31653404545923,0.0
2024-02-21 03:00:00+00:00,19.31653404545923,0.0
2024-02-21 04:00:00+00:00,19.31653404545923,0.0
2024-02-21 05:00:00+00:00,19.31653404545923,0.0
2024-02-21 06:00:00+00:00,19.31653404545923,0.0
2024-02-21 07:00:00+00:00,19.31653404545923,0.0
2024-02-21 08:00:00+00:00,19.31653404545923,0.0
2024-02-21 09:00:00+00:00,19.31653404545923,0.0
2024-02-21 10:00:00+00:00,19.31653404545923,0.0
2024-02-21 11:00:00+00:00,19.31653404545923,0.0
2024-02-21 12:00:00+00:00,19.31653404545923,0.0
2024-02-21 13:00:00+00:00,19.31653404545923,0.0
2024-02-21 14:00:00+00:00,19.31653404545923,0.0
2024-02-21 15:00:00+00:00,19.31653404545923,0.0
2024-02-21 16:00:00+00:00,19.31653404545923,0.0
2024-02-21 17:00:00+00:00,19.31653404545923,0.0
2024-02-21 18:00:00+00:00,19.31653404545923,0.0
2024-02-21 19:00:00+00:00,19.31653404545923,0.0
2024-02-21 20:00:00+00:00,19.31653404545923,0.0
2024-02-21 21:00:00+00:00,19.31653404545923,0.0
2024-02-21 22:00:00+00:00,19.31653404545923,0.0
2024-02-21 23:00:00+00:00,19.31653404545923,0.0
2024-02-22 00:00:00+00:00,18.570553399482154,583345888.4313493
2024-02-22 01:00:00+00:00,18.570553399482154,0.0
2024-02-22 02:00:00+00:00,18.570553399482154,0.0
2024-02-22 03:00:00+00:00,18.570553399482154,0.0
2024-02-22 04:00:00+00:00,18.570553399482154,0.0
2024-02-22 05:00:00+00:00,18.570553399482154,0.0
2024-02-22 06:00:00+00:00,18.570553399482154,0.0
2024-02-22 07:00:00+00:00,18.570553399482154,0.0
2024-02-22 08:00:00+00:00,18.570553399482154,0.0
2024-02-22 09:00:00+00:00,18.570553399482154,0.0
2024-02-22 10:00:00+00:00,18.570553399482154,0.0
2024-02-22 11:00:00+00:00,18.570553399482154,0.0
2024-02-22 12:00:00+00:00,18.570553399482154,0.0
2024-02-22 13:00:00+00:00,18.570553399482154,0.0
2024-02-22 14:00:00+00:00,18.570553399482154,0.0
2024-02-22 15:00:00+00:00,18.570553399482154,0.0
2024-02-22 16:00:00+00:00,18.570553399482154,0.0
2024-02-22 17:00:00+00:00,18.570553399482154,0.0
2024-02-22 18:00:00+00:00,18.570553399482154,0.0
2024-02-22 19:00:00+00:00,18.570553399482154,0.0
2024-02-22 20:00:00+00:00,18.570553399482154,0.0
2024-02-22 21:00:00+00:00,18.570553399482154,0.0
2024-02-22 22:00:00+00:00,18.570553399482154,0.0
2024-02-22 23:00:00+00:00,18.570553399482154,0.0
2024-02-23 00:00:00+00:00,18.141922476577378,506352497.8681588
2024-02-23 01:00:00+00:00,18.141922476577378,0.0
2024-02-23 02:00:00+00:00,18.141922476577378,0.0
2024-02-23 03:00:00+00:00,18.141922476577378,0.0
2024-02-23 04:00:00+00:00,18.141922476577378,0.0
2024-02-23 05:00:00+00:00,18.141922476577378,0.0
2024-02-23 06:00:00+00:00,18.141922476577378,0.0
2024-02-23 07:00:00+00:00,18.141922476577378,0.0
2024-02-23 08:00:00+00:00,18.141922476577378,0.0
2024-02-23 09:00:00+00:00,18.141922476577378,0.0
2024-02-23 10:00:00+00:00,18.141922476577378,0.0
2024-02-23 11:00:00+00:00,18.141922476577378,0.0
2024-02-23 12:00:00+00:00,18.141922476577378,0.0
2024-02-23 13:00:00+00:00,18.141922476577378,0.0
2024-02-23 14:00:00+00:00,18.141922476577378,0.0
2024-02-23 15:00:00+00:00,18.141922476577378,0.0
2024-02-23 16:00:00+00:00,18.141922476577378,0.0
2024-02-23 17:00:00+00:00,18.141922476577378,0.0
2024-02-23 18:00:00+00:00,18.141922476577378,0.0
2024-02-23 19:00:00+00:00,18.141922476577378,0.0
2024-02-23 20:00:00+00:00,18.141922476577378,0.0
2024-02-23 21:00:00+00:00,18.141922476577378,0.0
2024-02-23 22:00:00+00:00,18.141922476577378,0.0
2024-02-23 23:00:00+00:00,18.141922476577378,0.0
2024-02-24 00:00:00+00:00,17.954818782739114,541835387.1751984
2024-02-24 01:00:00+00:00,17.954818782739114,0.0
2024-02-24 02:00:00+00:00,17.954818782739114,0.0
2024-02-24 03:00:00+00:00,17.954818782739114,0.0
2024-02-24 04:00:00+00:00,17.954818782739114,0.0
2024-02-24 05:00:00+00:00,17.954818782739114,0.0
2024-02-24 06:00:00+00:00,17.954818782739114,0.0
2024-02-24 07:00:00+00:00,17.954818782739114,0.0
2024-02-24 08:00:00+00:00,17.954818782739114,0.0
2024-02-24 09:00:00+00:00,17.954818782739114,0.0
2024-02-24 10:00:00+00:00,17.954818782739114,0.0
2024-02-24 11:00:00+00:00,17.954818782739114,0.0
2024-02-24 12:00:00+00:00,17.954818782739114,0.0
2024-02-24 13:00:00+00:00,17.954818782739114,0.0
2024-02-24 14:00:00+00:00,17.954818782739114,0.0
2024-02-24 15:00:00+00:00,17.954818782739114,0.0
2024-02-24 16:00:00+00:00,17.954818782739114,0.0
2024-02-24 17:00:00+00:00,17.954818782739114,0.0
2024-02-24 18:00:00+00:00,17.954818782739114,0.0
2024-02-24 19:00:00+00:00,17.954818782739114,0.0
2024-02-24 20:00:00+00:00,17.954818782739114,0.0
2024-02-24 21:00:00+00:00,17.954818782739114,0.0
2024-02-24 22:00:00+00:00,17.954818782739114,0.0
2024-02-24 23:00:00+00:00,17.954818782739114,0.0
2024-02-25 00:00:00+00:00,18.507156790818346,316646199.57967395
2024-02-25 01:00:00+00:00,18.507156790818346,0.0
2024-02-25 02:00:00+00:00,18.507156790818346,0.0
2024-02-25 03:00:00+00:00,18.507156790818346,0.0
2024-02-25 04:00:00+00:00,18.507156790818346,0.0
2024-02-25 05:00:00+00:00,18.507156790818346,0.0
2024-02-25 06:00:00+00:00,18.507156790818346,0.0
2024-02-25 07:00:00+00:00,18.507156790818346,0.0
2024-02-25 08:00:00+00:00,18.507156790818346,0.0
2024-02-25 09:00:00+00:00,18.507156790818346,0.0
2024-02-25 10:00:00+00:00,18.507156790818346,0.0
2024-02-25 11:00:00+00:00,18.507156790818346,0.0
2024-02-25 12:00:00+00:00,18.507156790818346,0.0
2024-02-25 13:00:00+00:00,18.507156790818346,0.0
2024-02-25 14:00:00+00:00,18.507156790818346,0.0
2024-02-25 15:00:00+00:00,18.507156790818346,0.0
2024-02-25 16:00:00+00:00,18.507156790818346,0.0
2024-02-25 17:00:00+00:00,18.507156790818346,0.0
2024-02-25 18:00:00+00:00,18.507156790818346,0.0
2024-02-25 19:00:00+00:00,18.507156790818346,0.0
2024-02-25 20:00:00+00:00,18.507156790818346,0.0
2024-02-25 21:00:00+00:00,18.507156790818346,0.0
2024-02-25 22:00:00+00:00,18.507156790818346,0.0
2024-02-25 23:00:00+00:00,18.507156790818346,0.0
2024-02-26 00:00:00+00:00,18.713454248869507,292501164.65398234
2024-02-26 01:00:00+00:00,18.713454248869507,0.0
2024-02-26 02:00:00+00:00,18.713454248869507,0.0
2024-02-26 03:00:00+00:00,18.713454248869507,0.0
2024-02-26 04:00:00+00:00,18.713454248869507,0.0
2024-02-26 05:00:00+00:00,18.713454248869507,0.0
2024-02-26 06:00:00+00:00,18.713454248869507,0.0
2024-02-26 07:00:00+00:00,18.713454248869507,0.0
2024-02-26 08:00:00+00:00,18.713454248869507,0.0
2024-02-26 09:00:00+00:00,18.713454248869507,0.0
2024-02-26 10:00:00+00:00,18.713454248869507,0.0
2024-02-26 11:00:00+00:00,18.713454248869507,0.0
2024-02-26 12:00:00+00:00,18.713454248869507,0.0
2024-02-26 13:00:00+00:00,18.713454248869507,0.0
2024-02-26 14:00:00+00:00,18.713454248869507,0.0
2024-02-26 15:00:00+00:00,18.713454248869507,0.0
2024-02-26 16:00:00+00:00,18.713454248869507,0.0
2024-02-26 17:00:00+00:00,18.713454248869507,0.0
2024-02-26 18:00:00+00:00,18.713454248869507,0.0
2024-02-26 19:00:00+00:00,18.713454248869507,0.0
2024-02-26 20:00:00+00:00,18.713454248869507,0.0
2024-02-26 21:00:00+00:00,18.713454248869507,0.0
2024-02-26 22:00:00+00:00,18.713454248869507,0.0
2024-02-26 23:00:00+00:00,18.713454248869507,0.0
2024-02-27 00:00:00+00:00,19.099422787987216,511169504.61060274
2024-02-27 01:00:00+00:00,19.099422787987216,0.0
2024-02-27 02:00:00+00:00,19.099422787987216,0.0
2024-02-27 03:00:00+00:00,19.099422787987216,0.0
2024-02-27 04:00:00+00:00,19.099422787987216,0.0
2024-02-27 05:00:00+00:00,19.099422787987216,0.0
2024-02-27 06:00:00+00:00,19.099422787987216,0.0
2024-02-27 07:00:00+00:00,19.099422787987216,0.0
2024-02-27 08:00:00+00:00,19.099422787987216,0.0
2024-02-27 09:00:00+00:00,19.099422787987216,0.0
2024-02-27 10:00:00+00:00,19.099422787987216,0.0
2024-02-27 11:00:00+00:00,19.099422787987216,0.0
2024-02-27 12:00:00+00:00,19.099422787987216,0.0
2024-02-27 13:00:00+00:00,19.099422787987216,0.0
2024-02-27 14:00:00+00:00,19.099422787987216,0.0
2024-02-27 15:00:00+00:00,19.099422787987216,0.0
2024-02-27 16:00:00+00:00,19.099422787987216,0.0
2024-02-27 17:00:00+00:00,19.099422787987216,0.0
2024-02-27 18:00:00+00:00,19.099422787987216,0.0
2024-02-27 19:00:00+00:00,19.099422787987216,0.0
2024-02-27 20:00:00+00:00,19.099422787987216,0.0
2024-02-27 21:00:00+00:00,19.099422787987216,0.0
2024-02-27 22:00:00+00:00,19.099422787987216,0.0
2024-02-27 23:00:00+00:00,19.099422787987216,0.0
2024-02-28 00:00:00+00:00,19.049365825418167,544041327.4435612
2024-02-28 01:00:00+00:00,19.049365825418167,0.0
2024-02-28 02:00:00+00:00,19.049365825418167,0.0
2024-02-28 03:00:00+00:00,19.049365825418167,0.0
2024-02-28 04:00:00+00:00,19.049365825418167,0.0
2024-02-28 05:00:00+00:00,19.049365825418167,0.0
2024-02-28 06:00:00+00:00,19.049365825418167,0.0
2024-02-28 07:00:00+00:00,19.049365825418167,0.0
2024-02-28 08:00:00+00:00,19.049365825418167,0.0
2024-02-28 09:00:00+00:00,19.049365825418167,0.0
2024-02-28 10:00:00+00:00,19.049365825418167,0.0
2024-02-28 11:00:00+00:00,19.049365825418167,0.0
2024-02-28 12:00:00+00:00,19.049365825418167,0.0
2024-02-28 13:00:00+00:00,19.049365825418167,0.0
2024-02-28 14:00:00+00:00,19.049365825418167,0.0
2024-02-28 15:00:00+00:00,19.049365825418167,0.0
2024-02-28 16:00:00+00:00,19.049365825418167,0.0
2024-02-28 17:00:00+00:00,19.049365825418167,0.0
2024-02-28 18:00:00+00:00,19.049365825418167,0.0
2024-02-28 19:00:00+00:00,19.049365825418167,0.0
2024-02-28 20:00:00+00:00,19.049365825418167,0.0
2024-02-28 21:00:00+00:00,19.049365825418167,0.0
2024-02-28 22:00:00+00:00,19.049365825418167,0.0
2024-02-28 23:00:00+00:00,19.049365825418167,0.0
2024-02-29 00:00:00+00:00,19.444220334585168,1544872833.1675844
2024-02-29 01:00:00+00:00,19.444220334585168,0.0
2024-02-29 02:00:00+00:00,19.444220334585168,0.0
2024-02-29 03:00:00+00:00,19.444220334585168,0.0
2024-02-29 04:00:00+00:00,19.444220334585168,0.0
2024-02-29 05:00:00+00:00,19.444220334585168,0.0
2024-02-29 06:00:00+00:00,19.444220334585168,0.0
2024-02-29 07:00:00+00:00,19.444220334585168,0.0
2024-02-29 08:00:00+00:00,19.444220334585168,0.0
2024-02-29 09:00:00+00:00,19.444220334585168,0.0
2024-02-29 10:00:00+00:00,19.444220334585168,0.0
2024-02-29 11:00:00+00:00,19.444220334585168,0.0
2024-02-29 12:00:00+00:00,19.444220334585168,0.0
2024-02-29 13:00:00+00:00,19.444220334585168,0.0
2024-02-29 14:00:00+00:00,19.444220334585168,0.0
2024-02-29 15:00:00+00:00,19.444220334585168,0.0
2024-02-29 16:00:00+00:00,19.444220334585168,0.0
2024-02-29 17:00:00+00:00,19.444220334585168,0.0
2024-02-29 18:00:00+00:00,19.444220334585168,0.0
2024-02-29 19:00:00+00:00,19.444220334585168,0.0
2024-02-29 20:00:00+00:00,19.444220334585168,0.0
2024-02-29 21:00:00+00:00,19.444220334585168,0.0
2024-02-29 22:00:00+00:00,19.444220334585168,0.0
2024-02-29 23:00:00+00:00,19.444220334585168,0.0
2024-03-01 00:00:00+00:00,19.28359619697373,930421789.8886082
2024-03-01 01:00:00+00:00,19.28359619697373,0.0
2024-03-01 02:00:00+00:00,19.28359619697373,0.0
2024-03-01 03:00:00+00:00,19.28359619697373,0.0
2024-03-01 04:00:00+00:00,19.28359619697373,0.0
2024-03-01 05:00:00+00:00,19.28359619697373,0.0
2024-03-01 06:00:00+00:00,19.28359619697373,0.0
2024-03-01 07:00:00+00:00,19.28359619697373,0.0
2024-03-01 08:00:00+00:00,19.28359619697373,0.0
2024-03-01 09:00:00+00:00,19.28359619697373,0.0
2024-03-01 10:00:00+00:00,19.28359619697373,0.0
2024-03-01 11:00:00+00:00,19.28359619697373,0.0
2024-03-01 12:00:00+00:00,19.28359619697373,0.0
2024-03-01 13:00:00+00:00,19.28359619697373,0.0
2024-03-01 14:00:00+00:00,19.28359619697373,0.0
2024-03-01 15:00:00+00:00,19.28359619697373,0.0
2024-03-01 16:00:00+00:00,19.28359619697373,0.0
2024-03-01 17:00:00+00:00,19.28359619697373,0.0
2024-03-01 18:00:00+00:00,19.28359619697373,0.0
2024-03-01 19:00:00+00:00,19.28359619697373,0.0
2024-03-01 20:00:00+00:00,19.28359619697373,0.0
2024-03-01 21:00:00+00:00,19.28359619697373,0.0
2024-03-01 22:00:00+00:00,19.28359619697373,0.0
2024-03-01 23:00:00+00:00,19.28359619697373,0.0
2024-03-02 00:00:00+00:00,20.036634450250386,550444614.5777574
2024-03-02 01:00:00+00:00,20.036634450250386,0.0
2024-03-02 02:00:00+00:00,20.036634450250386,0.0
2024-03-02 03:00:00+00:00,20.036634450250386,0.0
2024-03-02 04:00:00+00:00,20.036634450250386,0.0
2024-03-02 05:00:00+00:00,20.036634450250386,0.0
2024-03-02 06:00:00+00:00,20.036634450250386,0.0
2024-03-02 07:00:00+00:00,20.036634450250386,0.0
2024-03-02 08:00:00+00:00,20.036634450250386,0.0
2024-03-02 09:00:00+00:00,20.036634450250386,0.0
2024-03-02 10:00:00+00:00,20.036634450250386,0.0
2024-03-02 11:00:00+00:00,20.036634450250386,0.0
2024-03-02 12:00:00+00:00,20.036634450250386,0.0
2024-03-02 13:00:00+00:00,20.036634450250386,0.0
2024-03-02 14:00:00+00:00,20.036634450250386,0.0
2024-03-02 15:00:00+00:00,20.036634450250386,0.0
2024-03-02 16:00:00+00:00,20.036634450250386,0.0
2024-03-02 17:00:00+00:00,20.036634450250386,0.0
2024-03-02 18:00:00+00:00,20.036634450250386,0.0
2024-03-02 19:00:00+00:00,20.036634450250386,0.0
2024-03-02 20:00:00+00:00,20.036634450250386,0.0
2024-03-02 21:00:00+00:00,20.036634450250386,0.0
2024-03-02 22:00:00+00:00,20.036634450250386,0.0
2024-03-02 23:00:00+00:00,20.036634450250386,0.0
2024-03-03 00:00:00+00:00,21.42547308686706,997493880.8890884
2024-03-03 01:00:00+00:00,21.42547308686706,0.0
2024-03-03 02:00:00+00:00,21.42547308686706,0.0
2024-03-03 03:00:00+00:00,21.42547308686706,0.0
2024-03-03 04:00:00+00:00,21.42547308686706,0.0
2024-03-03 05:00:00+00:00,21.42547308686706,0.0
2024-03-03 06:00:00+00:00,21.42547308686706,0.0
2024-03-03 07:00:00+00:00,21.42547308686706,0.0
2024-03-03 08:00:00+00:00,21.42547308686706,0.0
2024-03-03 09:00:00+00:00,21.42547308686706,0.0
2024-03-03 10:00:00+00:00,21.42547308686706,0.0
2024-03-03 11:00:00+00:00,21.42547308686706,0.0
2024-03-03 12:00:00+00:00,21.42547308686706,0.0
2024-03-03 13:00:00+00:00,21.42547308686706,0.0
2024-03-03 14:00:00+00:00,21.42547308686706,0.0
2024-03-03 15:00:00+00:00,21.42547308686706,0.0
2024-03-03 16:00:00+00:00,21.42547308686706,0.0
2024-03-03 17:00:00+00:00,21.42547308686706,0.0
2024-03-03 18:00:00+00:00,21.42547308686706,0.0
2024-03-03 19:00:00+00:00,21.42547308686706,0.0
2024-03-03 20:00:00+00:00,21.42547308686706,0.0
2024-03-03 21:00:00+00:00,21.42547308686706,0.0
2024-03-03 22:00:00+00:00,21.42547308686706,0.0
2024-03-03 23:00:00+00:00,21.42547308686706,0.0
2024-03-04 00:00:00+00:00,20.49979060307113,735274312.7694503
2024-03-04 01:00:00+00:00,20.49979060307113,0.0
2024-03-04 02:00:00+00:00,20.49979060307113,0.0
2024-03-04 03:00:00+00:00,20.49979060307113,0.0
2024-03-04 04:00:00+00:00,20.49979060307113,0.0
2024-03-04 05:00:00+00:00,20.49979060307113,0.0
2024-03-04 06:00:00+00:00,20.49979060307113,0.0
2024-03-04 07:00:00+00:00,20.49979060307113,0.0
2024-03-04 08:00:00+00:00,20.49979060307113,0.0
2024-03-04 09:00:00+00:00,20.49979060307113,0.0
2024-03-04 10:00:00+00:00,20.49979060307113,0.0
2024-03-04 11:00:00+00:00,20.49979060307113,0.0
2024-03-04 12:00:00+00:00,20.49979060307113,0.0
2024-03-04 13:00:00+00:00,20.49979060307113,0.0
2024-03-04 14:00:00+00:00,20.49979060307113,0.0
2024-03-04 15:00:00+00:00,20.49979060307113,0.0
2024-03-04 16:00:00+00:00,20.49979060307113,0.0
2024-03-04 17:00:00+00:00,20.49979060307113,0.0
2024-03-04 18:00:00+00:00,20.49979060307113,0.0
2024-03-04 19:00:00+00:00,20.49979060307113,0.0
2024-03-04 20:00:00+00:00,20.49979060307113,0.0
2024-03-04 21:00:00+00:00,20.49979060307113,0.0
2024-03-04 22:00:00+00:00,20.49979060307113,0.0
2024-03-04 23:00:00+00:00,20.49979060307113,0.0
2024-03-05 00:00:00+00:00,20.48191590362948,832523816.8571295
2024-03-05 01:00:00+00:00,20.48191590362948,0.0
2024-03-05 02:00:00+00:00,20.48191590362948,0.0
2024-03-05 03:00:00+00:00,20.48191590362948,0.0
2024-03-05 04:00:00+00:00,20.48191590362948,0.0
2024-03-05 05:00:00+00:00,20.48191590362948,0.0
2024-03-05 06:00:00+00:00,20.48191590362948,0.0
2024-03-05 07:00:00+00:00,20.48191590362948,0.0
2024-03-05 08:00:00+00:00,20.48191590362948,0.0
2024-03-05 09:00:00+00:00,20.48191590362948,0.0
2024-03-05 10:00:00+00:00,20.48191590362948,0.0
2024-03-05 11:00:00+00:00,20.48191590362948,0.0
2024-03-05 12:00:00+00:00,20.48191590362948,0.0
2024-03-05 13:00:00+00:00,20.48191590362948,0.0
2024-03-05 14:00:00+00:00,20.48191590362948,0.0
2024-03-05 15:00:00+00:00,20.48191590362948,0.0
2024-03-05 16:00:00+00:00,20.48191590362948,0.0
2024-03-05 17:00:00+00:00,20.48191590362948,0.0
2024-03-05 18:00:00+00:00,20.48191590362948,0.0
2024-03-05 19:00:00+00:00,20.48191590362948,0.0
2024-03-05 20:00:00+00:00,20.48191590362948,0.0
2024-03-05 21:00:00+00:00,20.48191590362948,0.0
2024-03-05 22:00:00+00:00,20.48191590362948,0.0
2024-03-05 23:00:00+00:00,20.48191590362948,0.0
2024-03-06 00:00:00+00:00,19.044143251156903,1459142535.4523833
2024-03-06 01:00:00+00:00,19.044143251156903,0.0
2024-03-06 02:00:00+00:00,19.044143251156903,0.0
2024-03-06 03:00:00+00:00,19.044143251156903,0.0
2024-03-06 04:00:00+00:00,19.044143251156903,0.0
2024-03-06 05:00:00+00:00,19.044143251156903,0.0
2024-03-06 06:00:00+00:00,19.044143251156903,0.0
2024-03-06 07:00:00+00:00,19.044143251156903,0.0
2024-03-06 08:00:00+00:00,19.044143251156903,0.0
2024-03-06 09:00:00+00:00,19.044143251156903,0.0
2024-03-06 10:00:00+00:00,19.044143251156903,0.0
2024-03-06 11:00:00+00:00,19.044143251156903,0.0
2024-03-06 12:00:00+00:00,19.044143251156903,0.0
2024-03-06 13:00:00+00:00,19.044143251156903,0.0
2024-03-06 14:00:00+00:00,19.044143251156903,0.0
2024-03-06 15:00:00+00:00,19.044143251156903,0.0
2024-03-06 16:00:00+00:00,19.044143251156903,0.0
2024-03-06 17:00:00+00:00,19.044143251156903,0.0
2024-03-06 18:00:00+00:00,19.044143251156903,0.0
2024-03-06 19:00:00+00:00,19.044143251156903,0.0
2024-03-06 20:00:00+00:00,19.044143251156903,0.0
2024-03-06 21:00:00+00:00,19.044143251156903,0.0
2024-03-06 22:00:00+00:00,19.044143251156903,0.0
2024-03-06 23:00:00+00:00,19.044143251156903,0.0
2024-03-07 00:00:00+00:00,20.08946910763363,813430117.9759635
2024-03-07 01:00:00+00:00,20.08946910763363,0.0
2024-03-07 02:00:00+00:00,20.08946910763363,0.0
2024-03-07 03:00:00+00:00,20.08946910763363,0.0
2024-03-07 04:00:00+00:00,20.08946910763363,0.0
2024-03-07 05:00:00+00:00,20.08946910763363,0.0
2024-03-07 06:00:00+00:00,20.08946910763363,0.0
2024-03-07 07:00:00+00:00,20.08946910763363,0.0
2024-03-07 08:00:00+00:00,20.08946910763363,0.0
2024-03-07 09:00:00+00:00,20.08946910763363,0.0
2024-03-07 10:00:00+00:00,20.08946910763363,0.0
2024-03-07 11:00:00+00:00,20.08946910763363,0.0
2024-03-07 12:00:00+00:00,20.08946910763363,0.0
2024-03-07 13:00:00+00:00,20.08946910763363,0.0
2024-03-07 14:00:00+00:00,20.08946910763363,0.0
2024-03-07 15:00:00+00:00,20.08946910763363,0.0
2024-03-07 16:00:00+00:00,20.08946910763363,0.0
2024-03-07 17:00:00+00:00,20.08946910763363,0.0
2024-03-07 18:00:00+00:00,20.08946910763363,0.0
2024-03-07 19:00:00+00:00,20.08946910763363,0.0
2024-03-07 20:00:00+00:00,20.08946910763363,0.0
2024-03-07 21:00:00+00:00,20.08946910763363,0.0
2024-03-07 22:00:00+00:00,20.08946910763363,0.0
2024-03-07 23:00:00+00:00,20.08946910763363,0.0
2024-03-08 00:00:00+00:00,20.11064766672606,645920568.3722501
2024-03-08 01:00:00+00:00,20.11064766672606,0.0
2024-03-08 02:00:00+00:00,20.11064766672606,0.0
2024-03-08 03:00:00+00:00,20.11064766672606,0.0
2024-03-08 04:00:00+00:00,20.11064766672606,0.0
2024-03-08 05:00:00+00:00,20.11064766672606,0.0
2024-03-08 06:00:00+00:00,20.11064766672606,0.0
2024-03-08 07:00:00+00:00,20.11064766672606,0.0
2024-03-08 08:00:00+00:00,20.11064766672606,0.0
2024-03-08 09:00:00+00:00,20.11064766672606,0.0
2024-03-08 10:00:00+00:00,20.11064766672606,0.0
2024-03-08 11:00:00+00:00,20.11064766672606,0.0
2024-03-08 12:00:00+00:00,20.11064766672606,0.0
2024-03-08 13:00:00+00:00,20.11064766672606,0.0
2024-03-08 14:00:00+00:00,20.11064766672606,0.0
2024-03-08 15:00:00+00:00,20.11064766672606,0.0
2024-03-08 16:00:00+00:00,20.11064766672606,0.0
2024-03-08 17:00:00+00:00,20.11064766672606,0.0
2024-03-08 18:00:00+00:00,20.11064766672606,0.0
2024-03-08 19:00:00+00:00,20.11064766672606,0.0
2024-03-08 20:00:00+00:00,20.11064766672606,0.0
2024-03-08 21:00:00+00:00,20.11064766672606,0.0
2024-03-08 22:00:00+00:00,20.11064766672606,0.0
2024-03-08 23:00:00+00:00,20.11064766672606,0.0
2024-03-09 00:00:00+00:00,19.73483630159017,650873832.8070068
2024-03-09 01:00:00+00:00,19.73483630159017,0.0
2024-03-09 02:00:00+00:00,19.73483630159017,0.0
2024-03-09 03:00:00+00:00,19.73483630159017,0.0
2024-03-09 04:00:00+00:00,19.73483630159017,0.0
2024-03-09 05:00:00+00:00,19.73483630159017,0.0
2024-03-09 06:00:00+00:00,19.73483630159017,0.0
2024-03-09 07:00:00+00:00,19.73483630159017,0.0
2024-03-09 08:00:00+00:00,19.73483630159017,0.0
2024-03-09 09:00:00+00:00,19.73483630159017,0.0
2024-03-09 10:00:00+00:00,19.73483630159017,0.0
2024-03-09 11:00:00+00:00,19.73483630159017,0.0
2024-03-09 12:00:00+00:00,19.73483630159017,0.0
2024-03-09 13:00:00+00:00,19.73483630159017,0.0
2024-03-09 14:00:00+00:00,19.73483630159017,0.0
2024-03-09 15:00:00+00:00,19.73483630159017,0.0
2024-03-09 16:00:00+00:00,19.73483630159017,0.0
2024-03-09 17:00:00+00:00,19.73483630159017,0.0
2024-03-09 18:00:00+00:00,19.73483630159017,0.0
2024-03-09 19:00:00+00:00,19.73483630159017,0.0
2024-03-09 20:00:00+00:00,19.73483630159017,0.0
2024-03-09 21:00:00+00:00,19.73483630159017,0.0
2024-03-09 22:00:00+00:00,19.73483630159017,0.0
2024-03-09 23:00:00+00:00,19.73483630159017,0.0
2024-03-10 00:00:00+00:00,20.048226407493935,447825783.7434417
2024-03-10 01:00:00+00:00,20.048226407493935,0.0
2024-03-10 02:00:00+00:00,20.048226407493935,0.0
2024-03-10 03:00:00+00:00,20.048226407493935,0.0
2024-03-10 04:00:00+00:00,20.048226407493935,0.0
2024-03-10 05:00:00+00:00,20.048226407493935,0.0
2024-03-10 06:00:00+00:00,20.048226407493935,0.0
2024-03-10 07:00:00+00:00,20.048226407493935,0.0
2024-03-10 08:00:00+00:00,20.048226407493935,0.0
2024-03-10 09:00:00+00:00,20.048226407493935,0.0
2024-03-10 10:00:00+00:00,20.048226407493935,0.0
2024-03-10 11:00:00+00:00,20.048226407493935,0.0
2024-03-10 12:00:00+00:00,20.048226407493935,0.0
2024-03-10 13:00:00+00:00,20.048226407493935,0.0
2024-03-10 14:00:00+00:00,20.048226407493935,0.0
2024-03-10 15:00:00+00:00,20.048226407493935,0.0
2024-03-10 16:00:00+00:00,20.048226407493935,0.0
2024-03-10 17:00:00+00:00,20.048226407493935,0.0
2024-03-10 18:00:00+00:00,20.048226407493935,0.0
2024-03-10 19:00:00+00:00,20.048226407493935,0.0
2024-03-10 20:00:00+00:00,20.048226407493935,0.0
2024-03-10 21:00:00+00:00,20.048226407493935,0.0
2024-03-10 22:00:00+00:00,20.048226407493935,0.0
2024-03-10 23:00:00+00:00,20.048226407493935,0.0
2024-03-11 00:00:00+00:00,21.638352419584805,784874873.1847655
2024-03-11 01:00:00+00:00,21.638352419584805,0.0
2024-03-11 02:00:00+00:00,21.638352419584805,0.0
2024-03-11 03:00:00+00:00,21.638352419584805,0.0
2024-03-11 04:00:00+00:00,21.638352419584805,0.0
2024-03-11 05:00:00+00:00,21.638352419584805,0.0
2024-03-11 06:00:00+00:00,21.638352419584805,0.0
2024-03-11 07:00:00+00:00,21.638352419584805,0.0
2024-03-11 08:00:00+00:00,21.638352419584805,0.0
2024-03-11 09:00:00+00:00,21.638352419584805,0.0
2024-03-11 10:00:00+00:00,21.638352419584805,0.0
2024-03-11 11:00:00+00:00,21.638352419584805,0.0
2024-03-11 12:00:00+00:00,21.638352419584805,0.0
2024-03-11 13:00:00+00:00,21.638352419584805,0.0
2024-03-11 14:00:00+00:00,21.638352419584805,0.0
2024-03-11 15:00:00+00:00,21.638352419584805,0.0
2024-03-11 16:00:00+00:00,21.638352419584805,0.0
2024-03-11 17:00:00+00:00,21.638352419584805,0.0
2024-03-11 18:00:00+00:00,21.638352419584805,0.0
2024-03-11 19:00:00+00:00,21.638352419584805,0.0
2024-03-11 20:00:00+00:00,21.638352419584805,0.0
2024-03-11 21:00:00+00:00,21.638352419584805,0.0
2024-03-11 22:00:00+00:00,21.638352419584805,0.0
2024-03-11 23:00:00+00:00,21.638352419584805,0.0
2024-03-12 00:00:00+00:00,21.299951563934822,1479729116.1187727
2024-03-12 01:00:00+00:00,21.299951563934822,0.0
2024-03-12 02:00:00+00:00,21.299951563934822,0.0
2024-03-12 03:00:00+00:00,21.299951563934822,0.0
2024-03-12 04:00:00+00:00,21.299951563934822,0.0
2024-03-12 05:00:00+00:00,21.299951563934822,0.0
2024-03-12 06:00:00+00:00,21.299951563934822,0.0
2024-03-12 07:00:00+00:00,21.299951563934822,0.0
2024-03-12 08:00:00+00:00,21.299951563934822,0.0
2024-03-12 09:00:00+00:00,21.299951563934822,0.0
2024-03-12 10:00:00+00:00,21.299951563934822,0.0
2024-03-12 11:00:00+00:00,21.299951563934822,0.0
2024-03-12 12:00:00+00:00,21.299951563934822,0.0
2024-03-12 13:00:00+00:00,21.299951563934822,0.0
2024-03-12 14:00:00+00:00,21.299951563934822,0.0
2024-03-12 15:00:00+00:00,21.299951563934822,0.0
2024-03-12 16:00:00+00:00,21.299951563934822,0.0
2024-03-12 17:00:00+00:00,21.299951563934822,0.0
2024-03-12 18:00:00+00:00,21.299951563934822,0.0
2024-03-12 19:00:00+00:00,21.299951563934822,0.0
2024-03-12 20:00:00+00:00,21.299951563934822,0.0
2024-03-12 21:00:00+00:00,21.299951563934822,0.0
2024-03-12 22:00:00+00:00,21.299951563934822,0.0
2024-03-12 23:00:00+00:00,21.299951563934822,0.0
2024-03-13 00:00:00+00:00,20.661516583545243,1022668195.0102988
2024-03-13 01:00:00+00:00,20.661516583545243,0.0
2024-03-13 02:00:00+00:00,20.661516583545243,0.0
2024-03-13 03:00:00+00:00,20.661516583545243,0.0
2024-03-13 04:00:00+00:00,20.661516583545243,0.0
2024-03-13 05:00:00+00:00,20.661516583545243,0.0
2024-03-13 06:00:00+00:00,20.661516583545243,0.0
2024-03-13 07:00:00+00:00,20.661516583545243,0.0
2024-03-13 08:00:00+00:00,20.661516583545243,0.0
2024-03-13 09:00:00+00:00,20.661516583545243,0.0
2024-03-13 10:00:00+00:00,20.661516583545243,0.0
2024-03-13 11:00:00+00:00,20.661516583545243,0.0
2024-03-13 12:00:00+00:00,20.661516583545243,0.0
2024-03-13 13:00:00+00:00,20.661516583545243,0.0
2024-03-13 14:00:00+00:00,20.661516583545243,0.0
2024-03-13 15:00:00+00:00,20.661516583545243,0.0
2024-03-13 16:00:00+00:00,20.661516583545243,0.0
2024-03-13 17:00:00+00:00,20.661516583545243,0.0
2024-03-13 18:00:00+00:00,20.661516583545243,0.0
2024-03-13 19:00:00+00:00,20.661516583545243,0.0
2024-03-13 20:00:00+00:00,20.661516583545243,0.0
2024-03-13 21:00:00+00:00,20.661516583545243,0.0
2024-03-13 22:00:00+00:00,20.661516583545243,0.0
2024-03-13 23:00:00+00:00,20.661516583545243,0.0
2024-03-14 00:00:00+00:00,20.747272445003155,957700258.2680453
2024-03-14 01:00:00+00:00,20.747272445003155,0.0
2024-03-14 02:00:00+00:00,20.747272445003155,0.0
2024-03-14 03:00:00+00:00,20.747272445003155,0.0
2024-03-14 04:00:00+00:00,20.747272445003155,0.0
2024-03-14 05:00:00+00:00,20.747272445003155,0.0
2024-03-14 06:00:00+00:00,20.747272445003155,0.0
2024-03-14 07:00:00+00:00,20.747272445003155,0.0
2024-03-14 08:00:00+00:00,20.747272445003155,0.0
2024-03-14 09:00:00+00:00,20.747272445003155,0.0
2024-03-14 10:00:00+00:00,20.747272445003155,0.0
2024-03-14 11:00:00+00:00,20.747272445003155,0.0
2024-03-14 12:00:00+00:00,20.747272445003155,0.0
2024-03-14 13:00:00+00:00,20.747272445003155,0.0
2024-03-14 14:00:00+00:00,20.747272445003155,0.0
2024-03-14 15:00:00+00:00,20.747272445003155,0.0
2024-03-14 16:00:00+00:00,20.747272445003155,0.0
2024-03-14 17:00:00+00:00,20.747272445003155,0.0
2024-03-14 18:00:00+00:00,20.747272445003155,0.0
2024-03-14 19:00:00+00:00,20.747272445003155,0.0
2024-03-14 20:00:00+00:00,20.747272445003155,0.0
2024-03-14 21:00:00+00:00,20.747272445003155,0.0
2024-03-14 22:00:00+00:00,20.747272445003155,0.0
2024-03-14 23:00:00+00:00,20.747272445003155,0.0
2024-03-15 00:00:00+00:00,20.89479137569212,1562224087.5770614
2024-03-15 01:00:00+00:00,20.89479137569212,0.0
2024-03-15 02:00:00+00:00,20.89479137569212,0.0
2024-03-15 03:00:00+00:00,20.89479137569212,0.0
2024-03-15 04:00:00+00:00,20.89479137569212,0.0
2024-03-15 05:00:00+00:00,20.89479137569212,0.0
2024-03-15 06:00:00+00:00,20.89479137569212,0.0
2024-03-15 07:00:00+00:00,20.89479137569212,0.0
2024-03-15 08:00:00+00:00,20.89479137569212,0.0
2024-03-15 09:00:00+00:00,20.89479137569212,0.0
2024-03-15 10:00:00+00:00,20.89479137569212,0.0
2024-03-15 11:00:00+00:00,20.89479137569212,0.0
2024-03-15 12:00:00+00:00,20.89479137569212,0.0
2024-03-15 13:00:00+00:00,20.89479137569212,0.0
2024-03-15 14:00:00+00:00,20.89479137569212,0.0
2024-03-15 15:00:00+00:00,20.89479137569212,0.0
2024-03-15 16:00:00+00:00,20.89479137569212,0.0
2024-03-15 17:00:00+00:00,20.89479137569212,0.0
2024-03-15 18:00:00+00:00,20.89479137569212,0.0
2024-03-15 19:00:00+00:00,20.89479137569212,0.0
2024-03-15 20:00:00+00:00,20.89479137569212,0.0
2024-03-15 21:00:00+00:00,20.89479137569212,0.0
2024-03-15 22:00:00+00:00,20.89479137569212,0.0
2024-03-15 23:00:00+00:00,20.89479137569212,0.0
2024-03-16 00:00:00+00:00,19.586293356082557,1126677606.9652555
2024-03-16 01:00:00+00:00,19.586293356082557,0.0
2024-03-16 02:00:00+00:00,19.586293356082557,0.0
2024-03-16 03:00:00+00:00,19.586293356082557,0.0
2024-03-16 04:00:00+00:00,19.586293356082557,0.0
2024-03-16 05:00:00+00:00,19.586293356082557,0.0
2024-03-16 06:00:00+00:00,19.586293356082557,0.0
2024-03-16 07:00:00+00:00,19.586293356082557,0.0
2024-03-16 08:00:00+00:00,19.586293356082557,0.0
2024-03-16 09:00:00+00:00,19.586293356082557,0.0
2024-03-16 10:00:00+00:00,19.586293356082557,0.0
2024-03-16 11:00:00+00:00,19.586293356082557,0.0
2024-03-16 12:00:00+00:00,19.586293356082557,0.0
2024-03-16 13:00:00+00:00,19.586293356082557,0.0
2024-03-16 14:00:00+00:00,19.586293356082557,0.0
2024-03-16 15:00:00+00:00,19.586293356082557,0.0
2024-03-16 16:00:00+00:00,19.586293356082557,0.0
2024-03-16 17:00:00+00:00,19.586293356082557,0.0
2024-03-16 18:00:00+00:00,19.586293356082557,0.0
2024-03-16 19:00:00+00:00,19.586293356082557,0.0
2024-03-16 20:00:00+00:00,19.586293356082557,0.0
2024-03-16 21:00:00+00:00,19.586293356082557,0.0
2024-03-16 22:00:00+00:00,19.586293356082557,0.0
2024-03-16 23:00:00+00:00,19.586293356082557,0.0
2024-03-17 00:00:00+00:00,18.076554066787523,737132538.9032454
2024-03-17 01:00:00+00:00,18.076554066787523,0.0
2024-03-17 02:00:00+00:00,18.076554066787523,0.0
2024-03-17 03:00:00+00:00,18.076554066787523,0.0
2024-03-17 04:00:00+00:00,18.076554066787523,0.0
2024-03-17 05:00:00+00:00,18.076554066787523,0.0
2024-03-17 06:00:00+00:00,18.076554066787523,0.0
2024-03-17 07:00:00+00:00,18.076554066787523,0.0
2024-03-17 08:00:00+00:00,18.076554066787523,0.0
2024-03-17 09:00:00+00:00,18.076554066787523,0.0
2024-03-17 10:00:00+00:00,18.076554066787523,0.0
2024-03-17 11:00:00+00:00,18.076554066787523,0.0
2024-03-17 12:00:00+00:00,18.076554066787523,0.0
2024-03-17 13:00:00+00:00,18.076554066787523,0.0
2024-03-17 14:00:00+00:00,18.076554066787523,0.0
2024-03-17 15:00:00+00:00,18.076554066787523,0.0
2024-03-17 16:00:00+00:00,18.076554066787523,0.0
2024-03-17 17:00:00+00:00,18.076554066787523,0.0
2024-03-17 18:00:00+00:00,18.076554066787523,0.0
2024-03-17 19:00:00+00:00,18.076554066787523,0.0
2024-03-17 20:00:00+00:00,18.076554066787523,0.0
2024-03-17 21:00:00+00:00,18.076554066787523,0.0
2024-03-17 22:00:00+00:00,18.076554066787523,0.0
2024-03-17 23:00:00+00:00,18.076554066787523,0.0
2024-03-18 00:00:00+00:00,18.649709461562633,608520633.7295624
2024-03-18 01:00:00+00:00,18.649709461562633,0.0
2024-03-18 02:00:00+00:00,18.649709461562633,0.0
2024-03-18 03:00:00+00:00,18.649709461562633,0.0
2024-03-18 04:00:00+00:00,18.649709461562633,0.0
2024-03-18 05:00:00+00:00,18.649709461562633,0.0
2024-03-18 06:00:00+00:00,18.649709461562633,0.0
2024-03-18 07:00:00+00:00,18.649709461562633,0.0
2024-03-18 08:00:00+00:00,18.649709461562633,0.0
2024-03-18 09:00:00+00:00,18.649709461562633,0.0
2024-03-18 10:00:00+00:00,18.649709461562633,0.0
2024-03-18 11:00:00+00:00,18.649709461562633,0.0
2024-03-18 12:00:00+00:00,18.649709461562633,0.0
2024-03-18 13:00:00+00:00,18.649709461562633,0.0
2024-03-18 14:00:00+00:00,18.649709461562633,0.0
2024-03-18 15:00:00+00:00,18.649709461562633,0.0
2024-03-18 16:00:00+00:00,18.649709461562633,0.0
2024-03-18 17:00:00+00:00,18.649709461562633,0.0
2024-03-18 18:00:00+00:00,18.649709461562633,0.0
2024-03-18 19:00:00+00:00,18.649709461562633,0.0
2024-03-18 20:00:00+00:00,18.649709461562633,0.0
2024-03-18 21:00:00+00:00,18.649709461562633,0.0
2024-03-18 22:00:00+00:00,18.649709461562633,0.0
2024-03-18 23:00:00+00:00,18.649709461562633,0.0
2024-03-19 00:00:00+00:00,18.339925541295827,824388582.4097131
2024-03-19 01:00:00+00:00,18.339925541295827,0.0
2024-03-19 02:00:00+00:00,18.339925541295827,0.0
2024-03-19 03:00:00+00:00,18.339925541295827,0.0
2024-03-19 04:00:00+00:00,18.339925541295827,0.0
2024-03-19 05:00:00+00:00,18.339925541295827,0.0
2024-03-19 06:00:00+00:00,18.339925541295827,0.0
2024-03-19 07:00:00+00:00,18.339925541295827,0.0
2024-03-19 08:00:00+00:00,18.339925541295827,0.0
2024-03-19 09:00:00+00:00,18.339925541295827,0.0
2024-03-19 10:00:00+00:00,18.339925541295827,0.0
2024-03-19 11:00:00+00:00,18.339925541295827,0.0
2024-03-19 12:00:00+00:00,18.339925541295827,0.0
2024-03-19 13:00:00+00:00,18.339925541295827,0.0
2024-03-19 14:00:00+00:00,18.339925541295827,0.0
2024-03-19 15:00:00+00:00,18.339925541295827,0.0
2024-03-19 16:00:00+00:00,18.339925541295827,0.0
2024-03-19 17:00:00+00:00,18.339925541295827,0.0
2024-03-19 18:00:00+00:00,18.339925541295827,0.0
2024-03-19 19:00:00+00:00,18.339925541295827,0.0
2024-03-19 20:00:00+00:00,18.339925541295827,0.0
2024-03-19 21:00:00+00:00,18.339925541295827,0.0
2024-03-19 22:00:00+00:00,18.339925541295827,0.0
2024-03-19 23:00:00+00:00,18.339925541295827,0.0
2024-03-20 00:00:00+00:00,16.8468260641777,1088786176.9983332
2024-03-20 01:00:00+00:00,16.8468260641777,0.0
2024-03-20 02:00:00+00:00,16.8468260641777,0.0
2024-03-20 03:00:00+00:00,16.8468260641777,0.0
2024-03-20 04:00:00+00:00,16.8468260641777,0.0
2024-03-20 05:00:00+00:00,16.8468260641777,0.0
2024-03-20 06:00:00+00:00,16.8468260641777,0.0
2024-03-20 07:00:00+00:00,16.8468260641777,0.0
2024-03-20 08:00:00+00:00,16.8468260641777,0.0
2024-03-20 09:00:00+00:00,16.8468260641777,0.0
2024-03-20 10:00:00+00:00,16.8468260641777,0.0
2024-03-20 11:00:00+00:00,16.8468260641777,0.0
2024-03-20 12:00:00+00:00,16.8468260641777,0.0
2024-03-20 13:00:00+00:00,16.8468260641777,0.0
2024-03-20 14:00:00+00:00,16.8468260641777,0.0
2024-03-20 15:00:00+00:00,16.8468260641777,0.0
2024-03-20 16:00:00+00:00,16.8468260641777,0.0
2024-03-20 17:00:00+00:00,16.8468260641777,0.0
2024-03-20 18:00:00+00:00,16.8468260641777,0.0
2024-03-20 19:00:00+00:00,16.8468260641777,0.0
2024-03-20 20:00:00+00:00,16.8468260641777,0.0
2024-03-20 21:00:00+00:00,16.8468260641777,0.0
2024-03-20 22:00:00+00:00,16.8468260641777,0.0
2024-03-20 23:00:00+00:00,16.8468260641777,0.0
2024-03-21 00:00:00+00:00,18.37477932946631,955368272.2971585
2024-03-21 01:00:00+00:00,18.37477932946631,0.0
2024-03-21 02:00:00+00:00,18.37477932946631,0.0
2024-03-21 03:00:00+00:00,18.37477932946631,0.0
2024-03-21 04:00:00+00:00,18.37477932946631,0.0
2024-03-21 05:00:00+00:00,18.37477932946631,0.0
2024-03-21 06:00:00+00:00,18.37477932946631,0.0
2024-03-21 07:00:00+00:00,18.37477932946631,0.0
2024-03-21 08:00:00+00:00,18.37477932946631,0.0
2024-03-21 09:00:00+00:00,18.37477932946631,0.0
2024-03-21 10:00:00+00:00,18.37477932946631,0.0
2024-03-21 11:00:00+00:00,18.37477932946631,0.0
2024-03-21 12:00:00+00:00,18.37477932946631,0.0
2024-03-21 13:00:00+00:00,18.37477932946631,0.0
2024-03-21 14:00:00+00:00,18.37477932946631,0.0
2024-03-21 15:00:00+00:00,18.37477932946631,0.0
2024-03-21 16:00:00+00:00,18.37477932946631,0.0
2024-03-21 17:00:00+00:00,18.37477932946631,0.0
2024-03-21 18:00:00+00:00,18.37477932946631,0.0
2024-03-21 19:00:00+00:00,18.37477932946631,0.0
2024-03-21 20:00:00+00:00,18.37477932946631,0.0
2024-03-21 21:00:00+00:00,18.37477932946631,0.0
2024-03-21 22:00:00+00:00,18.37477932946631,0.0
2024-03-21 23:00:00+00:00,18.37477932946631,0.0
2024-03-22 00:00:00+00:00,18.432309791469702,643478662.0410492
2024-03-22 01:00:00+00:00,18.432309791469702,0.0
2024-03-22 02:00:00+00:00,18.432309791469702,0.0
2024-03-22 03:00:00+00:00,18.432309791469702,0.0
2024-03-22 04:00:00+00:00,18.432309791469702,0.0
2024-03-22 05:00:00+00:00,18.432309791469702,0.0
2024-03-22 06:00:00+00:00,18.432309791469702,0.0
2024-03-22 07:00:00+00:00,18.432309791469702,0.0
2024-03-22 08:00:00+00:00,18.432309791469702,0.0
2024-03-22 09:00:00+00:00,18.432309791469702,0.0
2024-03-22 10:00:00+00:00,18.432309791469702,0.0
2024-03-22 11:00:00+00:00,18.432309791469702,0.0
2024-03-22 12:00:00+00:00,18.432309791469702,0.0
2024-03-22 13:00:00+00:00,18.432309791469702,0.0
2024-03-22 14:00:00+00:00,18.432309791469702,0.0
2024-03-22 15:00:00+00:00,18.432309791469702,0.0
2024-03-22 16:00:00+00:00,18.432309791469702,0.0
2024-03-22 17:00:00+00:00,18.432309791469702,0.0
2024-03-22 18:00:00+00:00,18.432309791469702,0.0
2024-03-22 19:00:00+00:00,18.432309791469702,0.0
2024-03-22 20:00:00+00:00,18.432309791469702,0.0
2024-03-22 21:00:00+00:00,18.432309791469702,0.0
2024-03-22 22:00:00+00:00,18.432309791469702,0.0
2024-03-22 23:00:00+00:00,18.432309791469702,0.0
2024-03-23 00:00:00+00:00,18.22980014343041,561714359.5034524
2024-03-23 01:00:00+00:00,18.22980014343041,0.0
2024-03-23 02:00:00+00:00,18.22980014343041,0.0
2024-03-23 03:00:00+00:00,18.22980014343041,0.0
2024-03-23 04:00:00+00:00,18.22980014343041,0.0
2024-03-23 05:00:00+00:00,18.22980014343041,0.0
2024-03-23 06:00:00+00:00,18.22980014343041,0.0
2024-03-23 07:00:00+00:00,18.22980014343041,0.0
2024-03-23 08:00:00+00:00,18.22980014343041,0.0
2024-03-23 09:00:00+00:00,18.22980014343041,0.0
2024-03-23 10:00:00+00:00,18.22980014343041,0.0
2024-03-23 11:00:00+00:00,18.22980014343041,0.0
2024-03-23 12:00:00+00:00,18.22980014343041,0.0
2024-03-23 13:00:00+00:00,18.22980014343041,0.0
2024-03-23 14:00:00+00:00,18.22980014343041,0.0
2024-03-23 15:00:00+00:00,18.22980014343041,0.0
2024-03-23 16:00:00+00:00,18.22980014343041,0.0
2024-03-23 17:00:00+00:00,18.22980014343041,0.0
2024-03-23 18:00:00+00:00,18.22980014343041,0.0
2024-03-23 19:00:00+00:00,18.22980014343041,0.0
2024-03-23 20:00:00+00:00,18.22980014343041,0.0
2024-03-23 21:00:00+00:00,18.22980014343041,0.0
2024-03-23 22:00:00+00:00,18.22980014343041,0.0
2024-03-23 23:00:00+00:00,18.22980014343041,0.0
2024-03-24 00:00:00+00:00,18.117452492655403,355950230.34877056
2024-03-24 01:00:00+00:00,18.117452492655403,0.0
2024-03-24 02:00:00+00:00,18.117452492655403,0.0
2024-03-24 03:00:00+00:00,18.117452492655403,0.0
2024-03-24 04:00:00+00:00,18.117452492655403,0.0
2024-03-24 05:00:00+00:00,18.117452492655403,0.0
2024-03-24 06:00:00+00:00,18.117452492655403,0.0
2024-03-24 07:00:00+00:00,18.117452492655403,0.0
2024-03-24 08:00:00+00:00,18.117452492655403,0.0
2024-03-24 09:00:00+00:00,18.117452492655403,0.0
2024-03-24 10:00:00+00:00,18.117452492655403,0.0
2024-03-24 11:00:00+00:00,18.117452492655403,0.0
2024-03-24 12:00:00+00:00,18.117452492655403,0.0
2024-03-24 13:00:00+00:00,18.117452492655403,0.0
2024-03-24 14:00:00+00:00,18.117452492655403,0.0
2024-03-24 15:00:00+00:00,18.117452492655403,0.0
2024-03-24 16:00:00+00:00,18.117452492655403,0.0
2024-03-24 17:00:00+00:00,18.117452492655403,0.0
2024-03-24 18:00:00+00:00,18.117452492655403,0.0
2024-03-24 19:00:00+00:00,18.117452492655403,0.0
2024-03-24 20:00:00+00:00,18.117452492655403,0.0
2024-03-24 21:00:00+00:00,18.117452492655403,0.0
2024-03-24 22:00:00+00:00,18.117452492655403,0.0
2024-03-24 23:00:00+00:00,18.117452492655403,0.0
2024-03-25 00:00:00+00:00,18.54589013067934,301260259.4645859
2024-03-25 01:00:00+00:00,18.54589013067934,0.0
2024-03-25 02:00:00+00:00,18.54589013067934,0.0
2024-03-25 03:00:00+00:00,18.54589013067934,0.0
2024-03-25 04:00:00+00:00,18.54589013067934,0.0
2024-03-25 05:00:00+00:00,18.54589013067934,0.0
2024-03-25 06:00:00+00:00,18.54589013067934,0.0
2024-03-25 07:00:00+00:00,18.54589013067934,0.0
2024-03-25 08:00:00+00:00,18.54589013067934,0.0
2024-03-25 09:00:00+00:00,18.54589013067934,0.0
2024-03-25 10:00:00+00:00,18.54589013067934,0.0
2024-03-25 11:00:00+00:00,18.54589013067934,0.0
2024-03-25 12:00:00+00:00,18.54589013067934,0.0
2024-03-25 13:00:00+00:00,18.54589013067934,0.0
2024-03-25 14:00:00+00:00,18.54589013067934,0.0
2024-03-25 15:00:00+00:00,18.54589013067934,0.0
2024-03-25 16:00:00+00:00,18.54589013067934,0.0
2024-03-25 17:00:00+00:00,18.54589013067934,0.0
2024-03-25 18:00:00+00:00,18.54589013067934,0.0
2024-03-25 19:00:00+00:00,18.54589013067934,0.0
2024-03-25 20:00:00+00:00,18.54589013067934,0.0
2024-03-25 21:00:00+00:00,18.54589013067934,0.0
2024-03-25 22:00:00+00:00,18.54589013067934,0.0
2024-03-25 23:00:00+00:00,18.54589013067934,0.0
2024-03-26 00:00:00+00:00,19.34950531790353,514306491.6590192
2024-03-26 01:00:00+00:00,19.34950531790353,0.0
2024-03-26 02:00:00+00:00,19.34950531790353,0.0
2024-03-26 03:00:00+00:00,19.34950531790353,0.0
2024-03-26 04:00:00+00:00,19.34950531790353,0.0
2024-03-26 05:00:00+00:00,19.34950531790353,0.0
2024-03-26 06:00:00+00:00,19.34950531790353,0.0
2024-03-26 07:00:00+00:00,19.34950531790353,0.0
2024-03-26 08:00:00+00:00,19.34950531790353,0.0
2024-03-26 09:00:00+00:00,19.34950531790353,0.0
2024-03-26 10:00:00+00:00,19.34950531790353,0.0
2024-03-26 11:00:00+00:00,19.34950531790353,0.0
2024-03-26 12:00:00+00:00,19.34950531790353,0.0
2024-03-26 13:00:00+00:00,19.34950531790353,0.0
2024-03-26 14:00:00+00:00,19.34950531790353,0.0
2024-03-26 15:00:00+00:00,19.34950531790353,0.0
2024-03-26 16:00:00+00:00,19.34950531790353,0.0
2024-03-26 17:00:00+00:00,19.34950531790353,0.0
2024-03-26 18:00:00+00:00,19.34950531790353,0.0
2024-03-26 19:00:00+00:00,19.34950531790353,0.0
2024-03-26 20:00:00+00:00,19.34950531790353,0.0
2024-03-26 21:00:00+00:00,19.34950531790353,0.0
2024-03-26 22:00:00+00:00,19.34950531790353,0.0
2024-03-26 23:00:00+00:00,19.34950531790353,0.0
2024-03-27 00:00:00+00:00,20.03646167949438,642475822.9620428
2024-03-27 01:00:00+00:00,20.03646167949438,0.0
2024-03-27 02:00:00+00:00,20.03646167949438,0.0
2024-03-27 03:00:00+00:00,20.03646167949438,0.0
2024-03-27 04:00:00+00:00,20.03646167949438,0.0
2024-03-27 05:00:00+00:00,20.03646167949438,0.0
2024-03-27 06:00:00+00:00,20.03646167949438,0.0
2024-03-27 07:00:00+00:00,20.03646167949438,0.0
2024-03-27 08:00:00+00:00,20.03646167949438,0.0
2024-03-27 09:00:00+00:00,20.03646167949438,0.0
2024-03-27 10:00:00+00:00,20.03646167949438,0.0
2024-03-27 11:00:00+00:00,20.03646167949438,0.0
2024-03-27 12:00:00+00:00,20.03646167949438,0.0
2024-03-27 13:00:00+00:00,20.03646167949438,0.0
2024-03-27 14:00:00+00:00,20.03646167949438,0.0
2024-03-27 15:00:00+00:00,20.03646167949438,0.0
2024-03-27 16:00:00+00:00,20.03646167949438,0.0
2024-03-27 17:00:00+00:00,20.03646167949438,0.0
2024-03-27 18:00:00+00:00,20.03646167949438,0.0
2024-03-27 19:00:00+00:00,20.03646167949438,0.0
2024-03-27 20:00:00+00:00,20.03646167949438,0.0
2024-03-27 21:00:00+00:00,20.03646167949438,0.0
2024-03-27 22:00:00+00:00,20.03646167949438,0.0
2024-03-27 23:00:00+00:00,20.03646167949438,0.0
2024-03-28 00:00:00+00:00,19.33090160316348,576007618.6899
2024-03-28 01:00:00+00:00,19.33090160316348,0.0
2024-03-28 02:00:00+00:00,19.33090160316348,0.0
2024-03-28 03:00:00+00:00,19.33090160316348,0.0
2024-03-28 04:00:00+00:00,19.33090160316348,0.0
2024-03-28 05:00:00+00:00,19.33090160316348,0.0
2024-03-28 06:00:00+00:00,19.33090160316348,0.0
2024-03-28 07:00:00+00:00,19.33090160316348,0.0
2024-03-28 08:00:00+00:00,19.33090160316348,0.0
2024-03-28 09:00:00+00:00,19.33090160316348,0.0
2024-03-28 10:00:00+00:00,19.33090160316348,0.0
2024-03-28 11:00:00+00:00,19.33090160316348,0.0
2024-03-28 12:00:00+00:00,19.33090160316348,0.0
2024-03-28 13:00:00+00:00,19.33090160316348,0.0
2024-03-28 14:00:00+00:00,19.33090160316348,0.0
2024-03-28 15:00:00+00:00,19.33090160316348,0.0
2024-03-28 16:00:00+00:00,19.33090160316348,0.0
2024-03-28 17:00:00+00:00,19.33090160316348,0.0
2024-03-28 18:00:00+00:00,19.33090160316348,0.0
2024-03-28 19:00:00+00:00,19.33090160316348,0.0
2024-03-28 20:00:00+00:00,19.33090160316348,0.0
2024-03-28 21:00:00+00:00,19.33090160316348,0.0
2024-03-28 22:00:00+00:00,19.33090160316348,0.0
2024-03-28 23:00:00+00:00,19.33090160316348,0.0
2024-03-29 00:00:00+00:00,19.163184239724295,423996145.59387773
2024-03-29 01:00:00+00:00,19.163184239724295,0.0
2024-03-29 02:00:00+00:00,19.163184239724295,0.0
2024-03-29 03:00:00+00:00,19.163184239724295,0.0
2024-03-29 04:00:00+00:00,19.163184239724295,0.0
2024-03-29 05:00:00+00:00,19.163184239724295,0.0
2024-03-29 06:00:00+00:00,19.163184239724295,0.0
2024-03-29 07:00:00+00:00,19.163184239724295,0.0
2024-03-29 08:00:00+00:00,19.163184239724295,0.0
2024-03-29 09:00:00+00:00,19.163184239724295,0.0
2024-03-29 10:00:00+00:00,19.163184239724295,0.0
2024-03-29 11:00:00+00:00,19.163184239724295,0.0
2024-03-29 12:00:00+00:00,19.163184239724295,0.0
2024-03-29 13:00:00+00:00,19.163184239724295,0.0
2024-03-29 14:00:00+00:00,19.163184239724295,0.0
2024-03-29 15:00:00+00:00,19.163184239724295,0.0
2024-03-29 16:00:00+00:00,19.163184239724295,0.0
2024-03-29 17:00:00+00:00,19.163184239724295,0.0
2024-03-29 18:00:00+00:00,19.163184239724295,0.0
2024-03-29 19:00:00+00:00,19.163184239724295,0.0
2024-03-29 20:00:00+00:00,19.163184239724295,0.0
2024-03-29 21:00:00+00:00,19.163184239724295,0.0
2024-03-29 22:00:00+00:00,19.163184239724295,0.0
2024-03-29 23:00:00+00:00,19.163184239724295,0.0
2024-03-30 00:00:00+00:00,18.999211473718564,355730358.8095722
2024-03-30 01:00:00+00:00,18.999211473718564,0.0
2024-03-30 02:00:00+00:00,18.999211473718564,0.0
2024-03-30 03:00:00+00:00,18.999211473718564,0.0
2024-03-30 04:00:00+00:00,18.999211473718564,0.0
2024-03-30 05:00:00+00:00,18.999211473718564,0.0
2024-03-30 06:00:00+00:00,18.999211473718564,0.0
2024-03-30 07:00:00+00:00,18.999211473718564,0.0
2024-03-30 08:00:00+00:00,18.999211473718564,0.0
2024-03-30 09:00:00+00:00,18.999211473718564,0.0
2024-03-30 10:00:00+00:00,18.999211473718564,0.0
2024-03-30 11:00:00+00:00,18.999211473718564,0.0
2024-03-30 12:00:00+00:00,18.999211473718564,0.0
2024-03-30 13:00:00+00:00,18.999211473718564,0.0
2024-03-30 14:00:00+00:00,18.999211473718564,0.0
2024-03-30 15:00:00+00:00,18.999211473718564,0.0
2024-03-30 16:00:00+00:00,18.999211473718564,0.0
2024-03-30 17:00:00+00:00,18.999211473718564,0.0
2024-03-30 18:00:00+00:00,18.999211473718564,0.0
2024-03-30 19:00:00+00:00,18.999211473718564,0.0
2024-03-30 20:00:00+00:00,18.999211473718564,0.0
2024-03-30 21:00:00+00:00,18.999211473718564,0.0
2024-03-30 22:00:00+00:00,18.999211473718564,0.0
2024-03-30 23:00:00+00:00,18.999211473718564,0.0
2024-03-31 00:00:00+00:00,18.949311063029523,335490516.79979676
2024-03-31 01:00:00+00:00,18.949311063029523,0.0
2024-03-31 02:00:00+00:00,18.949311063029523,0.0
2024-03-31 03:00:00+00:00,18.949311063029523,0.0
2024-03-31 04:00:00+00:00,18.949311063029523,0.0
2024-03-31 05:00:00+00:00,18.949311063029523,0.0
2024-03-31 06:00:00+00:00,18.949311063029523,0.0
2024-03-31 07:00:00+00:00,18.949311063029523,0.0
2024-03-31 08:00:00+00:00,18.949311063029523,0.0
2024-03-31 09:00:00+00:00,18.949311063029523,0.0
2024-03-31 10:00:00+00:00,18.949311063029523,0.0
2024-03-31 11:00:00+00:00,18.949311063029523,0.0
2024-03-31 12:00:00+00:00,18.949311063029523,0.0
2024-03-31 13:00:00+00:00,18.949311063029523,0.0
2024-03-31 14:00:00+00:00,18.949311063029523,0.0
2024-03-31 15:00:00+00:00,18.949311063029523,0.0
2024-03-31 16:00:00+00:00,18.949311063029523,0.0
2024-03-31 17:00:00+00:00,18.949311063029523,0.0
2024-03-31 18:00:00+00:00,18.949311063029523,0.0
2024-03-31 19:00:00+00:00,18.949311063029523,0.0
2024-03-31 20:00:00+00:00,18.949311063029523,0.0
2024-03-31 21:00:00+00:00,18.949311063029523,0.0
2024-03-31 22:00:00+00:00,18.949311063029523,0.0
2024-03-31 23:00:00+00:00,18.949311063029523,0.0
2024-04-01 00:00:00+00:00,19.109622132505358,317673255.67717546
2024-04-01 01:00:00+00:00,19.109622132505358,0.0
2024-04-01 02:00:00+00:00,19.109622132505358,0.0
2024-04-01 03:00:00+00:00,19.109622132505358,0.0
2024-04-01 04:00:00+00:00,19.109622132505358,0.0
2024-04-01 05:00:00+00:00,19.109622132505358,0.0
2024-04-01 06:00:00+00:00,19.109622132505358,0.0
2024-04-01 07:00:00+00:00,19.109622132505358,0.0
2024-04-01 08:00:00+00:00,19.109622132505358,0.0
2024-04-01 09:00:00+00:00,19.109622132505358,0.0
2024-04-01 10:00:00+00:00,19.109622132505358,0.0
2024-04-01 11:00:00+00:00,19.109622132505358,0.0
2024-04-01 12:00:00+00:00,19.109622132505358,0.0
2024-04-01 13:00:00+00:00,19.109622132505358,0.0
2024-04-01 14:00:00+00:00,19.109622132505358,0.0
2024-04-01 15:00:00+00:00,19.109622132505358,0.0
2024-04-01 16:00:00+00:00,19.109622132505358,0.0
2024-04-01 17:00:00+00:00,19.109622132505358,0.0
2024-04-01 18:00:00+00:00,19.109622132505358,0.0
2024-04-01 19:00:00+00:00,19.109622132505358,0.0
2024-04-01 20:00:00+00:00,19.109622132505358,0.0
2024-04-01 21:00:00+00:00,19.109622132505358,0.0
2024-04-01 22:00:00+00:00,19.109622132505358,0.0
2024-04-01 23:00:00+00:00,19.109622132505358,0.0
2024-04-02 00:00:00+00:00,18.394197855785833,477437857.80535215
2024-04-02 01:00:00+00:00,18.394197855785833,0.0
2024-04-02 02:00:00+00:00,18.394197855785833,0.0
2024-04-02 03:00:00+00:00,18.394197855785833,0.0
2024-04-02 04:00:00+00:00,18.394197855785833,0.0
2024-04-02 05:00:00+00:00,18.394197855785833,0.0
2024-04-02 06:00:00+00:00,18.394197855785833,0.0
2024-04-02 07:00:00+00:00,18.394197855785833,0.0
2024-04-02 08:00:00+00:00,18.394197855785833,0.0
2024-04-02 09:00:00+00:00,18.394197855785833,0.0
2024-04-02 10:00:00+00:00,18.394197855785833,0.0
2024-04-02 11:00:00+00:00,18.394197855785833,0.0
2024-04-02 12:00:00+00:00,18.394197855785833,0.0
2024-04-02 13:00:00+00:00,18.394197855785833,0.0
2024-04-02 14:00:00+00:00,18.394197855785833,0.0
2024-04-02 15:00:00+00:00,18.394197855785833,0.0
2024-04-02 16:00:00+00:00,18.394197855785833,0.0
2024-04-02 17:00:00+00:00,18.394197855785833,0.0
2024-04-02 18:00:00+00:00,18.394197855785833,0.0
2024-04-02 19:00:00+00:00,18.394197855785833,0.0
2024-04-02 20:00:00+00:00,18.394197855785833,0.0
2024-04-02 21:00:00+00:00,18.394197855785833,0.0
2024-04-02 22:00:00+00:00,18.394197855785833,0.0
2024-04-02 23:00:00+00:00,18.394197855785833,0.0
2024-04-03 00:00:00+00:00,17.977025121122672,777495245.3434345
2024-04-03 01:00:00+00:00,17.977025121122672,0.0
2024-04-03 02:00:00+00:00,17.977025121122672,0.0
2024-04-03 03:00:00+00:00,17.977025121122672,0.0
2024-04-03 04:00:00+00:00,17.977025121122672,0.0
2024-04-03 05:00:00+00:00,17.977025121122672,0.0
2024-04-03 06:00:00+00:00,17.977025121122672,0.0
2024-04-03 07:00:00+00:00,17.977025121122672,0.0
2024-04-03 08:00:00+00:00,17.977025121122672,0.0
2024-04-03 09:00:00+00:00,17.977025121122672,0.0
2024-04-03 10:00:00+00:00,17.977025121122672,0.0
2024-04-03 11:00:00+00:00,17.977025121122672,0.0
2024-04-03 12:00:00+00:00,17.977025121122672,0.0
2024-04-03 13:00:00+00:00,17.977025121122672,0.0
2024-04-03 14:00:00+00:00,17.977025121122672,0.0
2024-04-03 15:00:00+00:00,17.977025121122672,0.0
2024-04-03 16:00:00+00:00,17.977025121122672,0.0
2024-04-03 17:00:00+00:00,17.977025121122672,0.0
2024-04-03 18:00:00+00:00,17.977025121122672,0.0
2024-04-03 19:00:00+00:00,17.977025121122672,0.0
2024-04-03 20:00:00+00:00,17.977025121122672,0.0
2024-04-03 21:00:00+00:00,17.977025121122672,0.0
2024-04-03 22:00:00+00:00,17.977025121122672,0.0
2024-04-03 23:00:00+00:00,17.977025121122672,0.0
2024-04-04 00:00:00+00:00,17.724945246324673,463227227.7183074
2024-04-04 01:00:00+00:00,17.724945246324673,0.0
2024-04-04 02:00:00+00:00,17.724945246324673,0.0
2024-04-04 03:00:00+00:00,17.724945246324673,0.0
2024-04-04 04:00:00+00:00,17.724945246324673,0.0
2024-04-04 05:00:00+00:00,17.724945246324673,0.0
2024-04-04 06:00:00+00:00,17.724945246324673,0.0
2024-04-04 07:00:00+00:00,17.724945246324673,0.0
2024-04-04 08:00:00+00:00,17.724945246324673,0.0
2024-04-04 09:00:00+00:00,17.724945246324673,0.0
2024-04-04 10:00:00+00:00,17.724945246324673,0.0
2024-04-04 11:00:00+00:00,17.724945246324673,0.0
2024-04-04 12:00:00+00:00,17.724945246324673,0.0
2024-04-04 13:00:00+00:00,17.724945246324673,0.0
2024-04-04 14:00:00+00:00,17.724945246324673,0.0
2024-04-04 15:00:00+00:00,17.724945246324673,0.0
2024-04-04 16:00:00+00:00,17.724945246324673,0.0
2024-04-04 17:00:00+00:00,17.724945246324673,0.0
2024-04-04 18:00:00+00:00,17.724945246324673,0.0
2024-04-04 19:00:00+00:00,17.724945246324673,0.0
2024-04-04 20:00:00+00:00,17.724945246324673,0.0
2024-04-04 21:00:00+00:00,17.724945246324673,0.0
2024-04-04 22:00:00+00:00,17.724945246324673,0.0
2024-04-04 23:00:00+00:00,17.724945246324673,0.0
2024-04-05 00:00:00+00:00,17.789712443938363,418921241.78894377
2024-04-05 01:00:00+00:00,17.789712443938363,0.0
2024-04-05 02:00:00+00:00,17.789712443938363,0.0
2024-04-05 03:00:00+00:00,17.789712443938363,0.0
2024-04-05 04:00:00+00:00,17.789712443938363,0.0
2024-04-05 05:00:00+00:00,17.789712443938363,0.0
2024-04-05 06:00:00+00:00,17.789712443938363,0.0
2024-04-05 07:00:00+00:00,17.789712443938363,0.0
2024-04-05 08:00:00+00:00,17.789712443938363,0.0
2024-04-05 09:00:00+00:00,17.789712443938363,0.0
2024-04-05 10:00:00+00:00,17.789712443938363,0.0
2024-04-05 11:00:00+00:00,17.789712443938363,0.0
2024-04-05 12:00:00+00:00,17.789712443938363,0.0
2024-04-05 13:00:00+00:00,17.789712443938363,0.0
2024-04-05 14:00:00+00:00,17.789712443938363,0.0
2024-04-05 15:00:00+00:00,17.789712443938363,0.0
2024-04-05 16:00:00+00:00,17.789712443938363,0.0
2024-04-05 17:00:00+00:00,17.789712443938363,0.0
2024-04-05 18:00:00+00:00,17.789712443938363,0.0
2024-04-05 19:00:00+00:00,17.789712443938363,0.0
2024-04-05 20:00:00+00:00,17.789712443938363,0.0
2024-04-05 21:00:00+00:00,17.789712443938363,0.0
2024-04-05 22:00:00+00:00,17.789712443938363,0.0
2024-04-05 23:00:00+00:00,17.789712443938363,0.0
2024-04-06 00:00:00+00:00,17.341737529155093,411345714.7578144
2024-04-06 01:00:00+00:00,17.341737529155093,0.0
2024-04-06 02:00:00+00:00,17.341737529155093,0.0
2024-04-06 03:00:00+00:00,17.341737529155093,0.0
2024-04-06 04:00:00+00:00,17.341737529155093,0.0
2024-04-06 05:00:00+00:00,17.341737529155093,0.0
2024-04-06 06:00:00+00:00,17.341737529155093,0.0
2024-04-06 07:00:00+00:00,17.341737529155093,0.0
2024-04-06 08:00:00+00:00,17.341737529155093,0.0
2024-04-06 09:00:00+00:00,17.341737529155093,0.0
2024-04-06 10:00:00+00:00,17.341737529155093,0.0
2024-04-06 11:00:00+00:00,17.341737529155093,0.0
2024-04-06 12:00:00+00:00,17.341737529155093,0.0
2024-04-06 13:00:00+00:00,17.341737529155093,0.0
2024-04-06 14:00:00+00:00,17.341737529155093,0.0
2024-04-06 15:00:00+00:00,17.341737529155093,0.0
2024-04-06 16:00:00+00:00,17.341737529155093,0.0
2024-04-06 17:00:00+00:00,17.341737529155093,0.0
2024-04-06 18:00:00+00:00,17.341737529155093,0.0
2024-04-06 19:00:00+00:00,17.341737529155093,0.0
2024-04-06 20:00:00+00:00,17.341737529155093,0.0
2024-04-06 21:00:00+00:00,17.341737529155093,0.0
2024-04-06 22:00:00+00:00,17.341737529155093,0.0
2024-04-06 23:00:00+00:00,17.341737529155093,0.0
2024-04-07 00:00:00+00:00,17.563363273082796,238296331.2139009
2024-04-07 01:00:00+00:00,17.563363273082796,0.0
2024-04-07 02:00:00+00:00,17.563363273082796,0.0
2024-04-07 03:00:00+00:00,17.563363273082796,0.0
2024-04-07 04:00:00+00:00,17.563363273082796,0.0
2024-04-07 05:00:00+00:00,17.563363273082796,0.0
2024-04-07 06:00:00+00:00,17.563363273082796,0.0
2024-04-07 07:00:00+00:00,17.563363273082796,0.0
2024-04-07 08:00:00+00:00,17.563363273082796,0.0
2024-04-07 09:00:00+00:00,17.563363273082796,0.0
2024-04-07 10:00:00+00:00,17.563363273082796,0.0
2024-04-07 11:00:00+00:00,17.563363273082796,0.0
2024-04-07 12:00:00+00:00,17.563363273082796,0.0
2024-04-07 13:00:00+00:00,17.563363273082796,0.0
2024-04-07 14:00:00+00:00,17.563363273082796,0.0
2024-04-07 15:00:00+00:00,17.563363273082796,0.0
2024-04-07 16:00:00+00:00,17.563363273082796,0.0
2024-04-07 17:00:00+00:00,17.563363273082796,0.0
2024-04-07 18:00:00+00:00,17.563363273082796,0.0
2024-04-07 19:00:00+00:00,17.563363273082796,0.0
2024-04-07 20:00:00+00:00,17.563363273082796,0.0
2024-04-07 21:00:00+00:00,17.563363273082796,0.0
2024-04-07 22:00:00+00:00,17.563363273082796,0.0
2024-04-07 23:00:00+00:00,17.563363273082796,0.0
2024-04-08 00:00:00+00:00,17.918116292711908,263300442.3179963
2024-04-08 01:00:00+00:00,17.918116292711908,0.0
2024-04-08 02:00:00+00:00,17.918116292711908,0.0
2024-04-08 03:00:00+00:00,17.918116292711908,0.0
2024-04-08 04:00:00+00:00,17.918116292711908,0.0
2024-04-08 05:00:00+00:00,17.918116292711908,0.0
2024-04-08 06:00:00+00:00,17.918116292711908,0.0
2024-04-08 07:00:00+00:00,17.918116292711908,0.0
2024-04-08 08:00:00+00:00,17.918116292711908,0.0
2024-04-08 09:00:00+00:00,17.918116292711908,0.0
2024-04-08 10:00:00+00:00,17.918116292711908,0.0
2024-04-08 11:00:00+00:00,17.918116292711908,0.0
2024-04-08 12:00:00+00:00,17.918116292711908,0.0
2024-04-08 13:00:00+00:00,17.918116292711908,0.0
2024-04-08 14:00:00+00:00,17.918116292711908,0.0
2024-04-08 15:00:00+00:00,17.918116292711908,0.0
2024-04-08 16:00:00+00:00,17.918116292711908,0.0
2024-04-08 17:00:00+00:00,17.918116292711908,0.0
2024-04-08 18:00:00+00:00,17.918116292711908,0.0
2024-04-08 19:00:00+00:00,17.918116292711908,0.0
2024-04-08 20:00:00+00:00,17.918116292711908,0.0
2024-04-08 21:00:00+00:00,17.918116292711908,0.0
2024-04-08 22:00:00+00:00,17.918116292711908,0.0
2024-04-08 23:00:00+00:00,17.918116292711908,0.0
2024-04-09 00:00:00+00:00,18.09391316503028,477762723.46950454
2024-04-09 01:00:00+00:00,18.09391316503028,0.0
2024-04-09 02:00:00+00:00,18.09391316503028,0.0
2024-04-09 03:00:00+00:00,18.09391316503028,0.0
2024-04-09 04:00:00+00:00,18.09391316503028,0.0
2024-04-09 05:00:00+00:00,18.09391316503028,0.0
2024-04-09 06:00:00+00:00,18.09391316503028,0.0
2024-04-09 07:00:00+00:00,18.09391316503028,0.0
2024-04-09 08:00:00+00:00,18.09391316503028,0.0
2024-04-09 09:00:00+00:00,18.09391316503028,0.0
2024-04-09 10:00:00+00:00,18.09391316503028,0.0
2024-04-09 11:00:00+00:00,18.09391316503028,0.0
2024-04-09 12:00:00+00:00,18.09391316503028,0.0
2024-04-09 13:00:00+00:00,18.09391316503028,0.0
2024-04-09 14:00:00+00:00,18.09391316503028,0.0
2024-04-09 15:00:00+00:00,18.09391316503028,0.0
2024-04-09 16:00:00+00:00,18.09391316503028,0.0
2024-04-09 17:00:00+00:00,18.09391316503028,0.0
2024-04-09 18:00:00+00:00,18.09391316503028,0.0
2024-04-09 19:00:00+00:00,18.09391316503028,0.0
2024-04-09 20:00:00+00:00,18.09391316503028,0.0
2024-04-09 21:00:00+00:00,18.09391316503028,0.0
2024-04-09 22:00:00+00:00,18.09391316503028,0.0
2024-04-09 23:00:00+00:00,18.09391316503028,0.0
2024-04-10 00:00:00+00:00,17.361184577766736,421171624.6544969
2024-04-10 01:00:00+00:00,17.361184577766736,0.0
2024-04-10 02:00:00+00:00,17.361184577766736,0.0
2024-04-10 03:00:00+00:00,17.361184577766736,0.0
2024-04-10 04:00:00+00:00,17.361184577766736,0.0
2024-04-10 05:00:00+00:00,17.361184577766736,0.0
2024-04-10 06:00:00+00:00,17.361184577766736,0.0
2024-04-10 07:00:00+00:00,17.361184577766736,0.0
2024-04-10 08:00:00+00:00,17.361184577766736,0.0
2024-04-10 09:00:00+00:00,17.361184577766736,0.0
2024-04-10 10:00:00+00:00,17.361184577766736,0.0
2024-04-10 11:00:00+00:00,17.361184577766736,0.0
2024-04-10 12:00:00+00:00,17.361184577766736,0.0
2024-04-10 13:00:00+00:00,17.361184577766736,0.0
2024-04-10 14:00:00+00:00,17.361184577766736,0.0
2024-04-10 15:00:00+00:00,17.361184577766736,0.0
2024-04-10 16:00:00+00:00,17.361184577766736,0.0
2024-04-10 17:00:00+00:00,17.361184577766736,0.0
2024-04-10 18:00:00+00:00,17.361184577766736,0.0
2024-04-10 19:00:00+00:00,17.361184577766736,0.0
2024-04-10 20:00:00+00:00,17.361184577766736,0.0
2024-04-10 21:00:00+00:00,17.361184577766736,0.0
2024-04-10 22:00:00+00:00,17.361184577766736,0.0
2024-04-10 23:00:00+00:00,17.361184577766736,0.0
2024-04-11 00:00:00+00:00,17.406976669607836,438170097.60838884
2024-04-11 01:00:00+00:00,17.406976669607836,0.0
2024-04-11 02:00:00+00:00,17.406976669607836,0.0
2024-04-11 03:00:00+00:00,17.406976669607836,0.0
2024-04-11 04:00:00+00:00,17.406976669607836,0.0
2024-04-11 05:00:00+00:00,17.406976669607836,0.0
2024-04-11 06:00:00+00:00,17.406976669607836,0.0
2024-04-11 07:00:00+00:00,17.406976669607836,0.0
2024-04-11 08:00:00+00:00,17.406976669607836,0.0
2024-04-11 09:00:00+00:00,17.406976669607836,0.0
2024-04-11 10:00:00+00:00,17.406976669607836,0.0
2024-04-11 11:00:00+00:00,17.406976669607836,0.0
2024-04-11 12:00:00+00:00,17.406976669607836,0.0
2024-04-11 13:00:00+00:00,17.406976669607836,0.0
2024-04-11 14:00:00+00:00,17.406976669607836,0.0
2024-04-11 15:00:00+00:00,17.406976669607836,0.0
2024-04-11 16:00:00+00:00,17.406976669607836,0.0
2024-04-11 17:00:00+00:00,17.406976669607836,0.0
2024-04-11 18:00:00+00:00,17.406976669607836,0.0
2024-04-11 19:00:00+00:00,17.406976669607836,0.0
2024-04-11 20:00:00+00:00,17.406976669607836,0.0
2024-04-11 21:00:00+00:00,17.406976669607836,0.0
2024-04-11 22:00:00+00:00,17.406976669607836,0.0
2024-04-11 23:00:00+00:00,17.406976669607836,0.0
2024-04-12 00:00:00+00:00,17.55193638440358,311497260.2497484
2024-04-12 01:00:00+00:00,17.55193638440358,0.0
2024-04-12 02:00:00+00:00,17.55193638440358,0.0
2024-04-12 03:00:00+00:00,17.55193638440358,0.0
2024-04-12 04:00:00+00:00,17.55193638440358,0.0
2024-04-12 05:00:00+00:00,17.55193638440358,0.0
2024-04-12 06:00:00+00:00,17.55193638440358,0.0
2024-04-12 07:00:00+00:00,17.55193638440358,0.0
2024-04-12 08:00:00+00:00,17.55193638440358,0.0
2024-04-12 09:00:00+00:00,17.55193638440358,0.0
2024-04-12 10:00:00+00:00,17.55193638440358,0.0
2024-04-12 11:00:00+00:00,17.55193638440358,0.0
2024-04-12 12:00:00+00:00,17.55193638440358,0.0
2024-04-12 13:00:00+00:00,17.55193638440358,0.0
2024-04-12 14:00:00+00:00,17.55193638440358,0.0
2024-04-12 15:00:00+00:00,17.55193638440358,0.0
2024-04-12 16:00:00+00:00,17.55193638440358,0.0
2024-04-12 17:00:00+00:00,17.55193638440358,0.0
2024-04-12 18:00:00+00:00,17.55193638440358,0.0
2024-04-12 19:00:00+00:00,17.55193638440358,0.0
2024-04-12 20:00:00+00:00,17.55193638440358,0.0
2024-04-12 21:00:00+00:00,17.55193638440358,0.0
2024-04-12 22:00:00+00:00,17.55193638440358,0.0
2024-04-12 23:00:00+00:00,17.55193638440358,0.0
2024-04-13 00:00:00+00:00,15.176765640760904,1112177352.6882603
2024-04-13 01:00:00+00:00,15.176765640760904,0.0
2024-04-13 02:00:00+00:00,15.176765640760904,0.0
2024-04-13 03:00:00+00:00,15.176765640760904,0.0
2024-04-13 04:00:00+00:00,15.176765640760904,0.0
2024-04-13 05:00:00+00:00,15.176765640760904,0.0
2024-04-13 06:00:00+00:00,15.176765640760904,0.0
2024-04-13 07:00:00+00:00,15.176765640760904,0.0
2024-04-13 08:00:00+00:00,15.176765640760904,0.0
2024-04-13 09:00:00+00:00,15.176765640760904,0.0
2024-04-13 10:00:00+00:00,15.176765640760904,0.0
2024-04-13 11:00:00+00:00,15.176765640760904,0.0
2024-04-13 12:00:00+00:00,15.176765640760904,0.0
2024-04-13 13:00:00+00:00,15.176765640760904,0.0
2024-04-13 14:00:00+00:00,15.176765640760904,0.0
2024-04-13 15:00:00+00:00,15.176765640760904,0.0
2024-04-13 16:00:00+00:00,15.176765640760904,0.0
2024-04-13 17:00:00+00:00,15.176765640760904,0.0
2024-04-13 18:00:00+00:00,15.176765640760904,0.0
2024-04-13 19:00:00+00:00,15.176765640760904,0.0
2024-04-13 20:00:00+00:00,15.176765640760904,0.0
2024-04-13 21:00:00+00:00,15.176765640760904,0.0
2024-04-13 22:00:00+00:00,15.176765640760904,0.0
2024-04-13 23:00:00+00:00,15.176765640760904,0.0
2024-04-14 00:00:00+00:00,13.375092136262912,1161277903.6689172
2024-04-14 01:00:00+00:00,13.375092136262912,0.0
2024-04-14 02:00:00+00:00,13.375092136262912,0.0
2024-04-14 03:00:00+00:00,13.375092136262912,0.0
2024-04-14 04:00:00+00:00,13.375092136262912,0.0
2024-04-14 05:00:00+00:00,13.375092136262912,0.0
2024-04-14 06:00:00+00:00,13.375092136262912,0.0
2024-04-14 07:00:00+00:00,13.375092136262912,0.0
2024-04-14 08:00:00+00:00,13.375092136262912,0.0
2024-04-14 09:00:00+00:00,13.375092136262912,0.0
2024-04-14 10:00:00+00:00,13.375092136262912,0.0
2024-04-14 11:00:00+00:00,13.375092136262912,0.0
2024-04-14 12:00:00+00:00,13.375092136262912,0.0
2024-04-14 13:00:00+00:00,13.375092136262912,0.0
2024-04-14 14:00:00+00:00,13.375092136262912,0.0
2024-04-14 15:00:00+00:00,13.375092136262912,0.0
2024-04-14 16:00:00+00:00,13.375092136262912,0.0
2024-04-14 17:00:00+00:00,13.375092136262912,0.0
2024-04-14 18:00:00+00:00,13.375092136262912,0.0
2024-04-14 19:00:00+00:00,13.375092136262912,0.0
2024-04-14 20:00:00+00:00,13.375092136262912,0.0
2024-04-14 21:00:00+00:00,13.375092136262912,0.0
2024-04-14 22:00:00+00:00,13.375092136262912,0.0
2024-04-14 23:00:00+00:00,13.375092136262912,0.0
2024-04-15 00:00:00+00:00,14.11966160231988,856845573.771585
2024-04-15 01:00:00+00:00,14.11966160231988,0.0
2024-04-15 02:00:00+00:00,14.11966160231988,0.0
2024-04-15 03:00:00+00:00,14.11966160231988,0.0
2024-04-15 04:00:00+00:00,14.11966160231988,0.0
2024-04-15 05:00:00+00:00,14.11966160231988,0.0
2024-04-15 06:00:00+00:00,14.11966160231988,0.0
2024-04-15 07:00:00+00:00,14.11966160231988,0.0
2024-04-15 08:00:00+00:00,14.11966160231988,0.0
2024-04-15 09:00:00+00:00,14.11966160231988,0.0
2024-04-15 10:00:00+00:00,14.11966160231988,0.0
2024-04-15 11:00:00+00:00,14.11966160231988,0.0
2024-04-15 12:00:00+00:00,14.11966160231988,0.0
2024-04-15 13:00:00+00:00,14.11966160231988,0.0
2024-04-15 14:00:00+00:00,14.11966160231988,0.0
2024-04-15 15:00:00+00:00,14.11966160231988,0.0
2024-04-15 16:00:00+00:00,14.11966160231988,0.0
2024-04-15 17:00:00+00:00,14.11966160231988,0.0
2024-04-15 18:00:00+00:00,14.11966160231988,0.0
2024-04-15 19:00:00+00:00,14.11966160231988,0.0
2024-04-15 20:00:00+00:00,14.11966160231988,0.0
2024-04-15 21:00:00+00:00,14.11966160231988,0.0
2024-04-15 22:00:00+00:00,14.11966160231988,0.0
2024-04-15 23:00:00+00:00,14.11966160231988,0.0
2024-04-16 00:00:00+00:00,13.576761153392976,691638005.0100803
2024-04-16 01:00:00+00:00,13.576761153392976,0.0
2024-04-16 02:00:00+00:00,13.576761153392976,0.0
2024-04-16 03:00:00+00:00,13.576761153392976,0.0
2024-04-16 04:00:00+00:00,13.576761153392976,0.0
2024-04-16 05:00:00+00:00,13.576761153392976,0.0
2024-04-16 06:00:00+00:00,13.576761153392976,0.0
2024-04-16 07:00:00+00:00,13.576761153392976,0.0
2024-04-16 08:00:00+00:00,13.576761153392976,0.0
2024-04-16 09:00:00+00:00,13.576761153392976,0.0
2024-04-16 10:00:00+00:00,13.576761153392976,0.0
2024-04-16 11:00:00+00:00,13.576761153392976,0.0
2024-04-16 12:00:00+00:00,13.576761153392976,0.0
2024-04-16 13:00:00+00:00,13.576761153392976,0.0
2024-04-16 14:00:00+00:00,13.576761153392976,0.0
2024-04-16 15:00:00+00:00,13.576761153392976,0.0
2024-04-16 16:00:00+00:00,13.576761153392976,0.0
2024-04-16 17:00:00+00:00,13.576761153392976,0.0
2024-04-16 18:00:00+00:00,13.576761153392976,0.0
2024-04-16 19:00:00+00:00,13.576761153392976,0.0
2024-04-16 20:00:00+00:00,13.576761153392976,0.0
2024-04-16 21:00:00+00:00,13.576761153392976,0.0
2024-04-16 22:00:00+00:00,13.576761153392976,0.0
2024-04-16 23:00:00+00:00,13.576761153392976,0.0
2024-04-17 00:00:00+00:00,13.504619526201349,498128270.03874797
2024-04-17 01:00:00+00:00,13.504619526201349,0.0
2024-04-17 02:00:00+00:00,13.504619526201349,0.0
2024-04-17 03:00:00+00:00,13.504619526201349,0.0
2024-04-17 04:00:00+00:00,13.504619526201349,0.0
2024-04-17 05:00:00+00:00,13.504619526201349,0.0
2024-04-17 06:00:00+00:00,13.504619526201349,0.0
2024-04-17 07:00:00+00:00,13.504619526201349,0.0
2024-04-17 08:00:00+00:00,13.504619526201349,0.0
2024-04-17 09:00:00+00:00,13.504619526201349,0.0
2024-04-17 10:00:00+00:00,13.504619526201349,0.0
2024-04-17 11:00:00+00:00,13.504619526201349,0.0
2024-04-17 12:00:00+00:00,13.504619526201349,0.0
2024-04-17 13:00:00+00:00,13.504619526201349,0.0
2024-04-17 14:00:00+00:00,13.504619526201349,0.0
2024-04-17 15:00:00+00:00,13.504619526201349,0.0
2024-04-17 16:00:00+00:00,13.504619526201349,0.0
2024-04-17 17:00:00+00:00,13.504619526201349,0.0
2024-04-17 18:00:00+00:00,13.504619526201349,0.0
2024-04-17 19:00:00+00:00,13.504619526201349,0.0
2024-04-17 20:00:00+00:00,13.504619526201349,0.0
2024-04-17 21:00:00+00:00,13.504619526201349,0.0
2024-04-17 22:00:00+00:00,13.504619526201349,0.0
2024-04-17 23:00:00+00:00,13.504619526201349,0.0
2024-04-18 00:00:00+00:00,13.147801327414113,453337618.9221527
2024-04-18 01:00:00+00:00,13.147801327414113,0.0
2024-04-18 02:00:00+00:00,13.147801327414113,0.0
2024-04-18 03:00:00+00:00,13.147801327414113,0.0
2024-04-18 04:00:00+00:00,13.147801327414113,0.0
2024-04-18 05:00:00+00:00,13.147801327414113,0.0
2024-04-18 06:00:00+00:00,13.147801327414113,0.0
2024-04-18 07:00:00+00:00,13.147801327414113,0.0
2024-04-18 08:00:00+00:00,13.147801327414113,0.0
2024-04-18 09:00:00+00:00,13.147801327414113,0.0
2024-04-18 10:00:00+00:00,13.147801327414113,0.0
2024-04-18 11:00:00+00:00,13.147801327414113,0.0
2024-04-18 12:00:00+00:00,13.147801327414113,0.0
2024-04-18 13:00:00+00:00,13.147801327414113,0.0
2024-04-18 14:00:00+00:00,13.147801327414113,0.0
2024-04-18 15:00:00+00:00,13.147801327414113,0.0
2024-04-18 16:00:00+00:00,13.147801327414113,0.0
2024-04-18 17:00:00+00:00,13.147801327414113,0.0
2024-04-18 18:00:00+00:00,13.147801327414113,0.0
2024-04-18 19:00:00+00:00,13.147801327414113,0.0
2024-04-18 20:00:00+00:00,13.147801327414113,0.0
2024-04-18 21:00:00+00:00,13.147801327414113,0.0
2024-04-18 22:00:00+00:00,13.147801327414113,0.0
2024-04-18 23:00:00+00:00,13.147801327414113,0.0
2024-04-19 00:00:00+00:00,13.881633728074288,423314996.12367517
2024-04-19 01:00:00+00:00,13.881633728074288,0.0
2024-04-19 02:00:00+00:00,13.881633728074288,0.0
2024-04-19 03:00:00+00:00,13.881633728074288,0.0
2024-04-19 04:00:00+00:00,13.881633728074288,0.0
2024-04-19 05:00:00+00:00,13.881633728074288,0.0
2024-04-19 06:00:00+00:00,13.881633728074288,0.0
2024-04-19 07:00:00+00:00,13.881633728074288,0.0
2024-04-19 08:00:00+00:00,13.881633728074288,0.0
2024-04-19 09:00:00+00:00,13.881633728074288,0.0
2024-04-19 10:00:00+00:00,13.881633728074288,0.0
2024-04-19 11:00:00+00:00,13.881633728074288,0.0
2024-04-19 12:00:00+00:00,13.881633728074288,0.0
2024-04-19 13:00:00+00:00,13.881633728074288,0.0
2024-04-19 14:00:00+00:00,13.881633728074288,0.0
2024-04-19 15:00:00+00:00,13.881633728074288,0.0
2024-04-19 16:00:00+00:00,13.881633728074288,0.0
2024-04-19 17:00:00+00:00,13.881633728074288,0.0
2024-04-19 18:00:00+00:00,13.881633728074288,0.0
2024-04-19 19:00:00+00:00,13.881633728074288,0.0
2024-04-19 20:00:00+00:00,13.881633728074288,0.0
2024-04-19 21:00:00+00:00,13.881633728074288,0.0
2024-04-19 22:00:00+00:00,13.881633728074288,0.0
2024-04-19 23:00:00+00:00,13.881633728074288,0.0
2024-04-20 00:00:00+00:00,13.992089300872275,543339238.406391
2024-04-20 01:00:00+00:00,13.992089300872275,0.0
2024-04-20 02:00:00+00:00,13.992089300872275,0.0
2024-04-20 03:00:00+00:00,13.992089300872275,0.0
2024-04-20 04:00:00+00:00,13.992089300872275,0.0
2024-04-20 05:00:00+00:00,13.992089300872275,0.0
2024-04-20 06:00:00+00:00,13.992089300872275,0.0
2024-04-20 07:00:00+00:00,13.992089300872275,0.0
2024-04-20 08:00:00+00:00,13.992089300872275,0.0
2024-04-20 09:00:00+00:00,13.992089300872275,0.0
2024-04-20 10:00:00+00:00,13.992089300872275,0.0
2024-04-20 11:00:00+00:00,13.992089300872275,0.0
2024-04-20 12:00:00+00:00,13.992089300872275,0.0
2024-04-20 13:00:00+00:00,13.992089300872275,0.0
2024-04-20 14:00:00+00:00,13.992089300872275,0.0
2024-04-20 15:00:00+00:00,13.992089300872275,0.0
2024-04-20 16:00:00+00:00,13.992089300872275,0.0
2024-04-20 17:00:00+00:00,13.992089300872275,0.0
2024-04-20 18:00:00+00:00,13.992089300872275,0.0
2024-04-20 19:00:00+00:00,13.992089300872275,0.0
2024-04-20 20:00:00+00:00,13.992089300872275,0.0
2024-04-20 21:00:00+00:00,13.992089300872275,0.0
2024-04-20 22:00:00+00:00,13.992089300872275,0.0
2024-04-20 23:00:00+00:00,13.992089300872275,0.0
2024-04-21 00:00:00+00:00,14.936807546969696,361420829.207462
2024-04-21 01:00:00+00:00,14.936807546969696,0.0
2024-04-21 02:00:00+00:00,14.936807546969696,0.0
2024-04-21 03:00:00+00:00,14.936807546969696,0.0
2024-04-21 04:00:00+00:00,14.936807546969696,0.0
2024-04-21 05:00:00+00:00,14.936807546969696,0.0
2024-04-21 06:00:00+00:00,14.936807546969696,0.0
2024-04-21 07:00:00+00:00,14.936807546969696,0.0
2024-04-21 08:00:00+00:00,14.936807546969696,0.0
2024-04-21 09:00:00+00:00,14.936807546969696,0.0
2024-04-21 10:00:00+00:00,14.936807546969696,0.0
2024-04-21 11:00:00+00:00,14.936807546969696,0.0
2024-04-21 12:00:00+00:00,14.936807546969696,0.0
2024-04-21 13:00:00+00:00,14.936807546969696,0.0
2024-04-21 14:00:00+00:00,14.936807546969696,0.0
2024-04-21 15:00:00+00:00,14.936807546969696,0.0
2024-04-21 16:00:00+00:00,14.936807546969696,0.0
2024-04-21 17:00:00+00:00,14.936807546969696,0.0
2024-04-21 18:00:00+00:00,14.936807546969696,0.0
2024-04-21 19:00:00+00:00,14.936807546969696,0.0
2024-04-21 20:00:00+00:00,14.936807546969696,0.0
2024-04-21 21:00:00+00:00,14.936807546969696,0.0
2024-04-21 22:00:00+00:00,14.936807546969696,0.0
2024-04-21 23:00:00+00:00,14.936807546969696,0.0
2024-04-22 00:00:00+00:00,15.067366660509427,296053935.6315452
2024-04-22 01:00:00+00:00,15.067366660509427,0.0
2024-04-22 02:00:00+00:00,15.067366660509427,0.0
2024-04-22 03:00:00+00:00,15.067366660509427,0.0
2024-04-22 04:00:00+00:00,15.067366660509427,0.0
2024-04-22 05:00:00+00:00,15.067366660509427,0.0
2024-04-22 06:00:00+00:00,15.067366660509427,0.0
2024-04-22 07:00:00+00:00,15.067366660509427,0.0
2024-04-22 08:00:00+00:00,15.067366660509427,0.0
2024-04-22 09:00:00+00:00,15.067366660509427,0.0
2024-04-22 10:00:00+00:00,15.067366660509427,0.0
2024-04-22 11:00:00+00:00,15.067366660509427,0.0
2024-04-22 12:00:00+00:00,15.067366660509427,0.0
2024-04-22 13:00:00+00:00,15.067366660509427,0.0
2024-04-22 14:00:00+00:00,15.067366660509427,0.0
2024-04-22 15:00:00+00:00,15.067366660509427,0.0
2024-04-22 16:00:00+00:00,15.067366660509427,0.0
2024-04-22 17:00:00+00:00,15.067366660509427,0.0
2024-04-22 18:00:00+00:00,15.067366660509427,0.0
2024-04-22 19:00:00+00:00,15.067366660509427,0.0
2024-04-22 20:00:00+00:00,15.067366660509427,0.0
2024-04-22 21:00:00+00:00,15.067366660509427,0.0
2024-04-22 22:00:00+00:00,15.067366660509427,0.0
2024-04-22 23:00:00+00:00,15.067366660509427,0.0
2024-04-23 00:00:00+00:00,15.461314872228792,486592129.424166
2024-04-23 01:00:00+00:00,15.461314872228792,0.0
2024-04-23 02:00:00+00:00,15.461314872228792,0.0
2024-04-23 03:00:00+00:00,15.461314872228792,0.0
2024-04-23 04:00:00+00:00,15.461314872228792,0.0
2024-04-23 05:00:00+00:00,15.461314872228792,0.0
2024-04-23 06:00:00+00:00,15.461314872228792,0.0
2024-04-23 07:00:00+00:00,15.461314872228792,0.0
2024-04-23 08:00:00+00:00,15.461314872228792,0.0
2024-04-23 09:00:00+00:00,15.461314872228792,0.0
2024-04-23 10:00:00+00:00,15.461314872228792,0.0
2024-04-23 11:00:00+00:00,15.461314872228792,0.0
2024-04-23 12:00:00+00:00,15.461314872228792,0.0
2024-04-23 13:00:00+00:00,15.461314872228792,0.0
2024-04-23 14:00:00+00:00,15.461314872228792,0.0
2024-04-23 15:00:00+00:00,15.461314872228792,0.0
2024-04-23 16:00:00+00:00,15.461314872228792,0.0
2024-04-23 17:00:00+00:00,15.461314872228792,0.0
2024-04-23 18:00:00+00:00,15.461314872228792,0.0
2024-04-23 19:00:00+00:00,15.461314872228792,0.0
2024-04-23 20:00:00+00:00,15.461314872228792,0.0
2024-04-23 21:00:00+00:00,15.461314872228792,0.0
2024-04-23 22:00:00+00:00,15.461314872228792,0.0
2024-04-23 23:00:00+00:00,15.461314872228792,0.0
2024-04-24 00:00:00+00:00,15.198035405959251,339941738.99630123
2024-04-24 01:00:00+00:00,15.198035405959251,0.0
2024-04-24 02:00:00+00:00,15.198035405959251,0.0
2024-04-24 03:00:00+00:00,15.198035405959251,0.0
2024-04-24 04:00:00+00:00,15.198035405959251,0.0
2024-04-24 05:00:00+00:00,15.198035405959251,0.0
2024-04-24 06:00:00+00:00,15.198035405959251,0.0
2024-04-24 07:00:00+00:00,15.198035405959251,0.0
2024-04-24 08:00:00+00:00,15.198035405959251,0.0
2024-04-24 09:00:00+00:00,15.198035405959251,0.0
2024-04-24 10:00:00+00:00,15.198035405959251,0.0
2024-04-24 11:00:00+00:00,15.198035405959251,0.0
2024-04-24 12:00:00+00:00,15.198035405959251,0.0
2024-04-24 13:00:00+00:00,15.198035405959251,0.0
2024-04-24 14:00:00+00:00,15.198035405959251,0.0
2024-04-24 15:00:00+00:00,15.198035405959251,0.0
2024-04-24 16:00:00+00:00,15.198035405959251,0.0
2024-04-24 17:00:00+00:00,15.198035405959251,0.0
2024-04-24 18:00:00+00:00,15.198035405959251,0.0
2024-04-24 19:00:00+00:00,15.198035405959251,0.0
2024-04-24 20:00:00+00:00,15.198035405959251,0.0
2024-04-24 21:00:00+00:00,15.198035405959251,0.0
2024-04-24 22:00:00+00:00,15.198035405959251,0.0
2024-04-24 23:00:00+00:00,15.198035405959251,0.0
2024-04-25 00:00:00+00:00,14.53320906266427,452120899.61477315
2024-04-25 01:00:00+00:00,14.53320906266427,0.0
2024-04-25 02:00:00+00:00,14.53320906266427,0.0
2024-04-25 03:00:00+00:00,14.53320906266427,0.0
2024-04-25 04:00:00+00:00,14.53320906266427,0.0
2024-04-25 05:00:00+00:00,14.53320906266427,0.0
2024-04-25 06:00:00+00:00,14.53320906266427,0.0
2024-04-25 07:00:00+00:00,14.53320906266427,0.0
2024-04-25 08:00:00+00:00,14.53320906266427,0.0
2024-04-25 09:00:00+00:00,14.53320906266427,0.0
2024-04-25 10:00:00+00:00,14.53320906266427,0.0
2024-04-25 11:00:00+00:00,14.53320906266427,0.0
2024-04-25 12:00:00+00:00,14.53320906266427,0.0
2024-04-25 13:00:00+00:00,14.53320906266427,0.0
2024-04-25 14:00:00+00:00,14.53320906266427,0.0
2024-04-25 15:00:00+00:00,14.53320906266427,0.0
2024-04-25 16:00:00+00:00,14.53320906266427,0.0
2024-04-25 17:00:00+00:00,14.53320906266427,0.0
2024-04-25 18:00:00+00:00,14.53320906266427,0.0
2024-04-25 19:00:00+00:00,14.53320906266427,0.0
2024-04-25 20:00:00+00:00,14.53320906266427,0.0
2024-04-25 21:00:00+00:00,14.53320906266427,0.0
2024-04-25 22:00:00+00:00,14.53320906266427,0.0
2024-04-25 23:00:00+00:00,14.53320906266427,0.0
2024-04-26 00:00:00+00:00,14.597683774154822,403033481.9676424
2024-04-26 01:00:00+00:00,14.597683774154822,0.0
2024-04-26 02:00:00+00:00,14.597683774154822,0.0
2024-04-26 03:00:00+00:00,14.597683774154822,0.0
2024-04-26 04:00:00+00:00,14.597683774154822,0.0
2024-04-26 05:00:00+00:00,14.597683774154822,0.0
2024-04-26 06:00:00+00:00,14.597683774154822,0.0
2024-04-26 07:00:00+00:00,14.597683774154822,0.0
2024-04-26 08:00:00+00:00,14.597683774154822,0.0
2024-04-26 09:00:00+00:00,14.597683774154822,0.0
2024-04-26 10:00:00+00:00,14.597683774154822,0.0
2024-04-26 11:00:00+00:00,14.597683774154822,0.0
2024-04-26 12:00:00+00:00,14.597683774154822,0.0
2024-04-26 13:00:00+00:00,14.597683774154822,0.0
2024-04-26 14:00:00+00:00,14.597683774154822,0.0
2024-04-26 15:00:00+00:00,14.597683774154822,0.0
2024-04-26 16:00:00+00:00,14.597683774154822,0.0
2024-04-26 17:00:00+00:00,14.597683774154822,0.0
2024-04-26 18:00:00+00:00,14.597683774154822,0.0
2024-04-26 19:00:00+00:00,14.597683774154822,0.0
2024-04-26 20:00:00+00:00,14.597683774154822,0.0
2024-04-26 21:00:00+00:00,14.597683774154822,0.0
2024-04-26 22:00:00+00:00,14.597683774154822,0.0
2024-04-26 23:00:00+00:00,14.597683774154822,0.0
2024-04-27 00:00:00+00:00,14.477423495601858,345095266.35227597
2024-04-27 01:00:00+00:00,14.477423495601858,0.0
2024-04-27 02:00:00+00:00,14.477423495601858,0.0
2024-04-27 03:00:00+00:00,14.477423495601858,0.0
2024-04-27 04:00:00+00:00,14.477423495601858,0.0
2024-04-27 05:00:00+00:00,14.477423495601858,0.0
2024-04-27 06:00:00+00:00,14.477423495601858,0.0
2024-04-27 07:00:00+00:00,14.477423495601858,0.0
2024-04-27 08:00:00+00:00,14.477423495601858,0.0
2024-04-27 09:00:00+00:00,14.477423495601858,0.0
2024-04-27 10:00:00+00:00,14.477423495601858,0.0
2024-04-27 11:00:00+00:00,14.477423495601858,0.0
2024-04-27 12:00:00+00:00,14.477423495601858,0.0
2024-04-27 13:00:00+00:00,14.477423495601858,0.0
2024-04-27 14:00:00+00:00,14.477423495601858,0.0
2024-04-27 15:00:00+00:00,14.477423495601858,0.0
2024-04-27 16:00:00+00:00,14.477423495601858,0.0
2024-04-27 17:00:00+00:00,14.477423495601858,0.0
2024-04-27 18:00:00+00:00,14.477423495601858,0.0
2024-04-27 19:00:00+00:00,14.477423495601858,0.0
2024-04-27 20:00:00+00:00,14.477423495601858,0.0
2024-04-27 21:00:00+00:00,14.477423495601858,0.0
2024-04-27 22:00:00+00:00,14.477423495601858,0.0
2024-04-27 23:00:00+00:00,14.477423495601858,0.0
2024-04-28 00:00:00+00:00,14.27523149287904,365062840.5843627
2024-04-28 01:00:00+00:00,14.27523149287904,0.0
2024-04-28 02:00:00+00:00,14.27523149287904,0.0
2024-04-28 03:00:00+00:00,14.27523149287904,0.0
2024-04-28 04:00:00+00:00,14.27523149287904,0.0
2024-04-28 05:00:00+00:00,14.27523149287904,0.0
2024-04-28 06:00:00+00:00,14.27523149287904,0.0
2024-04-28 07:00:00+00:00,14.27523149287904,0.0
2024-04-28 08:00:00+00:00,14.27523149287904,0.0
2024-04-28 09:00:00+00:00,14.27523149287904,0.0
2024-04-28 10:00:00+00:00,14.27523149287904,0.0
2024-04-28 11:00:00+00:00,14.27523149287904,0.0
2024-04-28 12:00:00+00:00,14.27523149287904,0.0
2024-04-28 13:00:00+00:00,14.27523149287904,0.0
2024-04-28 14:00:00+00:00,14.27523149287904,0.0
2024-04-28 15:00:00+00:00,14.27523149287904,0.0
2024-04-28 16:00:00+00:00,14.27523149287904,0.0
2024-04-28 17:00:00+00:00,14.27523149287904,0.0
2024-04-28 18:00:00+00:00,14.27523149287904,0.0
2024-04-28 19:00:00+00:00,14.27523149287904,0.0
2024-04-28 20:00:00+00:00,14.27523149287904,0.0
2024-04-28 21:00:00+00:00,14.27523149287904,0.0
2024-04-28 22:00:00+00:00,14.27523149287904,0.0
2024-04-28 23:00:00+00:00,14.27523149287904,0.0
2024-04-29 00:00:00+00:00,13.786734053180613,236413789.0895114
2024-04-29 01:00:00+00:00,13.786734053180613,0.0
2024-04-29 02:00:00+00:00,13.786734053180613,0.0
2024-04-29 03:00:00+00:00,13.786734053180613,0.0
2024-04-29 04:00:00+00:00,13.786734053180613,0.0
2024-04-29 05:00:00+00:00,13.786734053180613,0.0
2024-04-29 06:00:00+00:00,13.786734053180613,0.0
2024-04-29 07:00:00+00:00,13.786734053180613,0.0
2024-04-29 08:00:00+00:00,13.786734053180613,0.0
2024-04-29 09:00:00+00:00,13.786734053180613,0.0
2024-04-29 10:00:00+00:00,13.786734053180613,0.0
2024-04-29 11:00:00+00:00,13.786734053180613,0.0
2024-04-29 12:00:00+00:00,13.786734053180613,0.0
2024-04-29 13:00:00+00:00,13.786734053180613,0.0
2024-04-29 14:00:00+00:00,13.786734053180613,0.0
2024-04-29 15:00:00+00:00,13.786734053180613,0.0
2024-04-29 16:00:00+00:00,13.786734053180613,0.0
2024-04-29 17:00:00+00:00,13.786734053180613,0.0
2024-04-29 18:00:00+00:00,13.786734053180613,0.0
2024-04-29 19:00:00+00:00,13.786734053180613,0.0
2024-04-29 20:00:00+00:00,13.786734053180613,0.0
2024-04-29 21:00:00+00:00,13.786734053180613,0.0
2024-04-29 22:00:00+00:00,13.786734053180613,0.0
2024-04-29 23:00:00+00:00,13.786734053180613,0.0
2024-04-30 00:00:00+00:00,14.061254005927978,331831032.7255972
2024-04-30 01:00:00+00:00,14.061254005927978,0.0
2024-04-30 02:00:00+00:00,14.061254005927978,0.0
2024-04-30 03:00:00+00:00,14.061254005927978,0.0
2024-04-30 04:00:00+00:00,14.061254005927978,0.0
2024-04-30 05:00:00+00:00,14.061254005927978,0.0
2024-04-30 06:00:00+00:00,14.061254005927978,0.0
2024-04-30 07:00:00+00:00,14.061254005927978,0.0
2024-04-30 08:00:00+00:00,14.061254005927978,0.0
2024-04-30 09:00:00+00:00,14.061254005927978,0.0
2024-04-30 10:00:00+00:00,14.061254005927978,0.0
2024-04-30 11:00:00+00:00,14.061254005927978,0.0
2024-04-30 12:00:00+00:00,14.061254005927978,0.0
2024-04-30 13:00:00+00:00,14.061254005927978,0.0
2024-04-30 14:00:00+00:00,14.061254005927978,0.0
2024-04-30 15:00:00+00:00,14.061254005927978,0.0
2024-04-30 16:00:00+00:00,14.061254005927978,0.0
2024-04-30 17:00:00+00:00,14.061254005927978,0.0
2024-04-30 18:00:00+00:00,14.061254005927978,0.0
2024-04-30 19:00:00+00:00,14.061254005927978,0.0
2024-04-30 20:00:00+00:00,14.061254005927978,0.0
2024-04-30 21:00:00+00:00,14.061254005927978,0.0
2024-04-30 22:00:00+00:00,14.061254005927978,0.0
2024-04-30 23:00:00+00:00,14.061254005927978,0.0
2024-05-01 00:00:00+00:00,13.135896776786343,425906781.4105048
2024-05-01 01:00:00+00:00,13.135896776786343,0.0
2024-05-01 02:00:00+00:00,13.135896776786343,0.0
2024-05-01 03:00:00+00:00,13.135896776786343,0.0
2024-05-01 04:00:00+00:00,13.135896776786343,0.0
2024-05-01 05:00:00+00:00,13.135896776786343,0.0
2024-05-01 06:00:00+00:00,13.135896776786343,0.0
2024-05-01 07:00:00+00:00,13.135896776786343,0.0
2024-05-01 08:00:00+00:00,13.135896776786343,0.0
2024-05-01 09:00:00+00:00,13.135896776786343,0.0
2024-05-01 10:00:00+00:00,13.135896776786343,0.0
2024-05-01 11:00:00+00:00,13.135896776786343,0.0
2024-05-01 12:00:00+00:00,13.135896776786343,0.0
2024-05-01 13:00:00+00:00,13.135896776786343,0.0
2024-05-01 14:00:00+00:00,13.135896776786343,0.0
2024-05-01 15:00:00+00:00,13.135896776786343,0.0
2024-05-01 16:00:00+00:00,13.135896776786343,0.0
2024-05-01 17:00:00+00:00,13.135896776786343,0.0
2024-05-01 18:00:00+00:00,13.135896776786343,0.0
2024-05-01 19:00:00+00:00,13.135896776786343,0.0
2024-05-01 20:00:00+00:00,13.135896776786343,0.0
2024-05-01 21:00:00+00:00,13.135896776786343,0.0
2024-05-01 22:00:00+00:00,13.135896776786343,0.0
2024-05-01 23:00:00+00:00,13.135896776786343,0.0
2024-05-02 00:00:00+00:00,13.323533220901556,536078620.87367415
2024-05-02 01:00:00+00:00,13.323533220901556,0.0
2024-05-02 02:00:00+00:00,13.323533220901556,0.0
2024-05-02 03:00:00+00:00,13.323533220901556,0.0
2024-05-02 04:00:00+00:00,13.323533220901556,0.0
2024-05-02 05:00:00+00:00,13.323533220901556,0.0
2024-05-02 06:00:00+00:00,13.323533220901556,0.0
2024-05-02 07:00:00+00:00,13.323533220901556,0.0
2024-05-02 08:00:00+00:00,13.323533220901556,0.0
2024-05-02 09:00:00+00:00,13.323533220901556,0.0
2024-05-02 10:00:00+00:00,13.323533220901556,0.0
2024-05-02 11:00:00+00:00,13.323533220901556,0.0
2024-05-02 12:00:00+00:00,13.323533220901556,0.0
2024-05-02 13:00:00+00:00,13.323533220901556,0.0
2024-05-02 14:00:00+00:00,13.323533220901556,0.0
2024-05-02 15:00:00+00:00,13.323533220901556,0.0
2024-05-02 16:00:00+00:00,13.323533220901556,0.0
2024-05-02 17:00:00+00:00,13.323533220901556,0.0
2024-05-02 18:00:00+00:00,13.323533220901556,0.0
2024-05-02 19:00:00+00:00,13.323533220901556,0.0
2024-05-02 20:00:00+00:00,13.323533220901556,0.0
2024-05-02 21:00:00+00:00,13.323533220901556,0.0
2024-05-02 22:00:00+00:00,13.323533220901556,0.0
2024-05-02 23:00:00+00:00,13.323533220901556,0.0
2024-05-03 00:00:00+00:00,13.596276394643592,306778931.11593676
2024-05-03 01:00:00+00:00,13.596276394643592,0.0
2024-05-03 02:00:00+00:00,13.596276394643592,0.0
2024-05-03 03:00:00+00:00,13.596276394643592,0.0
2024-05-03 04:00:00+00:00,13.596276394643592,0.0
2024-05-03 05:00:00+00:00,13.596276394643592,0.0
2024-05-03 06:00:00+00:00,13.596276394643592,0.0
2024-05-03 07:00:00+00:00,13.596276394643592,0.0
2024-05-03 08:00:00+00:00,13.596276394643592,0.0
2024-05-03 09:00:00+00:00,13.596276394643592,0.0
2024-05-03 10:00:00+00:00,13.596276394643592,0.0
2024-05-03 11:00:00+00:00,13.596276394643592,0.0
2024-05-03 12:00:00+00:00,13.596276394643592,0.0
2024-05-03 13:00:00+00:00,13.596276394643592,0.0
2024-05-03 14:00:00+00:00,13.596276394643592,0.0
2024-05-03 15:00:00+00:00,13.596276394643592,0.0
2024-05-03 16:00:00+00:00,13.596276394643592,0.0
2024-05-03 17:00:00+00:00,13.596276394643592,0.0
2024-05-03 18:00:00+00:00,13.596276394643592,0.0
2024-05-03 19:00:00+00:00,13.596276394643592,0.0
2024-05-03 20:00:00+00:00,13.596276394643592,0.0
2024-05-03 21:00:00+00:00,13.596276394643592,0.0
2024-05-03 22:00:00+00:00,13.596276394643592,0.0
2024-05-03 23:00:00+00:00,13.596276394643592,0.0
2024-05-04 00:00:00+00:00,14.107736847052513,308776614.1523316
2024-05-04 01:00:00+00:00,14.107736847052513,0.0
2024-05-04 02:00:00+00:00,14.107736847052513,0.0
2024-05-04 03:00:00+00:00,14.107736847052513,0.0
2024-05-04 04:00:00+00:00,14.107736847052513,0.0
2024-05-04 05:00:00+00:00,14.107736847052513,0.0
2024-05-04 06:00:00+00:00,14.107736847052513,0.0
2024-05-04 07:00:00+00:00,14.107736847052513,0.0
2024-05-04 08:00:00+00:00,14.107736847052513,0.0
2024-05-04 09:00:00+00:00,14.107736847052513,0.0
2024-05-04 10:00:00+00:00,14.107736847052513,0.0
2024-05-04 11:00:00+00:00,14.107736847052513,0.0
2024-05-04 12:00:00+00:00,14.107736847052513,0.0
2024-05-04 13:00:00+00:00,14.107736847052513,0.0
2024-05-04 14:00:00+00:00,14.107736847052513,0.0
2024-05-04 15:00:00+00:00,14.107736847052513,0.0
2024-05-04 16:00:00+00:00,14.107736847052513,0.0
2024-05-04 17:00:00+00:00,14.107736847052513,0.0
2024-05-04 18:00:00+00:00,14.107736847052513,0.0
2024-05-04 19:00:00+00:00,14.107736847052513,0.0
2024-05-04 20:00:00+00:00,14.107736847052513,0.0
2024-05-04 21:00:00+00:00,14.107736847052513,0.0
2024-05-04 22:00:00+00:00,14.107736847052513,0.0
2024-05-04 23:00:00+00:00,14.107736847052513,0.0
2024-05-05 00:00:00+00:00,14.317349779759198,285579116.27340287
2024-05-05 01:00:00+00:00,14.317349779759198,0.0
2024-05-05 02:00:00+00:00,14.317349779759198,0.0
2024-05-05 03:00:00+00:00,14.317349779759198,0.0
2024-05-05 04:00:00+00:00,14.317349779759198,0.0
2024-05-05 05:00:00+00:00,14.317349779759198,0.0
2024-05-05 06:00:00+00:00,14.317349779759198,0.0
2024-05-05 07:00:00+00:00,14.317349779759198,0.0
2024-05-05 08:00:00+00:00,14.317349779759198,0.0
2024-05-05 09:00:00+00:00,14.317349779759198,0.0
2024-05-05 10:00:00+00:00,14.317349779759198,0.0
2024-05-05 11:00:00+00:00,14.317349779759198,0.0
2024-05-05 12:00:00+00:00,14.317349779759198,0.0
2024-05-05 13:00:00+00:00,14.317349779759198,0.0
2024-05-05 14:00:00+00:00,14.317349779759198,0.0
2024-05-05 15:00:00+00:00,14.317349779759198,0.0
2024-05-05 16:00:00+00:00,14.317349779759198,0.0
2024-05-05 17:00:00+00:00,14.317349779759198,0.0
2024-05-05 18:00:00+00:00,14.317349779759198,0.0
2024-05-05 19:00:00+00:00,14.317349779759198,0.0
2024-05-05 20:00:00+00:00,14.317349779759198,0.0
2024-05-05 21:00:00+00:00,14.317349779759198,0.0
2024-05-05 22:00:00+00:00,14.317349779759198,0.0
2024-05-05 23:00:00+00:00,14.317349779759198,0.0
2024-05-06 00:00:00+00:00,14.365395491770315,221184016.1442179
2024-05-06 01:00:00+00:00,14.365395491770315,0.0
2024-05-06 02:00:00+00:00,14.365395491770315,0.0
2024-05-06 03:00:00+00:00,14.365395491770315,0.0
2024-05-06 04:00:00+00:00,14.365395491770315,0.0
2024-05-06 05:00:00+00:00,14.365395491770315,0.0
2024-05-06 06:00:00+00:00,14.365395491770315,0.0
2024-05-06 07:00:00+00:00,14.365395491770315,0.0
2024-05-06 08:00:00+00:00,14.365395491770315,0.0
2024-05-06 09:00:00+00:00,14.365395491770315,0.0
2024-05-06 10:00:00+00:00,14.365395491770315,0.0
2024-05-06 11:00:00+00:00,14.365395491770315,0.0
2024-05-06 12:00:00+00:00,14.365395491770315,0.0
2024-05-06 13:00:00+00:00,14.365395491770315,0.0
2024-05-06 14:00:00+00:00,14.365395491770315,0.0
2024-05-06 15:00:00+00:00,14.365395491770315,0.0
2024-05-06 16:00:00+00:00,14.365395491770315,0.0
2024-05-06 17:00:00+00:00,14.365395491770315,0.0
2024-05-06 18:00:00+00:00,14.365395491770315,0.0
2024-05-06 19:00:00+00:00,14.365395491770315,0.0
2024-05-06 20:00:00+00:00,14.365395491770315,0.0
2024-05-06 21:00:00+00:00,14.365395491770315,0.0
2024-05-06 22:00:00+00:00,14.365395491770315,0.0
2024-05-06 23:00:00+00:00,14.365395491770315,0.0
2024-05-07 00:00:00+00:00,14.506570976120999,380519922.99340636
2024-05-07 01:00:00+00:00,14.506570976120999,0.0
2024-05-07 02:00:00+00:00,14.506570976120999,0.0
2024-05-07 03:00:00+00:00,14.506570976120999,0.0
2024-05-07 04:00:00+00:00,14.506570976120999,0.0
2024-05-07 05:00:00+00:00,14.506570976120999,0.0
2024-05-07 06:00:00+00:00,14.506570976120999,0.0
2024-05-07 07:00:00+00:00,14.506570976120999,0.0
2024-05-07 08:00:00+00:00,14.506570976120999,0.0
2024-05-07 09:00:00+00:00,14.506570976120999,0.0
2024-05-07 10:00:00+00:00,14.506570976120999,0.0
2024-05-07 11:00:00+00:00,14.506570976120999,0.0
2024-05-07 12:00:00+00:00,14.506570976120999,0.0
2024-05-07 13:00:00+00:00,14.506570976120999,0.0
2024-05-07 14:00:00+00:00,14.506570976120999,0.0
2024-05-07 15:00:00+00:00,14.506570976120999,0.0
2024-05-07 16:00:00+00:00,14.506570976120999,0.0
2024-05-07 17:00:00+00:00,14.506570976120999,0.0
2024-05-07 18:00:00+00:00,14.506570976120999,0.0
2024-05-07 19:00:00+00:00,14.506570976120999,0.0
2024-05-07 20:00:00+00:00,14.506570976120999,0.0
2024-05-07 21:00:00+00:00,14.506570976120999,0.0
2024-05-07 22:00:00+00:00,14.506570976120999,0.0
2024-05-07 23:00:00+00:00,14.506570976120999,0.0
2024-05-08 00:00:00+00:00,14.029189456273642,341200271.7898267
2024-05-08 01:00:00+00:00,14.029189456273642,0.0
2024-05-08 02:00:00+00:00,14.029189456273642,0.0
2024-05-08 03:00:00+00:00,14.029189456273642,0.0
2024-05-08 04:00:00+00:00,14.029189456273642,0.0
2024-05-08 05:00:00+00:00,14.029189456273642,0.0
2024-05-08 06:00:00+00:00,14.029189456273642,0.0
2024-05-08 07:00:00+00:00,14.029189456273642,0.0
2024-05-08 08:00:00+00:00,14.029189456273642,0.0
2024-05-08 09:00:00+00:00,14.029189456273642,0.0
2024-05-08 10:00:00+00:00,14.029189456273642,0.0
2024-05-08 11:00:00+00:00,14.029189456273642,0.0
2024-05-08 12:00:00+00:00,14.029189456273642,0.0
2024-05-08 13:00:00+00:00,14.029189456273642,0.0
2024-05-08 14:00:00+00:00,14.029189456273642,0.0
2024-05-08 15:00:00+00:00,14.029189456273642,0.0
2024-05-08 16:00:00+00:00,14.029189456273642,0.0
2024-05-08 17:00:00+00:00,14.029189456273642,0.0
2024-05-08 18:00:00+00:00,14.029189456273642,0.0
2024-05-08 19:00:00+00:00,14.029189456273642,0.0
2024-05-08 20:00:00+00:00,14.029189456273642,0.0
2024-05-08 21:00:00+00:00,14.029189456273642,0.0
2024-05-08 22:00:00+00:00,14.029189456273642,0.0
2024-05-08 23:00:00+00:00,14.029189456273642,0.0
2024-05-09 00:00:00+00:00,13.910351786352475,342437180.06464624
2024-05-09 01:00:00+00:00,13.910351786352475,0.0
2024-05-09 02:00:00+00:00,13.910351786352475,0.0
2024-05-09 03:00:00+00:00,13.910351786352475,0.0
2024-05-09 04:00:00+00:00,13.910351786352475,0.0
2024-05-09 05:00:00+00:00,13.910351786352475,0.0
2024-05-09 06:00:00+00:00,13.910351786352475,0.0
2024-05-09 07:00:00+00:00,13.910351786352475,0.0
2024-05-09 08:00:00+00:00,13.910351786352475,0.0
2024-05-09 09:00:00+00:00,13.910351786352475,0.0
2024-05-09 10:00:00+00:00,13.910351786352475,0.0
2024-05-09 11:00:00+00:00,13.910351786352475,0.0
2024-05-09 12:00:00+00:00,13.910351786352475,0.0
2024-05-09 13:00:00+00:00,13.910351786352475,0.0
2024-05-09 14:00:00+00:00,13.910351786352475,0.0
2024-05-09 15:00:00+00:00,13.910351786352475,0.0
2024-05-09 16:00:00+00:00,13.910351786352475,0.0
2024-05-09 17:00:00+00:00,13.910351786352475,0.0
2024-05-09 18:00:00+00:00,13.910351786352475,0.0
2024-05-09 19:00:00+00:00,13.910351786352475,0.0
2024-05-09 20:00:00+00:00,13.910351786352475,0.0
2024-05-09 21:00:00+00:00,13.910351786352475,0.0
2024-05-09 22:00:00+00:00,13.910351786352475,0.0
2024-05-09 23:00:00+00:00,13.910351786352475,0.0
2024-05-10 00:00:00+00:00,14.243720294293173,329221240.57897973
2024-05-10 01:00:00+00:00,14.243720294293173,0.0
2024-05-10 02:00:00+00:00,14.243720294293173,0.0
2024-05-10 03:00:00+00:00,14.243720294293173,0.0
2024-05-10 04:00:00+00:00,14.243720294293173,0.0
2024-05-10 05:00:00+00:00,14.243720294293173,0.0
2024-05-10 06:00:00+00:00,14.243720294293173,0.0
2024-05-10 07:00:00+00:00,14.243720294293173,0.0
2024-05-10 08:00:00+00:00,14.243720294293173,0.0
2024-05-10 09:00:00+00:00,14.243720294293173,0.0
2024-05-10 10:00:00+00:00,14.243720294293173,0.0
2024-05-10 11:00:00+00:00,14.243720294293173,0.0
2024-05-10 12:00:00+00:00,14.243720294293173,0.0
2024-05-10 13:00:00+00:00,14.243720294293173,0.0
2024-05-10 14:00:00+00:00,14.243720294293173,0.0
2024-05-10 15:00:00+00:00,14.243720294293173,0.0
2024-05-10 16:00:00+00:00,14.243720294293173,0.0
2024-05-10 17:00:00+00:00,14.243720294293173,0.0
2024-05-10 18:00:00+00:00,14.243720294293173,0.0
2024-05-10 19:00:00+00:00,14.243720294293173,0.0
2024-05-10 20:00:00+00:00,14.243720294293173,0.0
2024-05-10 21:00:00+00:00,14.243720294293173,0.0
2024-05-10 22:00:00+00:00,14.243720294293173,0.0
2024-05-10 23:00:00+00:00,14.243720294293173,0.0
2024-05-11 00:00:00+00:00,13.567790991572473,345687417.6191671
2024-05-11 01:00:00+00:00,13.567790991572473,0.0
2024-05-11 02:00:00+00:00,13.567790991572473,0.0
2024-05-11 03:00:00+00:00,13.567790991572473,0.0
2024-05-11 04:00:00+00:00,13.567790991572473,0.0
2024-05-11 05:00:00+00:00,13.567790991572473,0.0
2024-05-11 06:00:00+00:00,13.567790991572473,0.0
2024-05-11 07:00:00+00:00,13.567790991572473,0.0
2024-05-11 08:00:00+00:00,13.567790991572473,0.0
2024-05-11 09:00:00+00:00,13.567790991572473,0.0
2024-05-11 10:00:00+00:00,13.567790991572473,0.0
2024-05-11 11:00:00+00:00,13.567790991572473,0.0
2024-05-11 12:00:00+00:00,13.567790991572473,0.0
2024-05-11 13:00:00+00:00,13.567790991572473,0.0
2024-05-11 14:00:00+00:00,13.567790991572473,0.0
2024-05-11 15:00:00+00:00,13.567790991572473,0.0
2024-05-11 16:00:00+00:00,13.567790991572473,0.0
2024-05-11 17:00:00+00:00,13.567790991572473,0.0
2024-05-11 18:00:00+00:00,13.567790991572473,0.0
2024-05-11 19:00:00+00:00,13.567790991572473,0.0
2024-05-11 20:00:00+00:00,13.567790991572473,0.0
2024-05-11 21:00:00+00:00,13.567790991572473,0.0
2024-05-11 22:00:00+00:00,13.567790991572473,0.0
2024-05-11 23:00:00+00:00,13.567790991572473,0.0
2024-05-12 00:00:00+00:00,13.288952729505148,212924684.55291677
2024-05-12 01:00:00+00:00,13.288952729505148,0.0
2024-05-12 02:00:00+00:00,13.288952729505148,0.0
2024-05-12 03:00:00+00:00,13.288952729505148,0.0
2024-05-12 04:00:00+00:00,13.288952729505148,0.0
2024-05-12 05:00:00+00:00,13.288952729505148,0.0
2024-05-12 06:00:00+00:00,13.288952729505148,0.0
2024-05-12 07:00:00+00:00,13.288952729505148,0.0
2024-05-12 08:00:00+00:00,13.288952729505148,0.0
2024-05-12 09:00:00+00:00,13.288952729505148,0.0
2024-05-12 10:00:00+00:00,13.288952729505148,0.0
2024-05-12 11:00:00+00:00,13.288952729505148,0.0
2024-05-12 12:00:00+00:00,13.288952729505148,0.0
2024-05-12 13:00:00+00:00,13.288952729505148,0.0
2024-05-12 14:00:00+00:00,13.288952729505148,0.0
2024-05-12 15:00:00+00:00,13.288952729505148,0.0
2024-05-12 16:00:00+00:00,13.288952729505148,0.0
2024-05-12 17:00:00+00:00,13.288952729505148,0.0
2024-05-12 18:00:00+00:00,13.288952729505148,0.0
2024-05-12 19:00:00+00:00,13.288952729505148,0.0
2024-05-12 20:00:00+00:00,13.288952729505148,0.0
2024-05-12 21:00:00+00:00,13.288952729505148,0.0
2024-05-12 22:00:00+00:00,13.288952729505148,0.0
2024-05-12 23:00:00+00:00,13.288952729505148,0.0
2024-05-13 00:00:00+00:00,13.543141430691692,174905531.9241091
2024-05-13 01:00:00+00:00,13.543141430691692,0.0
2024-05-13 02:00:00+00:00,13.543141430691692,0.0
2024-05-13 03:00:00+00:00,13.543141430691692,0.0
2024-05-13 04:00:00+00:00,13.543141430691692,0.0
2024-05-13 05:00:00+00:00,13.543141430691692,0.0
2024-05-13 06:00:00+00:00,13.543141430691692,0.0
2024-05-13 07:00:00+00:00,13.543141430691692,0.0
2024-05-13 08:00:00+00:00,13.543141430691692,0.0
2024-05-13 09:00:00+00:00,13.543141430691692,0.0
2024-05-13 10:00:00+00:00,13.543141430691692,0.0
2024-05-13 11:00:00+00:00,13.543141430691692,0.0
2024-05-13 12:00:00+00:00,13.543141430691692,0.0
2024-05-13 13:00:00+00:00,13.543141430691692,0.0
2024-05-13 14:00:00+00:00,13.543141430691692,0.0
2024-05-13 15:00:00+00:00,13.543141430691692,0.0
2024-05-13 16:00:00+00:00,13.543141430691692,0.0
2024-05-13 17:00:00+00:00,13.543141430691692,0.0
2024-05-13 18:00:00+00:00,13.543141430691692,0.0
2024-05-13 19:00:00+00:00,13.543141430691692,0.0
2024-05-13 20:00:00+00:00,13.543141430691692,0.0
2024-05-13 21:00:00+00:00,13.543141430691692,0.0
2024-05-13 22:00:00+00:00,13.543141430691692,0.0
2024-05-13 23:00:00+00:00,13.543141430691692,0.0
2024-05-14 00:00:00+00:00,13.36786743064967,327966339.6492478
2024-05-14 01:00:00+00:00,13.36786743064967,0.0
2024-05-14 02:00:00+00:00,13.36786743064967,0.0
2024-05-14 03:00:00+00:00,13.36786743064967,0.0
2024-05-14 04:00:00+00:00,13.36786743064967,0.0
2024-05-14 05:00:00+00:00,13.36786743064967,0.0
2024-05-14 06:00:00+00:00,13.36786743064967,0.0
2024-05-14 07:00:00+00:00,13.36786743064967,0.0
2024-05-14 08:00:00+00:00,13.36786743064967,0.0
2024-05-14 09:00:00+00:00,13.36786743064967,0.0
2024-05-14 10:00:00+00:00,13.36786743064967,0.0
2024-05-14 11:00:00+00:00,13.36786743064967,0.0
2024-05-14 12:00:00+00:00,13.36786743064967,0.0
2024-05-14 13:00:00+00:00,13.36786743064967,0.0
2024-05-14 14:00:00+00:00,13.36786743064967,0.0
2024-05-14 15:00:00+00:00,13.36786743064967,0.0
2024-05-14 16:00:00+00:00,13.36786743064967,0.0
2024-05-14 17:00:00+00:00,13.36786743064967,0.0
2024-05-14 18:00:00+00:00,13.36786743064967,0.0
2024-05-14 19:00:00+00:00,13.36786743064967,0.0
2024-05-14 20:00:00+00:00,13.36786743064967,0.0
2024-05-14 21:00:00+00:00,13.36786743064967,0.0
2024-05-14 22:00:00+00:00,13.36786743064967,0.0
2024-05-14 23:00:00+00:00,13.36786743064967,0.0
2024-05-15 00:00:00+00:00,12.982056814900428,340976059.3790797
2024-05-15 01:00:00+00:00,12.982056814900428,0.0
2024-05-15 02:00:00+00:00,12.982056814900428,0.0
2024-05-15 03:00:00+00:00,12.982056814900428,0.0
2024-05-15 04:00:00+00:00,12.982056814900428,0.0
2024-05-15 05:00:00+00:00,12.982056814900428,0.0
2024-05-15 06:00:00+00:00,12.982056814900428,0.0
2024-05-15 07:00:00+00:00,12.982056814900428,0.0
2024-05-15 08:00:00+00:00,12.982056814900428,0.0
2024-05-15 09:00:00+00:00,12.982056814900428,0.0
2024-05-15 10:00:00+00:00,12.982056814900428,0.0
2024-05-15 11:00:00+00:00,12.982056814900428,0.0
2024-05-15 12:00:00+00:00,12.982056814900428,0.0
2024-05-15 13:00:00+00:00,12.982056814900428,0.0
2024-05-15 14:00:00+00:00,12.982056814900428,0.0
2024-05-15 15:00:00+00:00,12.982056814900428,0.0
2024-05-15 16:00:00+00:00,12.982056814900428,0.0
2024-05-15 17:00:00+00:00,12.982056814900428,0.0
2024-05-15 18:00:00+00:00,12.982056814900428,0.0
2024-05-15 19:00:00+00:00,12.982056814900428,0.0
2024-05-15 20:00:00+00:00,12.982056814900428,0.0
2024-05-15 21:00:00+00:00,12.982056814900428,0.0
2024-05-15 22:00:00+00:00,12.982056814900428,0.0
2024-05-15 23:00:00+00:00,12.982056814900428,0.0
2024-05-16 00:00:00+00:00,13.889618671297724,353684052.3662419
2024-05-16 01:00:00+00:00,13.889618671297724,0.0
2024-05-16 02:00:00+00:00,13.889618671297724,0.0
2024-05-16 03:00:00+00:00,13.889618671297724,0.0
2024-05-16 04:00:00+00:00,13.889618671297724,0.0
2024-05-16 05:00:00+00:00,13.889618671297724,0.0
2024-05-16 06:00:00+00:00,13.889618671297724,0.0
2024-05-16 07:00:00+00:00,13.889618671297724,0.0
2024-05-16 08:00:00+00:00,13.889618671297724,0.0
2024-05-16 09:00:00+00:00,13.889618671297724,0.0
2024-05-16 10:00:00+00:00,13.889618671297724,0.0
2024-05-16 11:00:00+00:00,13.889618671297724,0.0
2024-05-16 12:00:00+00:00,13.889618671297724,0.0
2024-05-16 13:00:00+00:00,13.889618671297724,0.0
2024-05-16 14:00:00+00:00,13.889618671297724,0.0
2024-05-16 15:00:00+00:00,13.889618671297724,0.0
2024-05-16 16:00:00+00:00,13.889618671297724,0.0
2024-05-16 17:00:00+00:00,13.889618671297724,0.0
2024-05-16 18:00:00+00:00,13.889618671297724,0.0
2024-05-16 19:00:00+00:00,13.889618671297724,0.0
2024-05-16 20:00:00+00:00,13.889618671297724,0.0
2024-05-16 21:00:00+00:00,13.889618671297724,0.0
2024-05-16 22:00:00+00:00,13.889618671297724,0.0
2024-05-16 23:00:00+00:00,13.889618671297724,0.0
2024-05-17 00:00:00+00:00,15.500365228997573,753353567.8737805
2024-05-17 01:00:00+00:00,15.500365228997573,0.0
2024-05-17 02:00:00+00:00,15.500365228997573,0.0
2024-05-17 03:00:00+00:00,15.500365228997573,0.0
2024-05-17 04:00:00+00:00,15.500365228997573,0.0
2024-05-17 05:00:00+00:00,15.500365228997573,0.0
2024-05-17 06:00:00+00:00,15.500365228997573,0.0
2024-05-17 07:00:00+00:00,15.500365228997573,0.0
2024-05-17 08:00:00+00:00,15.500365228997573,0.0
2024-05-17 09:00:00+00:00,15.500365228997573,0.0
2024-05-17 10:00:00+00:00,15.500365228997573,0.0
2024-05-17 11:00:00+00:00,15.500365228997573,0.0
2024-05-17 12:00:00+00:00,15.500365228997573,0.0
2024-05-17 13:00:00+00:00,15.500365228997573,0.0
2024-05-17 14:00:00+00:00,15.500365228997573,0.0
2024-05-17 15:00:00+00:00,15.500365228997573,0.0
2024-05-17 16:00:00+00:00,15.500365228997573,0.0
2024-05-17 17:00:00+00:00,15.500365228997573,0.0
2024-05-17 18:00:00+00:00,15.500365228997573,0.0
2024-05-17 19:00:00+00:00,15.500365228997573,0.0
2024-05-17 20:00:00+00:00,15.500365228997573,0.0
2024-05-17 21:00:00+00:00,15.500365228997573,0.0
2024-05-17 22:00:00+00:00,15.500365228997573,0.0
2024-05-17 23:00:00+00:00,15.500365228997573,0.0
2024-05-18 00:00:00+00:00,16.265869753444004,1117102343.135824
2024-05-18 01:00:00+00:00,16.265869753444004,0.0
2024-05-18 02:00:00+00:00,16.265869753444004,0.0
2024-05-18 03:00:00+00:00,16.265869753444004,0.0
2024-05-18 04:00:00+00:00,16.265869753444004,0.0
2024-05-18 05:00:00+00:00,16.265869753444004,0.0
2024-05-18 06:00:00+00:00,16.265869753444004,0.0
2024-05-18 07:00:00+00:00,16.265869753444004,0.0
2024-05-18 08:00:00+00:00,16.265869753444004,0.0
2024-05-18 09:00:00+00:00,16.265869753444004,0.0
2024-05-18 10:00:00+00:00,16.265869753444004,0.0
2024-05-18 11:00:00+00:00,16.265869753444004,0.0
2024-05-18 12:00:00+00:00,16.265869753444004,0.0
2024-05-18 13:00:00+00:00,16.265869753444004,0.0
2024-05-18 14:00:00+00:00,16.265869753444004,0.0
2024-05-18 15:00:00+00:00,16.265869753444004,0.0
2024-05-18 16:00:00+00:00,16.265869753444004,0.0
2024-05-18 17:00:00+00:00,16.265869753444004,0.0
2024-05-18 18:00:00+00:00,16.265869753444004,0.0
2024-05-18 19:00:00+00:00,16.265869753444004,0.0
2024-05-18 20:00:00+00:00,16.265869753444004,0.0
2024-05-18 21:00:00+00:00,16.265869753444004,0.0
2024-05-18 22:00:00+00:00,16.265869753444004,0.0
2024-05-18 23:00:00+00:00,16.265869753444004,0.0
2024-05-19 00:00:00+00:00,16.294498757704385,457027463.6598552
2024-05-19 01:00:00+00:00,16.294498757704385,0.0
2024-05-19 02:00:00+00:00,16.294498757704385,0.0
2024-05-19 03:00:00+00:00,16.294498757704385,0.0
2024-05-19 04:00:00+00:00,16.294498757704385,0.0
2024-05-19 05:00:00+00:00,16.294498757704385,0.0
2024-05-19 06:00:00+00:00,16.294498757704385,0.0
2024-05-19 07:00:00+00:00,16.294498757704385,0.0
2024-05-19 08:00:00+00:00,16.294498757704385,0.0
2024-05-19 09:00:00+00:00,16.294498757704385,0.0
2024-05-19 10:00:00+00:00,16.294498757704385,0.0
2024-05-19 11:00:00+00:00,16.294498757704385,0.0
2024-05-19 12:00:00+00:00,16.294498757704385,0.0
2024-05-19 13:00:00+00:00,16.294498757704385,0.0
2024-05-19 14:00:00+00:00,16.294498757704385,0.0
2024-05-19 15:00:00+00:00,16.294498757704385,0.0
2024-05-19 16:00:00+00:00,16.294498757704385,0.0
2024-05-19 17:00:00+00:00,16.294498757704385,0.0
2024-05-19 18:00:00+00:00,16.294498757704385,0.0
2024-05-19 19:00:00+00:00,16.294498757704385,0.0
2024-05-19 20:00:00+00:00,16.294498757704385,0.0
2024-05-19 21:00:00+00:00,16.294498757704385,0.0
2024-05-19 22:00:00+00:00,16.294498757704385,0.0
2024-05-19 23:00:00+00:00,16.294498757704385,0.0
2024-05-20 00:00:00+00:00,16.585506116668817,637545958.8392193
2024-05-20 01:00:00+00:00,16.585506116668817,0.0
2024-05-20 02:00:00+00:00,16.585506116668817,0.0
2024-05-20 03:00:00+00:00,16.585506116668817,0.0
2024-05-20 04:00:00+00:00,16.585506116668817,0.0
2024-05-20 05:00:00+00:00,16.585506116668817,0.0
2024-05-20 06:00:00+00:00,16.585506116668817,0.0
2024-05-20 07:00:00+00:00,16.585506116668817,0.0
2024-05-20 08:00:00+00:00,16.585506116668817,0.0
2024-05-20 09:00:00+00:00,16.585506116668817,0.0
2024-05-20 10:00:00+00:00,16.585506116668817,0.0
2024-05-20 11:00:00+00:00,16.585506116668817,0.0
2024-05-20 12:00:00+00:00,16.585506116668817,0.0
2024-05-20 13:00:00+00:00,16.585506116668817,0.0
2024-05-20 14:00:00+00:00,16.585506116668817,0.0
2024-05-20 15:00:00+00:00,16.585506116668817,0.0
2024-05-20 16:00:00+00:00,16.585506116668817,0.0
2024-05-20 17:00:00+00:00,16.585506116668817,0.0
2024-05-20 18:00:00+00:00,16.585506116668817,0.0
2024-05-20 19:00:00+00:00,16.585506116668817,0.0
2024-05-20 20:00:00+00:00,16.585506116668817,0.0
2024-05-20 21:00:00+00:00,16.585506116668817,0.0
2024-05-20 22:00:00+00:00,16.585506116668817,0.0
2024-05-20 23:00:00+00:00,16.585506116668817,0.0
2024-05-21 00:00:00+00:00,17.3114625866685,861998000.531511
2024-05-21 01:00:00+00:00,17.3114625866685,0.0
2024-05-21 02:00:00+00:00,17.3114625866685,0.0
2024-05-21 03:00:00+00:00,17.3114625866685,0.0
2024-05-21 04:00:00+00:00,17.3114625866685,0.0
2024-05-21 05:00:00+00:00,17.3114625866685,0.0
2024-05-21 06:00:00+00:00,17.3114625866685,0.0
2024-05-21 07:00:00+00:00,17.3114625866685,0.0
2024-05-21 08:00:00+00:00,17.3114625866685,0.0
2024-05-21 09:00:00+00:00,17.3114625866685,0.0
2024-05-21 10:00:00+00:00,17.3114625866685,0.0
2024-05-21 11:00:00+00:00,17.3114625866685,0.0
2024-05-21 12:00:00+00:00,17.3114625866685,0.0
2024-05-21 13:00:00+00:00,17.3114625866685,0.0
2024-05-21 14:00:00+00:00,17.3114625866685,0.0
2024-05-21 15:00:00+00:00,17.3114625866685,0.0
2024-05-21 16:00:00+00:00,17.3114625866685,0.0
2024-05-21 17:00:00+00:00,17.3114625866685,0.0
2024-05-21 18:00:00+00:00,17.3114625866685,0.0
2024-05-21 19:00:00+00:00,17.3114625866685,0.0
2024-05-21 20:00:00+00:00,17.3114625866685,0.0
2024-05-21 21:00:00+00:00,17.3114625866685,0.0
2024-05-21 22:00:00+00:00,17.3114625866685,0.0
2024-05-21 23:00:00+00:00,17.3114625866685,0.0
2024-05-22 00:00:00+00:00,16.752554292673604,684807581.2752328
2024-05-22 01:00:00+00:00,16.752554292673604,0.0
2024-05-22 02:00:00+00:00,16.752554292673604,0.0
2024-05-22 03:00:00+00:00,16.752554292673604,0.0
2024-05-22 04:00:00+00:00,16.752554292673604,0.0
2024-05-22 05:00:00+00:00,16.752554292673604,0.0
2024-05-22 06:00:00+00:00,16.752554292673604,0.0
2024-05-22 07:00:00+00:00,16.752554292673604,0.0
2024-05-22 08:00:00+00:00,16.752554292673604,0.0
2024-05-22 09:00:00+00:00,16.752554292673604,0.0
2024-05-22 10:00:00+00:00,16.752554292673604,0.0
2024-05-22 11:00:00+00:00,16.752554292673604,0.0
2024-05-22 12:00:00+00:00,16.752554292673604,0.0
2024-05-22 13:00:00+00:00,16.752554292673604,0.0
2024-05-22 14:00:00+00:00,16.752554292673604,0.0
2024-05-22 15:00:00+00:00,16.752554292673604,0.0
2024-05-22 16:00:00+00:00,16.752554292673604,0.0
2024-05-22 17:00:00+00:00,16.752554292673604,0.0
2024-05-22 18:00:00+00:00,16.752554292673604,0.0
2024-05-22 19:00:00+00:00,16.752554292673604,0.0
2024-05-22 20:00:00+00:00,16.752554292673604,0.0
2024-05-22 21:00:00+00:00,16.752554292673604,0.0
2024-05-22 22:00:00+00:00,16.752554292673604,0.0
2024-05-22 23:00:00+00:00,16.752554292673604,0.0
2024-05-23 00:00:00+00:00,16.346469160878005,519483665.92078745
2024-05-23 01:00:00+00:00,16.346469160878005,0.0
2024-05-23 02:00:00+00:00,16.346469160878005,0.0
2024-05-23 03:00:00+00:00,16.346469160878005,0.0
2024-05-23 04:00:00+00:00,16.346469160878005,0.0
2024-05-23 05:00:00+00:00,16.346469160878005,0.0
2024-05-23 06:00:00+00:00,16.346469160878005,0.0
2024-05-23 07:00:00+00:00,16.346469160878005,0.0
2024-05-23 08:00:00+00:00,16.346469160878005,0.0
2024-05-23 09:00:00+00:00,16.346469160878005,0.0
2024-05-23 10:00:00+00:00,16.346469160878005,0.0
2024-05-23 11:00:00+00:00,16.346469160878005,0.0
2024-05-23 12:00:00+00:00,16.346469160878005,0.0
2024-05-23 13:00:00+00:00,16.346469160878005,0.0
2024-05-23 14:00:00+00:00,16.346469160878005,0.0
2024-05-23 15:00:00+00:00,16.346469160878005,0.0
2024-05-23 16:00:00+00:00,16.346469160878005,0.0
2024-05-23 17:00:00+00:00,16.346469160878005,0.0
2024-05-23 18:00:00+00:00,16.346469160878005,0.0
2024-05-23 19:00:00+00:00,16.346469160878005,0.0
2024-05-23 20:00:00+00:00,16.346469160878005,0.0
2024-05-23 21:00:00+00:00,16.346469160878005,0.0
2024-05-23 22:00:00+00:00,16.346469160878005,0.0
2024-05-23 23:00:00+00:00,16.346469160878005,0.0
2024-05-24 00:00:00+00:00,16.588429833529233,733679753.7753234
2024-05-24 01:00:00+00:00,16.588429833529233,0.0
2024-05-24 02:00:00+00:00,16.588429833529233,0.0
2024-05-24 03:00:00+00:00,16.588429833529233,0.0
2024-05-24 04:00:00+00:00,16.588429833529233,0.0
2024-05-24 05:00:00+00:00,16.588429833529233,0.0
2024-05-24 06:00:00+00:00,16.588429833529233,0.0
2024-05-24 07:00:00+00:00,16.588429833529233,0.0
2024-05-24 08:00:00+00:00,16.588429833529233,0.0
2024-05-24 09:00:00+00:00,16.588429833529233,0.0
2024-05-24 10:00:00+00:00,16.588429833529233,0.0
2024-05-24 11:00:00+00:00,16.588429833529233,0.0
2024-05-24 12:00:00+00:00,16.588429833529233,0.0
2024-05-24 13:00:00+00:00,16.588429833529233,0.0
2024-05-24 14:00:00+00:00,16.588429833529233,0.0
2024-05-24 15:00:00+00:00,16.588429833529233,0.0
2024-05-24 16:00:00+00:00,16.588429833529233,0.0
2024-05-24 17:00:00+00:00,16.588429833529233,0.0
2024-05-24 18:00:00+00:00,16.588429833529233,0.0
2024-05-24 19:00:00+00:00,16.588429833529233,0.0
2024-05-24 20:00:00+00:00,16.588429833529233,0.0
2024-05-24 21:00:00+00:00,16.588429833529233,0.0
2024-05-24 22:00:00+00:00,16.588429833529233,0.0
2024-05-24 23:00:00+00:00,16.588429833529233,0.0
2024-05-25 00:00:00+00:00,17.244819461427912,919375017.9769553
2024-05-25 01:00:00+00:00,17.244819461427912,0.0
2024-05-25 02:00:00+00:00,17.244819461427912,0.0
2024-05-25 03:00:00+00:00,17.244819461427912,0.0
2024-05-25 04:00:00+00:00,17.244819461427912,0.0
2024-05-25 05:00:00+00:00,17.244819461427912,0.0
2024-05-25 06:00:00+00:00,17.244819461427912,0.0
2024-05-25 07:00:00+00:00,17.244819461427912,0.0
2024-05-25 08:00:00+00:00,17.244819461427912,0.0
2024-05-25 09:00:00+00:00,17.244819461427912,0.0
2024-05-25 10:00:00+00:00,17.244819461427912,0.0
2024-05-25 11:00:00+00:00,17.244819461427912,0.0
2024-05-25 12:00:00+00:00,17.244819461427912,0.0
2024-05-25 13:00:00+00:00,17.244819461427912,0.0
2024-05-25 14:00:00+00:00,17.244819461427912,0.0
2024-05-25 15:00:00+00:00,17.244819461427912,0.0
2024-05-25 16:00:00+00:00,17.244819461427912,0.0
2024-05-25 17:00:00+00:00,17.244819461427912,0.0
2024-05-25 18:00:00+00:00,17.244819461427912,0.0
2024-05-25 19:00:00+00:00,17.244819461427912,0.0
2024-05-25 20:00:00+00:00,17.244819461427912,0.0
2024-05-25 21:00:00+00:00,17.244819461427912,0.0
2024-05-25 22:00:00+00:00,17.244819461427912,0.0
2024-05-25 23:00:00+00:00,17.244819461427912,0.0
2024-05-26 00:00:00+00:00,17.435623571050737,375629154.835054
2024-05-26 01:00:00+00:00,17.435623571050737,0.0
2024-05-26 02:00:00+00:00,17.435623571050737,0.0
2024-05-26 03:00:00+00:00,17.435623571050737,0.0
2024-05-26 04:00:00+00:00,17.435623571050737,0.0
2024-05-26 05:00:00+00:00,17.435623571050737,0.0
2024-05-26 06:00:00+00:00,17.435623571050737,0.0
2024-05-26 07:00:00+00:00,17.435623571050737,0.0
2024-05-26 08:00:00+00:00,17.435623571050737,0.0
2024-05-26 09:00:00+00:00,17.435623571050737,0.0
2024-05-26 10:00:00+00:00,17.435623571050737,0.0
2024-05-26 11:00:00+00:00,17.435623571050737,0.0
2024-05-26 12:00:00+00:00,17.435623571050737,0.0
2024-05-26 13:00:00+00:00,17.435623571050737,0.0
2024-05-26 14:00:00+00:00,17.435623571050737,0.0
2024-05-26 15:00:00+00:00,17.435623571050737,0.0
2024-05-26 16:00:00+00:00,17.435623571050737,0.0
2024-05-26 17:00:00+00:00,17.435623571050737,0.0
2024-05-26 18:00:00+00:00,17.435623571050737,0.0
2024-05-26 19:00:00+00:00,17.435623571050737,0.0
2024-05-26 20:00:00+00:00,17.435623571050737,0.0
2024-05-26 21:00:00+00:00,17.435623571050737,0.0
2024-05-26 22:00:00+00:00,17.435623571050737,0.0
2024-05-26 23:00:00+00:00,17.435623571050737,0.0
2024-05-27 00:00:00+00:00,17.04863017785704,416317862.1345283
2024-05-27 01:00:00+00:00,17.04863017785704,0.0
2024-05-27 02:00:00+00:00,17.04863017785704,0.0
2024-05-27 03:00:00+00:00,17.04863017785704,0.0
2024-05-27 04:00:00+00:00,17.04863017785704,0.0
2024-05-27 05:00:00+00:00,17.04863017785704,0.0
2024-05-27 06:00:00+00:00,17.04863017785704,0.0
2024-05-27 07:00:00+00:00,17.04863017785704,0.0
2024-05-27 08:00:00+00:00,17.04863017785704,0.0
2024-05-27 09:00:00+00:00,17.04863017785704,0.0
2024-05-27 10:00:00+00:00,17.04863017785704,0.0
2024-05-27 11:00:00+00:00,17.04863017785704,0.0
2024-05-27 12:00:00+00:00,17.04863017785704,0.0
2024-05-27 13:00:00+00:00,17.04863017785704,0.0
2024-05-27 14:00:00+00:00,17.04863017785704,0.0
2024-05-27 15:00:00+00:00,17.04863017785704,0.0
2024-05-27 16:00:00+00:00,17.04863017785704,0.0
2024-05-27 17:00:00+00:00,17.04863017785704,0.0
2024-05-27 18:00:00+00:00,17.04863017785704,0.0
2024-05-27 19:00:00+00:00,17.04863017785704,0.0
2024-05-27 20:00:00+00:00,17.04863017785704,0.0
2024-05-27 21:00:00+00:00,17.04863017785704,0.0
2024-05-27 22:00:00+00:00,17.04863017785704,0.0
2024-05-27 23:00:00+00:00,17.04863017785704,0.0
2024-05-28 00:00:00+00:00,18.788915013535576,750990673.4924821
2024-05-28 01:00:00+00:00,18.788915013535576,0.0
2024-05-28 02:00:00+00:00,18.788915013535576,0.0
2024-05-28 03:00:00+00:00,18.788915013535576,0.0
2024-05-28 04:00:00+00:00,18.788915013535576,0.0
2024-05-28 05:00:00+00:00,18.788915013535576,0.0
2024-05-28 06:00:00+00:00,18.788915013535576,0.0
2024-05-28 07:00:00+00:00,18.788915013535576,0.0
2024-05-28 08:00:00+00:00,18.788915013535576,0.0
2024-05-28 09:00:00+00:00,18.788915013535576,0.0
2024-05-28 10:00:00+00:00,18.788915013535576,0.0
2024-05-28 11:00:00+00:00,18.788915013535576,0.0
2024-05-28 12:00:00+00:00,18.788915013535576,0.0
2024-05-28 13:00:00+00:00,18.788915013535576,0.0
2024-05-28 14:00:00+00:00,18.788915013535576,0.0
2024-05-28 15:00:00+00:00,18.788915013535576,0.0
2024-05-28 16:00:00+00:00,18.788915013535576,0.0
2024-05-28 17:00:00+00:00,18.788915013535576,0.0
2024-05-28 18:00:00+00:00,18.788915013535576,0.0
2024-05-28 19:00:00+00:00,18.788915013535576,0.0
2024-05-28 20:00:00+00:00,18.788915013535576,0.0
2024-05-28 21:00:00+00:00,18.788915013535576,0.0
2024-05-28 22:00:00+00:00,18.788915013535576,0.0
2024-05-28 23:00:00+00:00,18.788915013535576,0.0
2024-05-29 00:00:00+00:00,18.51595387526765,794704622.7703652
2024-05-29 01:00:00+00:00,18.51595387526765,0.0
2024-05-29 02:00:00+00:00,18.51595387526765,0.0
2024-05-29 03:00:00+00:00,18.51595387526765,0.0
2024-05-29 04:00:00+00:00,18.51595387526765,0.0
2024-05-29 05:00:00+00:00,18.51595387526765,0.0
2024-05-29 06:00:00+00:00,18.51595387526765,0.0
2024-05-29 07:00:00+00:00,18.51595387526765,0.0
2024-05-29 08:00:00+00:00,18.51595387526765,0.0
2024-05-29 09:00:00+00:00,18.51595387526765,0.0
2024-05-29 10:00:00+00:00,18.51595387526765,0.0
2024-05-29 11:00:00+00:00,18.51595387526765,0.0
2024-05-29 12:00:00+00:00,18.51595387526765,0.0
2024-05-29 13:00:00+00:00,18.51595387526765,0.0
2024-05-29 14:00:00+00:00,18.51595387526765,0.0
2024-05-29 15:00:00+00:00,18.51595387526765,0.0
2024-05-29 16:00:00+00:00,18.51595387526765,0.0
2024-05-29 17:00:00+00:00,18.51595387526765,0.0
2024-05-29 18:00:00+00:00,18.51595387526765,0.0
2024-05-29 19:00:00+00:00,18.51595387526765,0.0
2024-05-29 20:00:00+00:00,18.51595387526765,0.0
2024-05-29 21:00:00+00:00,18.51595387526765,0.0
2024-05-29 22:00:00+00:00,18.51595387526765,0.0
2024-05-29 23:00:00+00:00,18.51595387526765,0.0
2024-05-30 00:00:00+00:00,18.455037795154595,612650090.3848513
2024-05-30 01:00:00+00:00,18.455037795154595,0.0
2024-05-30 02:00:00+00:00,18.455037795154595,0.0
2024-05-30 03:00:00+00:00,18.455037795154595,0.0
2024-05-30 04:00:00+00:00,18.455037795154595,0.0
2024-05-30 05:00:00+00:00,18.455037795154595,0.0
2024-05-30 06:00:00+00:00,18.455037795154595,0.0
2024-05-30 07:00:00+00:00,18.455037795154595,0.0
2024-05-30 08:00:00+00:00,18.455037795154595,0.0
2024-05-30 09:00:00+00:00,18.455037795154595,0.0
2024-05-30 10:00:00+00:00,18.455037795154595,0.0
2024-05-30 11:00:00+00:00,18.455037795154595,0.0
2024-05-30 12:00:00+00:00,18.455037795154595,0.0
2024-05-30 13:00:00+00:00,18.455037795154595,0.0
2024-05-30 14:00:00+00:00,18.455037795154595,0.0
2024-05-30 15:00:00+00:00,18.455037795154595,0.0
2024-05-30 16:00:00+00:00,18.455037795154595,0.0
2024-05-30 17:00:00+00:00,18.455037795154595,0.0
2024-05-30 18:00:00+00:00,18.455037795154595,0.0
2024-05-30 19:00:00+00:00,18.455037795154595,0.0
2024-05-30 20:00:00+00:00,18.455037795154595,0.0
2024-05-30 21:00:00+00:00,18.455037795154595,0.0
2024-05-30 22:00:00+00:00,18.455037795154595,0.0
2024-05-30 23:00:00+00:00,18.455037795154595,0.0
2024-05-31 00:00:00+00:00,17.957451061755325,544039196.1912959
2024-05-31 01:00:00+00:00,17.957451061755325,0.0
2024-05-31 02:00:00+00:00,17.957451061755325,0.0
2024-05-31 03:00:00+00:00,17.957451061755325,0.0
2024-05-31 04:00:00+00:00,17.957451061755325,0.0
2024-05-31 05:00:00+00:00,17.957451061755325,0.0
2024-05-31 06:00:00+00:00,17.957451061755325,0.0
2024-05-31 07:00:00+00:00,17.957451061755325,0.0
2024-05-31 08:00:00+00:00,17.957451061755325,0.0
2024-05-31 09:00:00+00:00,17.957451061755325,0.0
2024-05-31 10:00:00+00:00,17.957451061755325,0.0
2024-05-31 11:00:00+00:00,17.957451061755325,0.0
2024-05-31 12:00:00+00:00,17.957451061755325,0.0
2024-05-31 13:00:00+00:00,17.957451061755325,0.0
2024-05-31 14:00:00+00:00,17.957451061755325,0.0
2024-05-31 15:00:00+00:00,17.957451061755325,0.0
2024-05-31 16:00:00+00:00,17.957451061755325,0.0
2024-05-31 17:00:00+00:00,17.957451061755325,0.0
2024-05-31 18:00:00+00:00,17.957451061755325,0.0
2024-05-31 19:00:00+00:00,17.957451061755325,0.0
2024-05-31 20:00:00+00:00,17.957451061755325,0.0
2024-05-31 21:00:00+00:00,17.957451061755325,0.0
2024-05-31 22:00:00+00:00,17.957451061755325,0.0
2024-05-31 23:00:00+00:00,17.957451061755325,0.0
2024-06-01 00:00:00+00:00,18.41544431733375,465384713.91099775
2024-06-01 01:00:00+00:00,18.41544431733375,0.0
2024-06-01 02:00:00+00:00,18.41544431733375,0.0
2024-06-01 03:00:00+00:00,18.41544431733375,0.0
2024-06-01 04:00:00+00:00,18.41544431733375,0.0
2024-06-01 05:00:00+00:00,18.41544431733375,0.0
2024-06-01 06:00:00+00:00,18.41544431733375,0.0
2024-06-01 07:00:00+00:00,18.41544431733375,0.0
2024-06-01 08:00:00+00:00,18.41544431733375,0.0
2024-06-01 09:00:00+00:00,18.41544431733375,0.0
2024-06-01 10:00:00+00:00,18.41544431733375,0.0
2024-06-01 11:00:00+00:00,18.41544431733375,0.0
2024-06-01 12:00:00+00:00,18.41544431733375,0.0
2024-06-01 13:00:00+00:00,18.41544431733375,0.0
2024-06-01 14:00:00+00:00,18.41544431733375,0.0
2024-06-01 15:00:00+00:00,18.41544431733375,0.0
2024-06-01 16:00:00+00:00,18.41544431733375,0.0
2024-06-01 17:00:00+00:00,18.41544431733375,0.0
2024-06-01 18:00:00+00:00,18.41544431733375,0.0
2024-06-01 19:00:00+00:00,18.41544431733375,0.0
2024-06-01 20:00:00+00:00,18.41544431733375,0.0
2024-06-01 21:00:00+00:00,18.41544431733375,0.0
2024-06-01 22:00:00+00:00,18.41544431733375,0.0
2024-06-01 23:00:00+00:00,18.41544431733375,0.0
2024-06-02 00:00:00+00:00,18.408537914877254,292655841.49736714
2024-06-02 01:00:00+00:00,18.408537914877254,0.0
2024-06-02 02:00:00+00:00,18.408537914877254,0.0
2024-06-02 03:00:00+00:00,18.408537914877254,0.0
2024-06-02 04:00:00+00:00,18.408537914877254,0.0
2024-06-02 05:00:00+00:00,18.408537914877254,0.0
2024-06-02 06:00:00+00:00,18.408537914877254,0.0
2024-06-02 07:00:00+00:00,18.408537914877254,0.0
2024-06-02 08:00:00+00:00,18.408537914877254,0.0
2024-06-02 09:00:00+00:00,18.408537914877254,0.0
2024-06-02 10:00:00+00:00,18.408537914877254,0.0
2024-06-02 11:00:00+00:00,18.408537914877254,0.0
2024-06-02 12:00:00+00:00,18.408537914877254,0.0
2024-06-02 13:00:00+00:00,18.408537914877254,0.0
2024-06-02 14:00:00+00:00,18.408537914877254,0.0
2024-06-02 15:00:00+00:00,18.408537914877254,0.0
2024-06-02 16:00:00+00:00,18.408537914877254,0.0
2024-06-02 17:00:00+00:00,18.408537914877254,0.0
2024-06-02 18:00:00+00:00,18.408537914877254,0.0
2024-06-02 19:00:00+00:00,18.408537914877254,0.0
2024-06-02 20:00:00+00:00,18.408537914877254,0.0
2024-06-02 21:00:00+00:00,18.408537914877254,0.0
2024-06-02 22:00:00+00:00,18.408537914877254,0.0
2024-06-02 23:00:00+00:00,18.408537914877254,0.0
2024-06-03 00:00:00+00:00,18.12624140420902,302992078.2035587
2024-06-03 01:00:00+00:00,18.12624140420902,0.0
2024-06-03 02:00:00+00:00,18.12624140420902,0.0
2024-06-03 03:00:00+00:00,18.12624140420902,0.0
2024-06-03 04:00:00+00:00,18.12624140420902,0.0
2024-06-03 05:00:00+00:00,18.12624140420902,0.0
2024-06-03 06:00:00+00:00,18.12624140420902,0.0
2024-06-03 07:00:00+00:00,18.12624140420902,0.0
2024-06-03 08:00:00+00:00,18.12624140420902,0.0
2024-06-03 09:00:00+00:00,18.12624140420902,0.0
2024-06-03 10:00:00+00:00,18.12624140420902,0.0
2024-06-03 11:00:00+00:00,18.12624140420902,0.0
2024-06-03 12:00:00+00:00,18.12624140420902,0.0
2024-06-03 13:00:00+00:00,18.12624140420902,0.0
2024-06-03 14:00:00+00:00,18.12624140420902,0.0
2024-06-03 15:00:00+00:00,18.12624140420902,0.0
2024-06-03 16:00:00+00:00,18.12624140420902,0.0
2024-06-03 17:00:00+00:00,18.12624140420902,0.0
2024-06-03 18:00:00+00:00,18.12624140420902,0.0
2024-06-03 19:00:00+00:00,18.12624140420902,0.0
2024-06-03 20:00:00+00:00,18.12624140420902,0.0
2024-06-03 21:00:00+00:00,18.12624140420902,0.0
2024-06-03 22:00:00+00:00,18.12624140420902,0.0
2024-06-03 23:00:00+00:00,18.12624140420902,0.0
2024-06-04 00:00:00+00:00,17.59241879890997,424377983.3301703
2024-06-04 01:00:00+00:00,17.59241879890997,0.0
2024-06-04 02:00:00+00:00,17.59241879890997,0.0
2024-06-04 03:00:00+00:00,17.59241879890997,0.0
2024-06-04 04:00:00+00:00,17.59241879890997,0.0
2024-06-04 05:00:00+00:00,17.59241879890997,0.0
2024-06-04 06:00:00+00:00,17.59241879890997,0.0
2024-06-04 07:00:00+00:00,17.59241879890997,0.0
2024-06-04 08:00:00+00:00,17.59241879890997,0.0
2024-06-04 09:00:00+00:00,17.59241879890997,0.0
2024-06-04 10:00:00+00:00,17.59241879890997,0.0
2024-06-04 11:00:00+00:00,17.59241879890997,0.0
2024-06-04 12:00:00+00:00,17.59241879890997,0.0
2024-06-04 13:00:00+00:00,17.59241879890997,0.0
2024-06-04 14:00:00+00:00,17.59241879890997,0.0
2024-06-04 15:00:00+00:00,17.59241879890997,0.0
2024-06-04 16:00:00+00:00,17.59241879890997,0.0
2024-06-04 17:00:00+00:00,17.59241879890997,0.0
2024-06-04 18:00:00+00:00,17.59241879890997,0.0
2024-06-04 19:00:00+00:00,17.59241879890997,0.0
2024-06-04 20:00:00+00:00,17.59241879890997,0.0
2024-06-04 21:00:00+00:00,17.59241879890997,0.0
2024-06-04 22:00:00+00:00,17.59241879890997,0.0
2024-06-04 23:00:00+00:00,17.59241879890997,0.0
2024-06-05 00:00:00+00:00,17.734551841798837,333882737.7293223
2024-06-05 01:00:00+00:00,17.734551841798837,0.0
2024-06-05 02:00:00+00:00,17.734551841798837,0.0
2024-06-05 03:00:00+00:00,17.734551841798837,0.0
2024-06-05 04:00:00+00:00,17.734551841798837,0.0
2024-06-05 05:00:00+00:00,17.734551841798837,0.0
2024-06-05 06:00:00+00:00,17.734551841798837,0.0
2024-06-05 07:00:00+00:00,17.734551841798837,0.0
2024-06-05 08:00:00+00:00,17.734551841798837,0.0
2024-06-05 09:00:00+00:00,17.734551841798837,0.0
2024-06-05 10:00:00+00:00,17.734551841798837,0.0
2024-06-05 11:00:00+00:00,17.734551841798837,0.0
2024-06-05 12:00:00+00:00,17.734551841798837,0.0
2024-06-05 13:00:00+00:00,17.734551841798837,0.0
2024-06-05 14:00:00+00:00,17.734551841798837,0.0
2024-06-05 15:00:00+00:00,17.734551841798837,0.0
2024-06-05 16:00:00+00:00,17.734551841798837,0.0
2024-06-05 17:00:00+00:00,17.734551841798837,0.0
2024-06-05 18:00:00+00:00,17.734551841798837,0.0
2024-06-05 19:00:00+00:00,17.734551841798837,0.0
2024-06-05 20:00:00+00:00,17.734551841798837,0.0
2024-06-05 21:00:00+00:00,17.734551841798837,0.0
2024-06-05 22:00:00+00:00,17.734551841798837,0.0
2024-06-05 23:00:00+00:00,17.734551841798837,0.0
2024-06-06 00:00:00+00:00,17.75666384279356,369210343.8577537
2024-06-06 01:00:00+00:00,17.75666384279356,0.0
2024-06-06 02:00:00+00:00,17.75666384279356,0.0
2024-06-06 03:00:00+00:00,17.75666384279356,0.0
2024-06-06 04:00:00+00:00,17.75666384279356,0.0
2024-06-06 05:00:00+00:00,17.75666384279356,0.0
2024-06-06 06:00:00+00:00,17.75666384279356,0.0
2024-06-06 07:00:00+00:00,17.75666384279356,0.0
2024-06-06 08:00:00+00:00,17.75666384279356,0.0
2024-06-06 09:00:00+00:00,17.75666384279356,0.0
2024-06-06 10:00:00+00:00,17.75666384279356,0.0
2024-06-06 11:00:00+00:00,17.75666384279356,0.0
2024-06-06 12:00:00+00:00,17.75666384279356,0.0
2024-06-06 13:00:00+00:00,17.75666384279356,0.0
2024-06-06 14:00:00+00:00,17.75666384279356,0.0
2024-06-06 15:00:00+00:00,17.75666384279356,0.0
2024-06-06 16:00:00+00:00,17.75666384279356,0.0
2024-06-06 17:00:00+00:00,17.75666384279356,0.0
2024-06-06 18:00:00+00:00,17.75666384279356,0.0
2024-06-06 19:00:00+00:00,17.75666384279356,0.0
2024-06-06 20:00:00+00:00,17.75666384279356,0.0
2024-06-06 21:00:00+00:00,17.75666384279356,0.0
2024-06-06 22:00:00+00:00,17.75666384279356,0.0
2024-06-06 23:00:00+00:00,17.75666384279356,0.0
2024-06-07 00:00:00+00:00,17.26973714788328,427699931.70469105
2024-06-07 01:00:00+00:00,17.26973714788328,0.0
2024-06-07 02:00:00+00:00,17.26973714788328,0.0
2024-06-07 03:00:00+00:00,17.26973714788328,0.0
2024-06-07 04:00:00+00:00,17.26973714788328,0.0
2024-06-07 05:00:00+00:00,17.26973714788328,0.0
2024-06-07 06:00:00+00:00,17.26973714788328,0.0
2024-06-07 07:00:00+00:00,17.26973714788328,0.0
2024-06-07 08:00:00+00:00,17.26973714788328,0.0
2024-06-07 09:00:00+00:00,17.26973714788328,0.0
2024-06-07 10:00:00+00:00,17.26973714788328,0.0
2024-06-07 11:00:00+00:00,17.26973714788328,0.0
2024-06-07 12:00:00+00:00,17.26973714788328,0.0
2024-06-07 13:00:00+00:00,17.26973714788328,0.0
2024-06-07 14:00:00+00:00,17.26973714788328,0.0
2024-06-07 15:00:00+00:00,17.26973714788328,0.0
2024-06-07 16:00:00+00:00,17.26973714788328,0.0
2024-06-07 17:00:00+00:00,17.26973714788328,0.0
2024-06-07 18:00:00+00:00,17.26973714788328,0.0
2024-06-07 19:00:00+00:00,17.26973714788328,0.0
2024-06-07 20:00:00+00:00,17.26973714788328,0.0
2024-06-07 21:00:00+00:00,17.26973714788328,0.0
2024-06-07 22:00:00+00:00,17.26973714788328,0.0
2024-06-07 23:00:00+00:00,17.26973714788328,0.0
2024-06-08 00:00:00+00:00,16.329200242146886,645417717.1396025
2024-06-08 01:00:00+00:00,16.329200242146886,0.0
2024-06-08 02:00:00+00:00,16.329200242146886,0.0
2024-06-08 03:00:00+00:00,16.329200242146886,0.0
2024-06-08 04:00:00+00:00,16.329200242146886,0.0
2024-06-08 05:00:00+00:00,16.329200242146886,0.0
2024-06-08 06:00:00+00:00,16.329200242146886,0.0
2024-06-08 07:00:00+00:00,16.329200242146886,0.0
2024-06-08 08:00:00+00:00,16.329200242146886,0.0
2024-06-08 09:00:00+00:00,16.329200242146886,0.0
2024-06-08 10:00:00+00:00,16.329200242146886,0.0
2024-06-08 11:00:00+00:00,16.329200242146886,0.0
2024-06-08 12:00:00+00:00,16.329200242146886,0.0
2024-06-08 13:00:00+00:00,16.329200242146886,0.0
2024-06-08 14:00:00+00:00,16.329200242146886,0.0
2024-06-08 15:00:00+00:00,16.329200242146886,0.0
2024-06-08 16:00:00+00:00,16.329200242146886,0.0
2024-06-08 17:00:00+00:00,16.329200242146886,0.0
2024-06-08 18:00:00+00:00,16.329200242146886,0.0
2024-06-08 19:00:00+00:00,16.329200242146886,0.0
2024-06-08 20:00:00+00:00,16.329200242146886,0.0
2024-06-08 21:00:00+00:00,16.329200242146886,0.0
2024-06-08 22:00:00+00:00,16.329200242146886,0.0
2024-06-08 23:00:00+00:00,16.329200242146886,0.0
2024-06-09 00:00:00+00:00,15.948056474817891,322965172.8698522
2024-06-09 01:00:00+00:00,15.948056474817891,0.0
2024-06-09 02:00:00+00:00,15.948056474817891,0.0
2024-06-09 03:00:00+00:00,15.948056474817891,0.0
2024-06-09 04:00:00+00:00,15.948056474817891,0.0
2024-06-09 05:00:00+00:00,15.948056474817891,0.0
2024-06-09 06:00:00+00:00,15.948056474817891,0.0
2024-06-09 07:00:00+00:00,15.948056474817891,0.0
2024-06-09 08:00:00+00:00,15.948056474817891,0.0
2024-06-09 09:00:00+00:00,15.948056474817891,0.0
2024-06-09 10:00:00+00:00,15.948056474817891,0.0
2024-06-09 11:00:00+00:00,15.948056474817891,0.0
2024-06-09 12:00:00+00:00,15.948056474817891,0.0
2024-06-09 13:00:00+00:00,15.948056474817891,0.0
2024-06-09 14:00:00+00:00,15.948056474817891,0.0
2024-06-09 15:00:00+00:00,15.948056474817891,0.0
2024-06-09 16:00:00+00:00,15.948056474817891,0.0
2024-06-09 17:00:00+00:00,15.948056474817891,0.0
2024-06-09 18:00:00+00:00,15.948056474817891,0.0
2024-06-09 19:00:00+00:00,15.948056474817891,0.0
2024-06-09 20:00:00+00:00,15.948056474817891,0.0
2024-06-09 21:00:00+00:00,15.948056474817891,0.0
2024-06-09 22:00:00+00:00,15.948056474817891,0.0
2024-06-09 23:00:00+00:00,15.948056474817891,0.0
2024-06-10 00:00:00+00:00,16.37021547871273,242591764.40603724
2024-06-10 01:00:00+00:00,16.37021547871273,0.0
2024-06-10 02:00:00+00:00,16.37021547871273,0.0
2024-06-10 03:00:00+00:00,16.37021547871273,0.0
2024-06-10 04:00:00+00:00,16.37021547871273,0.0
2024-06-10 05:00:00+00:00,16.37021547871273,0.0
2024-06-10 06:00:00+00:00,16.37021547871273,0.0
2024-06-10 07:00:00+00:00,16.37021547871273,0.0
2024-06-10 08:00:00+00:00,16.37021547871273,0.0
2024-06-10 09:00:00+00:00,16.37021547871273,0.0
2024-06-10 10:00:00+00:00,16.37021547871273,0.0
2024-06-10 11:00:00+00:00,16.37021547871273,0.0
2024-06-10 12:00:00+00:00,16.37021547871273,0.0
2024-06-10 13:00:00+00:00,16.37021547871273,0.0
2024-06-10 14:00:00+00:00,16.37021547871273,0.0
2024-06-10 15:00:00+00:00,16.37021547871273,0.0
2024-06-10 16:00:00+00:00,16.37021547871273,0.0
2024-06-10 17:00:00+00:00,16.37021547871273,0.0
2024-06-10 18:00:00+00:00,16.37021547871273,0.0
2024-06-10 19:00:00+00:00,16.37021547871273,0.0
2024-06-10 20:00:00+00:00,16.37021547871273,0.0
2024-06-10 21:00:00+00:00,16.37021547871273,0.0
2024-06-10 22:00:00+00:00,16.37021547871273,0.0
2024-06-10 23:00:00+00:00,16.37021547871273,0.0
2024-06-11 00:00:00+00:00,15.894416634467701,342059865.88157874
2024-06-11 01:00:00+00:00,15.894416634467701,0.0
2024-06-11 02:00:00+00:00,15.894416634467701,0.0
2024-06-11 03:00:00+00:00,15.894416634467701,0.0
2024-06-11 04:00:00+00:00,15.894416634467701,0.0
2024-06-11 05:00:00+00:00,15.894416634467701,0.0
2024-06-11 06:00:00+00:00,15.894416634467701,0.0
2024-06-11 07:00:00+00:00,15.894416634467701,0.0
2024-06-11 08:00:00+00:00,15.894416634467701,0.0
2024-06-11 09:00:00+00:00,15.894416634467701,0.0
2024-06-11 10:00:00+00:00,15.894416634467701,0.0
2024-06-11 11:00:00+00:00,15.894416634467701,0.0
2024-06-11 12:00:00+00:00,15.894416634467701,0.0
2024-06-11 13:00:00+00:00,15.894416634467701,0.0
2024-06-11 14:00:00+00:00,15.894416634467701,0.0
2024-06-11 15:00:00+00:00,15.894416634467701,0.0
2024-06-11 16:00:00+00:00,15.894416634467701,0.0
2024-06-11 17:00:00+00:00,15.894416634467701,0.0
2024-06-11 18:00:00+00:00,15.894416634467701,0.0
2024-06-11 19:00:00+00:00,15.894416634467701,0.0
2024-06-11 20:00:00+00:00,15.894416634467701,0.0
2024-06-11 21:00:00+00:00,15.894416634467701,0.0
2024-06-11 22:00:00+00:00,15.894416634467701,0.0
2024-06-11 23:00:00+00:00,15.894416634467701,0.0
2024-06-12 00:00:00+00:00,14.983784701658749,521182050.92717665
2024-06-12 01:00:00+00:00,14.983784701658749,0.0
2024-06-12 02:00:00+00:00,14.983784701658749,0.0
2024-06-12 03:00:00+00:00,14.983784701658749,0.0
2024-06-12 04:00:00+00:00,14.983784701658749,0.0
2024-06-12 05:00:00+00:00,14.983784701658749,0.0
2024-06-12 06:00:00+00:00,14.983784701658749,0.0
2024-06-12 07:00:00+00:00,14.983784701658749,0.0
2024-06-12 08:00:00+00:00,14.983784701658749,0.0
2024-06-12 09:00:00+00:00,14.983784701658749,0.0
2024-06-12 10:00:00+00:00,14.983784701658749,0.0
2024-06-12 11:00:00+00:00,14.983784701658749,0.0
2024-06-12 12:00:00+00:00,14.983784701658749,0.0
2024-06-12 13:00:00+00:00,14.983784701658749,0.0
2024-06-12 14:00:00+00:00,14.983784701658749,0.0
2024-06-12 15:00:00+00:00,14.983784701658749,0.0
2024-06-12 16:00:00+00:00,14.983784701658749,0.0
2024-06-12 17:00:00+00:00,14.983784701658749,0.0
2024-06-12 18:00:00+00:00,14.983784701658749,0.0
2024-06-12 19:00:00+00:00,14.983784701658749,0.0
2024-06-12 20:00:00+00:00,14.983784701658749,0.0
2024-06-12 21:00:00+00:00,14.983784701658749,0.0
2024-06-12 22:00:00+00:00,14.983784701658749,0.0
2024-06-12 23:00:00+00:00,14.983784701658749,0.0
2024-06-13 00:00:00+00:00,15.994446560339538,531250909.1702042
2024-06-13 01:00:00+00:00,15.994446560339538,0.0
2024-06-13 02:00:00+00:00,15.994446560339538,0.0
2024-06-13 03:00:00+00:00,15.994446560339538,0.0
2024-06-13 04:00:00+00:00,15.994446560339538,0.0
2024-06-13 05:00:00+00:00,15.994446560339538,0.0
2024-06-13 06:00:00+00:00,15.994446560339538,0.0
2024-06-13 07:00:00+00:00,15.994446560339538,0.0
2024-06-13 08:00:00+00:00,15.994446560339538,0.0
2024-06-13 09:00:00+00:00,15.994446560339538,0.0
2024-06-13 10:00:00+00:00,15.994446560339538,0.0
2024-06-13 11:00:00+00:00,15.994446560339538,0.0
2024-06-13 12:00:00+00:00,15.994446560339538,0.0
2024-06-13 13:00:00+00:00,15.994446560339538,0.0
2024-06-13 14:00:00+00:00,15.994446560339538,0.0
2024-06-13 15:00:00+00:00,15.994446560339538,0.0
2024-06-13 16:00:00+00:00,15.994446560339538,0.0
2024-06-13 17:00:00+00:00,15.994446560339538,0.0
2024-06-13 18:00:00+00:00,15.994446560339538,0.0
2024-06-13 19:00:00+00:00,15.994446560339538,0.0
2024-06-13 20:00:00+00:00,15.994446560339538,0.0
2024-06-13 21:00:00+00:00,15.994446560339538,0.0
2024-06-13 22:00:00+00:00,15.994446560339538,0.0
2024-06-13 23:00:00+00:00,15.994446560339538,0.0
2024-06-14 00:00:00+00:00,15.121140033049542,389429309.50614727
2024-06-14 01:00:00+00:00,15.121140033049542,0.0
2024-06-14 02:00:00+00:00,15.121140033049542,0.0
2024-06-14 03:00:00+00:00,15.121140033049542,0.0
2024-06-14 04:00:00+00:00,15.121140033049542,0.0
2024-06-14 05:00:00+00:00,15.121140033049542,0.0
2024-06-14 06:00:00+00:00,15.121140033049542,0.0
2024-06-14 07:00:00+00:00,15.121140033049542,0.0
2024-06-14 08:00:00+00:00,15.121140033049542,0.0
2024-06-14 09:00:00+00:00,15.121140033049542,0.0
2024-06-14 10:00:00+00:00,15.121140033049542,0.0
2024-06-14 11:00:00+00:00,15.121140033049542,0.0
2024-06-14 12:00:00+00:00,15.121140033049542,0.0
2024-06-14 13:00:00+00:00,15.121140033049542,0.0
2024-06-14 14:00:00+00:00,15.121140033049542,0.0
2024-06-14 15:00:00+00:00,15.121140033049542,0.0
2024-06-14 16:00:00+00:00,15.121140033049542,0.0
2024-06-14 17:00:00+00:00,15.121140033049542,0.0
2024-06-14 18:00:00+00:00,15.121140033049542,0.0
2024-06-14 19:00:00+00:00,15.121140033049542,0.0
2024-06-14 20:00:00+00:00,15.121140033049542,0.0
2024-06-14 21:00:00+00:00,15.121140033049542,0.0
2024-06-14 22:00:00+00:00,15.121140033049542,0.0
2024-06-14 23:00:00+00:00,15.121140033049542,0.0
2024-06-15 00:00:00+00:00,14.741039276147669,418513723.8388299
2024-06-15 01:00:00+00:00,14.741039276147669,0.0
2024-06-15 02:00:00+00:00,14.741039276147669,0.0
2024-06-15 03:00:00+00:00,14.741039276147669,0.0
2024-06-15 04:00:00+00:00,14.741039276147669,0.0
2024-06-15 05:00:00+00:00,14.741039276147669,0.0
2024-06-15 06:00:00+00:00,14.741039276147669,0.0
2024-06-15 07:00:00+00:00,14.741039276147669,0.0
2024-06-15 08:00:00+00:00,14.741039276147669,0.0
2024-06-15 09:00:00+00:00,14.741039276147669,0.0
2024-06-15 10:00:00+00:00,14.741039276147669,0.0
2024-06-15 11:00:00+00:00,14.741039276147669,0.0
2024-06-15 12:00:00+00:00,14.741039276147669,0.0
2024-06-15 13:00:00+00:00,14.741039276147669,0.0
2024-06-15 14:00:00+00:00,14.741039276147669,0.0
2024-06-15 15:00:00+00:00,14.741039276147669,0.0
2024-06-15 16:00:00+00:00,14.741039276147669,0.0
2024-06-15 17:00:00+00:00,14.741039276147669,0.0
2024-06-15 18:00:00+00:00,14.741039276147669,0.0
2024-06-15 19:00:00+00:00,14.741039276147669,0.0
2024-06-15 20:00:00+00:00,14.741039276147669,0.0
2024-06-15 21:00:00+00:00,14.741039276147669,0.0
2024-06-15 22:00:00+00:00,14.741039276147669,0.0
2024-06-15 23:00:00+00:00,14.741039276147669,0.0
2024-06-16 00:00:00+00:00,14.859870087612656,249370332.04776472
2024-06-16 01:00:00+00:00,14.859870087612656,0.0
2024-06-16 02:00:00+00:00,14.859870087612656,0.0
2024-06-16 03:00:00+00:00,14.859870087612656,0.0
2024-06-16 04:00:00+00:00,14.859870087612656,0.0
2024-06-16 05:00:00+00:00,14.859870087612656,0.0
2024-06-16 06:00:00+00:00,14.859870087612656,0.0
2024-06-16 07:00:00+00:00,14.859870087612656,0.0
2024-06-16 08:00:00+00:00,14.859870087612656,0.0
2024-06-16 09:00:00+00:00,14.859870087612656,0.0
2024-06-16 10:00:00+00:00,14.859870087612656,0.0
2024-06-16 11:00:00+00:00,14.859870087612656,0.0
2024-06-16 12:00:00+00:00,14.859870087612656,0.0
2024-06-16 13:00:00+00:00,14.859870087612656,0.0
2024-06-16 14:00:00+00:00,14.859870087612656,0.0
2024-06-16 15:00:00+00:00,14.859870087612656,0.0
2024-06-16 16:00:00+00:00,14.859870087612656,0.0
2024-06-16 17:00:00+00:00,14.859870087612656,0.0
2024-06-16 18:00:00+00:00,14.859870087612656,0.0
2024-06-16 19:00:00+00:00,14.859870087612656,0.0
2024-06-16 20:00:00+00:00,14.859870087612656,0.0
2024-06-16 21:00:00+00:00,14.859870087612656,0.0
2024-06-16 22:00:00+00:00,14.859870087612656,0.0
2024-06-16 23:00:00+00:00,14.859870087612656,0.0
2024-06-17 00:00:00+00:00,15.114568912125128,255292405.99755058
2024-06-17 01:00:00+00:00,15.114568912125128,0.0
2024-06-17 02:00:00+00:00,15.114568912125128,0.0
2024-06-17 03:00:00+00:00,15.114568912125128,0.0
2024-06-17 04:00:00+00:00,15.114568912125128,0.0
2024-06-17 05:00:00+00:00,15.114568912125128,0.0
2024-06-17 06:00:00+00:00,15.114568912125128,0.0
2024-06-17 07:00:00+00:00,15.114568912125128,0.0
2024-06-17 08:00:00+00:00,15.114568912125128,0.0
2024-06-17 09:00:00+00:00,15.114568912125128,0.0
2024-06-17 10:00:00+00:00,15.114568912125128,0.0
2024-06-17 11:00:00+00:00,15.114568912125128,0.0
2024-06-17 12:00:00+00:00,15.114568912125128,0.0
2024-06-17 13:00:00+00:00,15.114568912125128,0.0
2024-06-17 14:00:00+00:00,15.114568912125128,0.0
2024-06-17 15:00:00+00:00,15.114568912125128,0.0
2024-06-17 16:00:00+00:00,15.114568912125128,0.0
2024-06-17 17:00:00+00:00,15.114568912125128,0.0
2024-06-17 18:00:00+00:00,15.114568912125128,0.0
2024-06-17 19:00:00+00:00,15.114568912125128,0.0
2024-06-17 20:00:00+00:00,15.114568912125128,0.0
2024-06-17 21:00:00+00:00,15.114568912125128,0.0
2024-06-17 22:00:00+00:00,15.114568912125128,0.0
2024-06-17 23:00:00+00:00,15.114568912125128,0.0
2024-06-18 00:00:00+00:00,14.526059215856279,432941165.5940611
2024-06-18 01:00:00+00:00,14.526059215856279,0.0
2024-06-18 02:00:00+00:00,14.526059215856279,0.0
2024-06-18 03:00:00+00:00,14.526059215856279,0.0
2024-06-18 04:00:00+00:00,14.526059215856279,0.0
2024-06-18 05:00:00+00:00,14.526059215856279,0.0
2024-06-18 06:00:00+00:00,14.526059215856279,0.0
2024-06-18 07:00:00+00:00,14.526059215856279,0.0
2024-06-18 08:00:00+00:00,14.526059215856279,0.0
2024-06-18 09:00:00+00:00,14.526059215856279,0.0
2024-06-18 10:00:00+00:00,14.526059215856279,0.0
2024-06-18 11:00:00+00:00,14.526059215856279,0.0
2024-06-18 12:00:00+00:00,14.526059215856279,0.0
2024-06-18 13:00:00+00:00,14.526059215856279,0.0
2024-06-18 14:00:00+00:00,14.526059215856279,0.0
2024-06-18 15:00:00+00:00,14.526059215856279,0.0
2024-06-18 16:00:00+00:00,14.526059215856279,0.0
2024-06-18 17:00:00+00:00,14.526059215856279,0.0
2024-06-18 18:00:00+00:00,14.526059215856279,0.0
2024-06-18 19:00:00+00:00,14.526059215856279,0.0
2024-06-18 20:00:00+00:00,14.526059215856279,0.0
2024-06-18 21:00:00+00:00,14.526059215856279,0.0
2024-06-18 22:00:00+00:00,14.526059215856279,0.0
2024-06-18 23:00:00+00:00,14.526059215856279,0.0
2024-06-19 00:00:00+00:00,13.948771594845704,665338584.5039932
2024-06-19 01:00:00+00:00,13.948771594845704,0.0
2024-06-19 02:00:00+00:00,13.948771594845704,0.0
2024-06-19 03:00:00+00:00,13.948771594845704,0.0
2024-06-19 04:00:00+00:00,13.948771594845704,0.0
2024-06-19 05:00:00+00:00,13.948771594845704,0.0
2024-06-19 06:00:00+00:00,13.948771594845704,0.0
2024-06-19 07:00:00+00:00,13.948771594845704,0.0
2024-06-19 08:00:00+00:00,13.948771594845704,0.0
2024-06-19 09:00:00+00:00,13.948771594845704,0.0
2024-06-19 10:00:00+00:00,13.948771594845704,0.0
2024-06-19 11:00:00+00:00,13.948771594845704,0.0
2024-06-19 12:00:00+00:00,13.948771594845704,0.0
2024-06-19 13:00:00+00:00,13.948771594845704,0.0
2024-06-19 14:00:00+00:00,13.948771594845704,0.0
2024-06-19 15:00:00+00:00,13.948771594845704,0.0
2024-06-19 16:00:00+00:00,13.948771594845704,0.0
2024-06-19 17:00:00+00:00,13.948771594845704,0.0
2024-06-19 18:00:00+00:00,13.948771594845704,0.0
2024-06-19 19:00:00+00:00,13.948771594845704,0.0
2024-06-19 20:00:00+00:00,13.948771594845704,0.0
2024-06-19 21:00:00+00:00,13.948771594845704,0.0
2024-06-19 22:00:00+00:00,13.948771594845704,0.0
2024-06-19 23:00:00+00:00,13.948771594845704,0.0
2024-06-20 00:00:00+00:00,14.321971785054034,341260285.924081
2024-06-20 01:00:00+00:00,14.321971785054034,0.0
2024-06-20 02:00:00+00:00,14.321971785054034,0.0
2024-06-20 03:00:00+00:00,14.321971785054034,0.0
2024-06-20 04:00:00+00:00,14.321971785054034,0.0
2024-06-20 05:00:00+00:00,14.321971785054034,0.0
2024-06-20 06:00:00+00:00,14.321971785054034,0.0
2024-06-20 07:00:00+00:00,14.321971785054034,0.0
2024-06-20 08:00:00+00:00,14.321971785054034,0.0
2024-06-20 09:00:00+00:00,14.321971785054034,0.0
2024-06-20 10:00:00+00:00,14.321971785054034,0.0
2024-06-20 11:00:00+00:00,14.321971785054034,0.0
2024-06-20 12:00:00+00:00,14.321971785054034,0.0
2024-06-20 13:00:00+00:00,14.321971785054034,0.0
2024-06-20 14:00:00+00:00,14.321971785054034,0.0
2024-06-20 15:00:00+00:00,14.321971785054034,0.0
2024-06-20 16:00:00+00:00,14.321971785054034,0.0
2024-06-20 17:00:00+00:00,14.321971785054034,0.0
2024-06-20 18:00:00+00:00,14.321971785054034,0.0
2024-06-20 19:00:00+00:00,14.321971785054034,0.0
2024-06-20 20:00:00+00:00,14.321971785054034,0.0
2024-06-20 21:00:00+00:00,14.321971785054034,0.0
2024-06-20 22:00:00+00:00,14.321971785054034,0.0
2024-06-20 23:00:00+00:00,14.321971785054034,0.0
2024-06-21 00:00:00+00:00,14.252286002766535,328090996.0588649
2024-06-21 01:00:00+00:00,14.252286002766535,0.0
2024-06-21 02:00:00+00:00,14.252286002766535,0.0
2024-06-21 03:00:00+00:00,14.252286002766535,0.0
2024-06-21 04:00:00+00:00,14.252286002766535,0.0
2024-06-21 05:00:00+00:00,14.252286002766535,0.0
2024-06-21 06:00:00+00:00,14.252286002766535,0.0
2024-06-21 07:00:00+00:00,14.252286002766535,0.0
2024-06-21 08:00:00+00:00,14.252286002766535,0.0
2024-06-21 09:00:00+00:00,14.252286002766535,0.0
2024-06-21 10:00:00+00:00,14.252286002766535,0.0
2024-06-21 11:00:00+00:00,14.252286002766535,0.0
2024-06-21 12:00:00+00:00,14.252286002766535,0.0
2024-06-21 13:00:00+00:00,14.252286002766535,0.0
2024-06-21 14:00:00+00:00,14.252286002766535,0.0
2024-06-21 15:00:00+00:00,14.252286002766535,0.0
2024-06-21 16:00:00+00:00,14.252286002766535,0.0
2024-06-21 17:00:00+00:00,14.252286002766535,0.0
2024-06-21 18:00:00+00:00,14.252286002766535,0.0
2024-06-21 19:00:00+00:00,14.252286002766535,0.0
2024-06-21 20:00:00+00:00,14.252286002766535,0.0
2024-06-21 21:00:00+00:00,14.252286002766535,0.0
2024-06-21 22:00:00+00:00,14.252286002766535,0.0
2024-06-21 23:00:00+00:00,14.252286002766535,0.0
2024-06-22 00:00:00+00:00,13.85661401001539,441458294.14500797
2024-06-22 01:00:00+00:00,13.85661401001539,0.0
2024-06-22 02:00:00+00:00,13.85661401001539,0.0
2024-06-22 03:00:00+00:00,13.85661401001539,0.0
2024-06-22 04:00:00+00:00,13.85661401001539,0.0
2024-06-22 05:00:00+00:00,13.85661401001539,0.0
2024-06-22 06:00:00+00:00,13.85661401001539,0.0
2024-06-22 07:00:00+00:00,13.85661401001539,0.0
2024-06-22 08:00:00+00:00,13.85661401001539,0.0
2024-06-22 09:00:00+00:00,13.85661401001539,0.0
2024-06-22 10:00:00+00:00,13.85661401001539,0.0
2024-06-22 11:00:00+00:00,13.85661401001539,0.0
2024-06-22 12:00:00+00:00,13.85661401001539,0.0
2024-06-22 13:00:00+00:00,13.85661401001539,0.0
2024-06-22 14:00:00+00:00,13.85661401001539,0.0
2024-06-22 15:00:00+00:00,13.85661401001539,0.0
2024-06-22 16:00:00+00:00,13.85661401001539,0.0
2024-06-22 17:00:00+00:00,13.85661401001539,0.0
2024-06-22 18:00:00+00:00,13.85661401001539,0.0
2024-06-22 19:00:00+00:00,13.85661401001539,0.0
2024-06-22 20:00:00+00:00,13.85661401001539,0.0
2024-06-22 21:00:00+00:00,13.85661401001539,0.0
2024-06-22 22:00:00+00:00,13.85661401001539,0.0
2024-06-22 23:00:00+00:00,13.85661401001539,0.0
2024-06-23 00:00:00+00:00,13.472742113021562,236545236.0591085
2024-06-23 01:00:00+00:00,13.472742113021562,0.0
2024-06-23 02:00:00+00:00,13.472742113021562,0.0
2024-06-23 03:00:00+00:00,13.472742113021562,0.0
2024-06-23 04:00:00+00:00,13.472742113021562,0.0
2024-06-23 05:00:00+00:00,13.472742113021562,0.0
2024-06-23 06:00:00+00:00,13.472742113021562,0.0
2024-06-23 07:00:00+00:00,13.472742113021562,0.0
2024-06-23 08:00:00+00:00,13.472742113021562,0.0
2024-06-23 09:00:00+00:00,13.472742113021562,0.0
2024-06-23 10:00:00+00:00,13.472742113021562,0.0
2024-06-23 11:00:00+00:00,13.472742113021562,0.0
2024-06-23 12:00:00+00:00,13.472742113021562,0.0
2024-06-23 13:00:00+00:00,13.472742113021562,0.0
2024-06-23 14:00:00+00:00,13.472742113021562,0.0
2024-06-23 15:00:00+00:00,13.472742113021562,0.0
2024-06-23 16:00:00+00:00,13.472742113021562,0.0
2024-06-23 17:00:00+00:00,13.472742113021562,0.0
2024-06-23 18:00:00+00:00,13.472742113021562,0.0
2024-06-23 19:00:00+00:00,13.472742113021562,0.0
2024-06-23 20:00:00+00:00,13.472742113021562,0.0
2024-06-23 21:00:00+00:00,13.472742113021562,0.0
2024-06-23 22:00:00+00:00,13.472742113021562,0.0
2024-06-23 23:00:00+00:00,13.472742113021562,0.0
2024-06-24 00:00:00+00:00,13.167018128521532,237958199.65897655
2024-06-24 01:00:00+00:00,13.167018128521532,0.0
2024-06-24 02:00:00+00:00,13.167018128521532,0.0
2024-06-24 03:00:00+00:00,13.167018128521532,0.0
2024-06-24 04:00:00+00:00,13.167018128521532,0.0
2024-06-24 05:00:00+00:00,13.167018128521532,0.0
2024-06-24 06:00:00+00:00,13.167018128521532,0.0
2024-06-24 07:00:00+00:00,13.167018128521532,0.0
2024-06-24 08:00:00+00:00,13.167018128521532,0.0
2024-06-24 09:00:00+00:00,13.167018128521532,0.0
2024-06-24 10:00:00+00:00,13.167018128521532,0.0
2024-06-24 11:00:00+00:00,13.167018128521532,0.0
2024-06-24 12:00:00+00:00,13.167018128521532,0.0
2024-06-24 13:00:00+00:00,13.167018128521532,0.0
2024-06-24 14:00:00+00:00,13.167018128521532,0.0
2024-06-24 15:00:00+00:00,13.167018128521532,0.0
2024-06-24 16:00:00+00:00,13.167018128521532,0.0
2024-06-24 17:00:00+00:00,13.167018128521532,0.0
2024-06-24 18:00:00+00:00,13.167018128521532,0.0
2024-06-24 19:00:00+00:00,13.167018128521532,0.0
2024-06-24 20:00:00+00:00,13.167018128521532,0.0
2024-06-24 21:00:00+00:00,13.167018128521532,0.0
2024-06-24 22:00:00+00:00,13.167018128521532,0.0
2024-06-24 23:00:00+00:00,13.167018128521532,0.0
2024-06-25 00:00:00+00:00,13.624523198464667,528572716.66664076
2024-06-25 01:00:00+00:00,13.624523198464667,0.0
2024-06-25 02:00:00+00:00,13.624523198464667,0.0
2024-06-25 03:00:00+00:00,13.624523198464667,0.0
2024-06-25 04:00:00+00:00,13.624523198464667,0.0
2024-06-25 05:00:00+00:00,13.624523198464667,0.0
2024-06-25 06:00:00+00:00,13.624523198464667,0.0
2024-06-25 07:00:00+00:00,13.624523198464667,0.0
2024-06-25 08:00:00+00:00,13.624523198464667,0.0
2024-06-25 09:00:00+00:00,13.624523198464667,0.0
2024-06-25 10:00:00+00:00,13.624523198464667,0.0
2024-06-25 11:00:00+00:00,13.624523198464667,0.0
2024-06-25 12:00:00+00:00,13.624523198464667,0.0
2024-06-25 13:00:00+00:00,13.624523198464667,0.0
2024-06-25 14:00:00+00:00,13.624523198464667,0.0
2024-06-25 15:00:00+00:00,13.624523198464667,0.0
2024-06-25 16:00:00+00:00,13.624523198464667,0.0
2024-06-25 17:00:00+00:00,13.624523198464667,0.0
2024-06-25 18:00:00+00:00,13.624523198464667,0.0
2024-06-25 19:00:00+00:00,13.624523198464667,0.0
2024-06-25 20:00:00+00:00,13.624523198464667,0.0
2024-06-25 21:00:00+00:00,13.624523198464667,0.0
2024-06-25 22:00:00+00:00,13.624523198464667,0.0
2024-06-25 23:00:00+00:00,13.624523198464667,0.0
2024-06-26 00:00:00+00:00,14.198303373329557,332969462.72600305
2024-06-26 01:00:00+00:00,14.198303373329557,0.0
2024-06-26 02:00:00+00:00,14.198303373329557,0.0
2024-06-26 03:00:00+00:00,14.198303373329557,0.0
2024-06-26 04:00:00+00:00,14.198303373329557,0.0
2024-06-26 05:00:00+00:00,14.198303373329557,0.0
2024-06-26 06:00:00+00:00,14.198303373329557,0.0
2024-06-26 07:00:00+00:00,14.198303373329557,0.0
2024-06-26 08:00:00+00:00,14.198303373329557,0.0
2024-06-26 09:00:00+00:00,14.198303373329557,0.0
2024-06-26 10:00:00+00:00,14.198303373329557,0.0
2024-06-26 11:00:00+00:00,14.198303373329557,0.0
2024-06-26 12:00:00+00:00,14.198303373329557,0.0
2024-06-26 13:00:00+00:00,14.198303373329557,0.0
2024-06-26 14:00:00+00:00,14.198303373329557,0.0
2024-06-26 15:00:00+00:00,14.198303373329557,0.0
2024-06-26 16:00:00+00:00,14.198303373329557,0.0
2024-06-26 17:00:00+00:00,14.198303373329557,0.0
2024-06-26 18:00:00+00:00,14.198303373329557,0.0
2024-06-26 19:00:00+00:00,14.198303373329557,0.0
2024-06-26 20:00:00+00:00,14.198303373329557,0.0
2024-06-26 21:00:00+00:00,14.198303373329557,0.0
2024-06-26 22:00:00+00:00,14.198303373329557,0.0
2024-06-26 23:00:00+00:00,14.198303373329557,0.0
2024-06-27 00:00:00+00:00,13.89925520042628,257456103.53199494
2024-06-27 01:00:00+00:00,13.89925520042628,0.0
2024-06-27 02:00:00+00:00,13.89925520042628,0.0
2024-06-27 03:00:00+00:00,13.89925520042628,0.0
2024-06-27 04:00:00+00:00,13.89925520042628,0.0
2024-06-27 05:00:00+00:00,13.89925520042628,0.0
2024-06-27 06:00:00+00:00,13.89925520042628,0.0
2024-06-27 07:00:00+00:00,13.89925520042628,0.0
2024-06-27 08:00:00+00:00,13.89925520042628,0.0
2024-06-27 09:00:00+00:00,13.89925520042628,0.0
2024-06-27 10:00:00+00:00,13.89925520042628,0.0
2024-06-27 11:00:00+00:00,13.89925520042628,0.0
2024-06-27 12:00:00+00:00,13.89925520042628,0.0
2024-06-27 13:00:00+00:00,13.89925520042628,0.0
2024-06-27 14:00:00+00:00,13.89925520042628,0.0
2024-06-27 15:00:00+00:00,13.89925520042628,0.0
2024-06-27 16:00:00+00:00,13.89925520042628,0.0
2024-06-27 17:00:00+00:00,13.89925520042628,0.0
2024-06-27 18:00:00+00:00,13.89925520042628,0.0
2024-06-27 19:00:00+00:00,13.89925520042628,0.0
2024-06-27 20:00:00+00:00,13.89925520042628,0.0
2024-06-27 21:00:00+00:00,13.89925520042628,0.0
2024-06-27 22:00:00+00:00,13.89925520042628,0.0
2024-06-27 23:00:00+00:00,13.89925520042628,0.0
2024-06-28 00:00:00+00:00,14.378798228919614,346427690.44188166
2024-06-28 01:00:00+00:00,14.378798228919614,0.0
2024-06-28 02:00:00+00:00,14.378798228919614,0.0
2024-06-28 03:00:00+00:00,14.378798228919614,0.0
2024-06-28 04:00:00+00:00,14.378798228919614,0.0
2024-06-28 05:00:00+00:00,14.378798228919614,0.0
2024-06-28 06:00:00+00:00,14.378798228919614,0.0
2024-06-28 07:00:00+00:00,14.378798228919614,0.0
2024-06-28 08:00:00+00:00,14.378798228919614,0.0
2024-06-28 09:00:00+00:00,14.378798228919614,0.0
2024-06-28 10:00:00+00:00,14.378798228919614,0.0
2024-06-28 11:00:00+00:00,14.378798228919614,0.0
2024-06-28 12:00:00+00:00,14.378798228919614,0.0
2024-06-28 13:00:00+00:00,14.378798228919614,0.0
2024-06-28 14:00:00+00:00,14.378798228919614,0.0
2024-06-28 15:00:00+00:00,14.378798228919614,0.0
2024-06-28 16:00:00+00:00,14.378798228919614,0.0
2024-06-28 17:00:00+00:00,14.378798228919614,0.0
2024-06-28 18:00:00+00:00,14.378798228919614,0.0
2024-06-28 19:00:00+00:00,14.378798228919614,0.0
2024-06-28 20:00:00+00:00,14.378798228919614,0.0
2024-06-28 21:00:00+00:00,14.378798228919614,0.0
2024-06-28 22:00:00+00:00,14.378798228919614,0.0
2024-06-28 23:00:00+00:00,14.378798228919614,0.0
2024-06-29 00:00:00+00:00,13.761879884423681,334169548.25163156
2024-06-29 01:00:00+00:00,13.761879884423681,0.0
2024-06-29 02:00:00+00:00,13.761879884423681,0.0
2024-06-29 03:00:00+00:00,13.761879884423681,0.0
2024-06-29 04:00:00+00:00,13.761879884423681,0.0
2024-06-29 05:00:00+00:00,13.761879884423681,0.0
2024-06-29 06:00:00+00:00,13.761879884423681,0.0
2024-06-29 07:00:00+00:00,13.761879884423681,0.0
2024-06-29 08:00:00+00:00,13.761879884423681,0.0
2024-06-29 09:00:00+00:00,13.761879884423681,0.0
2024-06-29 10:00:00+00:00,13.761879884423681,0.0
2024-06-29 11:00:00+00:00,13.761879884423681,0.0
2024-06-29 12:00:00+00:00,13.761879884423681,0.0
2024-06-29 13:00:00+00:00,13.761879884423681,0.0
2024-06-29 14:00:00+00:00,13.761879884423681,0.0
2024-06-29 15:00:00+00:00,13.761879884423681,0.0
2024-06-29 16:00:00+00:00,13.761879884423681,0.0
2024-06-29 17:00:00+00:00,13.761879884423681,0.0
2024-06-29 18:00:00+00:00,13.761879884423681,0.0
2024-06-29 19:00:00+00:00,13.761879884423681,0.0
2024-06-29 20:00:00+00:00,13.761879884423681,0.0
2024-06-29 21:00:00+00:00,13.761879884423681,0.0
2024-06-29 22:00:00+00:00,13.761879884423681,0.0
2024-06-29 23:00:00+00:00,13.761879884423681,0.0
2024-06-30 00:00:00+00:00,13.500418100658496,223441249.0809544
2024-06-30 01:00:00+00:00,13.500418100658496,0.0
2024-06-30 02:00:00+00:00,13.500418100658496,0.0
2024-06-30 03:00:00+00:00,13.500418100658496,0.0
2024-06-30 04:00:00+00:00,13.500418100658496,0.0
2024-06-30 05:00:00+00:00,13.500418100658496,0.0
2024-06-30 06:00:00+00:00,13.500418100658496,0.0
2024-06-30 07:00:00+00:00,13.500418100658496,0.0
2024-06-30 08:00:00+00:00,13.500418100658496,0.0
2024-06-30 09:00:00+00:00,13.500418100658496,0.0
2024-06-30 10:00:00+00:00,13.500418100658496,0.0
2024-06-30 11:00:00+00:00,13.500418100658496,0.0
2024-06-30 12:00:00+00:00,13.500418100658496,0.0
2024-06-30 13:00:00+00:00,13.500418100658496,0.0
2024-06-30 14:00:00+00:00,13.500418100658496,0.0
2024-06-30 15:00:00+00:00,13.500418100658496,0.0
2024-06-30 16:00:00+00:00,13.500418100658496,0.0
2024-06-30 17:00:00+00:00,13.500418100658496,0.0
2024-06-30 18:00:00+00:00,13.500418100658496,0.0
2024-06-30 19:00:00+00:00,13.500418100658496,0.0
2024-06-30 20:00:00+00:00,13.500418100658496,0.0
2024-06-30 21:00:00+00:00,13.500418100658496,0.0
2024-06-30 22:00:00+00:00,13.500418100658496,0.0
2024-06-30 23:00:00+00:00,13.500418100658496,0.0
2024-07-01 00:00:00+00:00,14.241782146081428,263013085.60138273
2024-07-01 01:00:00+00:00,14.241782146081428,0.0
2024-07-01 02:00:00+00:00,14.241782146081428,0.0
2024-07-01 03:00:00+00:00,14.241782146081428,0.0
2024-07-01 04:00:00+00:00,14.241782146081428,0.0
2024-07-01 05:00:00+00:00,14.241782146081428,0.0
2024-07-01 06:00:00+00:00,14.241782146081428,0.0
2024-07-01 07:00:00+00:00,14.241782146081428,0.0
2024-07-01 08:00:00+00:00,14.241782146081428,0.0
2024-07-01 09:00:00+00:00,14.241782146081428,0.0
2024-07-01 10:00:00+00:00,14.241782146081428,0.0
2024-07-01 11:00:00+00:00,14.241782146081428,0.0
2024-07-01 12:00:00+00:00,14.241782146081428,0.0
2024-07-01 13:00:00+00:00,14.241782146081428,0.0
2024-07-01 14:00:00+00:00,14.241782146081428,0.0
2024-07-01 15:00:00+00:00,14.241782146081428,0.0
2024-07-01 16:00:00+00:00,14.241782146081428,0.0
2024-07-01 17:00:00+00:00,14.241782146081428,0.0
2024-07-01 18:00:00+00:00,14.241782146081428,0.0
2024-07-01 19:00:00+00:00,14.241782146081428,0.0
2024-07-01 20:00:00+00:00,14.241782146081428,0.0
2024-07-01 21:00:00+00:00,14.241782146081428,0.0
2024-07-01 22:00:00+00:00,14.241782146081428,0.0
2024-07-01 23:00:00+00:00,14.241782146081428,0.0
2024-07-02 00:00:00+00:00,14.315795634386781,299883731.37302935
2024-07-02 01:00:00+00:00,14.315795634386781,0.0
2024-07-02 02:00:00+00:00,14.315795634386781,0.0
2024-07-02 03:00:00+00:00,14.315795634386781,0.0
2024-07-02 04:00:00+00:00,14.315795634386781,0.0
2024-07-02 05:00:00+00:00,14.315795634386781,0.0
2024-07-02 06:00:00+00:00,14.315795634386781,0.0
2024-07-02 07:00:00+00:00,14.315795634386781,0.0
2024-07-02 08:00:00+00:00,14.315795634386781,0.0
2024-07-02 09:00:00+00:00,14.315795634386781,0.0
2024-07-02 10:00:00+00:00,14.315795634386781,0.0
2024-07-02 11:00:00+00:00,14.315795634386781,0.0
2024-07-02 12:00:00+00:00,14.315795634386781,0.0
2024-07-02 13:00:00+00:00,14.315795634386781,0.0
2024-07-02 14:00:00+00:00,14.315795634386781,0.0
2024-07-02 15:00:00+00:00,14.315795634386781,0.0
2024-07-02 16:00:00+00:00,14.315795634386781,0.0
2024-07-02 17:00:00+00:00,14.315795634386781,0.0
2024-07-02 18:00:00+00:00,14.315795634386781,0.0
2024-07-02 19:00:00+00:00,14.315795634386781,0.0
2024-07-02 20:00:00+00:00,14.315795634386781,0.0
2024-07-02 21:00:00+00:00,14.315795634386781,0.0
2024-07-02 22:00:00+00:00,14.315795634386781,0.0
2024-07-02 23:00:00+00:00,14.315795634386781,0.0
2024-07-03 00:00:00+00:00,14.3930197489439,329842312.90616226
2024-07-03 01:00:00+00:00,14.3930197489439,0.0
2024-07-03 02:00:00+00:00,14.3930197489439,0.0
2024-07-03 03:00:00+00:00,14.3930197489439,0.0
2024-07-03 04:00:00+00:00,14.3930197489439,0.0
2024-07-03 05:00:00+00:00,14.3930197489439,0.0
2024-07-03 06:00:00+00:00,14.3930197489439,0.0
2024-07-03 07:00:00+00:00,14.3930197489439,0.0
2024-07-03 08:00:00+00:00,14.3930197489439,0.0
2024-07-03 09:00:00+00:00,14.3930197489439,0.0
2024-07-03 10:00:00+00:00,14.3930197489439,0.0
2024-07-03 11:00:00+00:00,14.3930197489439,0.0
2024-07-03 12:00:00+00:00,14.3930197489439,0.0
2024-07-03 13:00:00+00:00,14.3930197489439,0.0
2024-07-03 14:00:00+00:00,14.3930197489439,0.0
2024-07-03 15:00:00+00:00,14.3930197489439,0.0
2024-07-03 16:00:00+00:00,14.3930197489439,0.0
2024-07-03 17:00:00+00:00,14.3930197489439,0.0
2024-07-03 18:00:00+00:00,14.3930197489439,0.0
2024-07-03 19:00:00+00:00,14.3930197489439,0.0
2024-07-03 20:00:00+00:00,14.3930197489439,0.0
2024-07-03 21:00:00+00:00,14.3930197489439,0.0
2024-07-03 22:00:00+00:00,14.3930197489439,0.0
2024-07-03 23:00:00+00:00,14.3930197489439,0.0
2024-07-04 00:00:00+00:00,13.629793763048237,548510894.555658
2024-07-04 01:00:00+00:00,13.629793763048237,0.0
2024-07-04 02:00:00+00:00,13.629793763048237,0.0
2024-07-04 03:00:00+00:00,13.629793763048237,0.0
2024-07-04 04:00:00+00:00,13.629793763048237,0.0
2024-07-04 05:00:00+00:00,13.629793763048237,0.0
2024-07-04 06:00:00+00:00,13.629793763048237,0.0
2024-07-04 07:00:00+00:00,13.629793763048237,0.0
2024-07-04 08:00:00+00:00,13.629793763048237,0.0
2024-07-04 09:00:00+00:00,13.629793763048237,0.0
2024-07-04 10:00:00+00:00,13.629793763048237,0.0
2024-07-04 11:00:00+00:00,13.629793763048237,0.0
2024-07-04 12:00:00+00:00,13.629793763048237,0.0
2024-07-04 13:00:00+00:00,13.629793763048237,0.0
2024-07-04 14:00:00+00:00,13.629793763048237,0.0
2024-07-04 15:00:00+00:00,13.629793763048237,0.0
2024-07-04 16:00:00+00:00,13.629793763048237,0.0
2024-07-04 17:00:00+00:00,13.629793763048237,0.0
2024-07-04 18:00:00+00:00,13.629793763048237,0.0
2024-07-04 19:00:00+00:00,13.629793763048237,0.0
2024-07-04 20:00:00+00:00,13.629793763048237,0.0
2024-07-04 21:00:00+00:00,13.629793763048237,0.0
2024-07-04 22:00:00+00:00,13.629793763048237,0.0
2024-07-04 23:00:00+00:00,13.629793763048237,0.0
2024-07-05 00:00:00+00:00,12.589260783169257,579818628.2347102
2024-07-05 01:00:00+00:00,12.589260783169257,0.0
2024-07-05 02:00:00+00:00,12.589260783169257,0.0
2024-07-05 03:00:00+00:00,12.589260783169257,0.0
2024-07-05 04:00:00+00:00,12.589260783169257,0.0
2024-07-05 05:00:00+00:00,12.589260783169257,0.0
2024-07-05 06:00:00+00:00,12.589260783169257,0.0
2024-07-05 07:00:00+00:00,12.589260783169257,0.0
2024-07-05 08:00:00+00:00,12.589260783169257,0.0
2024-07-05 09:00:00+00:00,12.589260783169257,0.0
2024-07-05 10:00:00+00:00,12.589260783169257,0.0
2024-07-05 11:00:00+00:00,12.589260783169257,0.0
2024-07-05 12:00:00+00:00,12.589260783169257,0.0
2024-07-05 13:00:00+00:00,12.589260783169257,0.0
2024-07-05 14:00:00+00:00,12.589260783169257,0.0
2024-07-05 15:00:00+00:00,12.589260783169257,0.0
2024-07-05 16:00:00+00:00,12.589260783169257,0.0
2024-07-05 17:00:00+00:00,12.589260783169257,0.0
2024-07-05 18:00:00+00:00,12.589260783169257,0.0
2024-07-05 19:00:00+00:00,12.589260783169257,0.0
2024-07-05 20:00:00+00:00,12.589260783169257,0.0
2024-07-05 21:00:00+00:00,12.589260783169257,0.0
2024-07-05 22:00:00+00:00,12.589260783169257,0.0
2024-07-05 23:00:00+00:00,12.589260783169257,0.0
2024-07-06 00:00:00+00:00,12.305651653176044,840084527.7784624
2024-07-06 01:00:00+00:00,12.305651653176044,0.0
2024-07-06 02:00:00+00:00,12.305651653176044,0.0
2024-07-06 03:00:00+00:00,12.305651653176044,0.0
2024-07-06 04:00:00+00:00,12.305651653176044,0.0
2024-07-06 05:00:00+00:00,12.305651653176044,0.0
2024-07-06 06:00:00+00:00,12.305651653176044,0.0
2024-07-06 07:00:00+00:00,12.305651653176044,0.0
2024-07-06 08:00:00+00:00,12.305651653176044,0.0
2024-07-06 09:00:00+00:00,12.305651653176044,0.0
2024-07-06 10:00:00+00:00,12.305651653176044,0.0
2024-07-06 11:00:00+00:00,12.305651653176044,0.0
2024-07-06 12:00:00+00:00,12.305651653176044,0.0
2024-07-06 13:00:00+00:00,12.305651653176044,0.0
2024-07-06 14:00:00+00:00,12.305651653176044,0.0
2024-07-06 15:00:00+00:00,12.305651653176044,0.0
2024-07-06 16:00:00+00:00,12.305651653176044,0.0
2024-07-06 17:00:00+00:00,12.305651653176044,0.0
2024-07-06 18:00:00+00:00,12.305651653176044,0.0
2024-07-06 19:00:00+00:00,12.305651653176044,0.0
2024-07-06 20:00:00+00:00,12.305651653176044,0.0
2024-07-06 21:00:00+00:00,12.305651653176044,0.0
2024-07-06 22:00:00+00:00,12.305651653176044,0.0
2024-07-06 23:00:00+00:00,12.305651653176044,0.0
2024-07-07 00:00:00+00:00,13.17536165907527,327913791.5429256
2024-07-07 01:00:00+00:00,13.17536165907527,0.0
2024-07-07 02:00:00+00:00,13.17536165907527,0.0
2024-07-07 03:00:00+00:00,13.17536165907527,0.0
2024-07-07 04:00:00+00:00,13.17536165907527,0.0
2024-07-07 05:00:00+00:00,13.17536165907527,0.0
2024-07-07 06:00:00+00:00,13.17536165907527,0.0
2024-07-07 07:00:00+00:00,13.17536165907527,0.0
2024-07-07 08:00:00+00:00,13.17536165907527,0.0
2024-07-07 09:00:00+00:00,13.17536165907527,0.0
2024-07-07 10:00:00+00:00,13.17536165907527,0.0
2024-07-07 11:00:00+00:00,13.17536165907527,0.0
2024-07-07 12:00:00+00:00,13.17536165907527,0.0
2024-07-07 13:00:00+00:00,13.17536165907527,0.0
2024-07-07 14:00:00+00:00,13.17536165907527,0.0
2024-07-07 15:00:00+00:00,13.17536165907527,0.0
2024-07-07 16:00:00+00:00,13.17536165907527,0.0
2024-07-07 17:00:00+00:00,13.17536165907527,0.0
2024-07-07 18:00:00+00:00,13.17536165907527,0.0
2024-07-07 19:00:00+00:00,13.17536165907527,0.0
2024-07-07 20:00:00+00:00,13.17536165907527,0.0
2024-07-07 21:00:00+00:00,13.17536165907527,0.0
2024-07-07 22:00:00+00:00,13.17536165907527,0.0
2024-07-07 23:00:00+00:00,13.17536165907527,0.0
2024-07-08 00:00:00+00:00,12.33431942498552,275529596.88897324
2024-07-08 01:00:00+00:00,12.33431942498552,0.0
2024-07-08 02:00:00+00:00,12.33431942498552,0.0
2024-07-08 03:00:00+00:00,12.33431942498552,0.0
2024-07-08 04:00:00+00:00,12.33431942498552,0.0
2024-07-08 05:00:00+00:00,12.33431942498552,0.0
2024-07-08 06:00:00+00:00,12.33431942498552,0.0
2024-07-08 07:00:00+00:00,12.33431942498552,0.0
2024-07-08 08:00:00+00:00,12.33431942498552,0.0
2024-07-08 09:00:00+00:00,12.33431942498552,0.0
2024-07-08 10:00:00+00:00,12.33431942498552,0.0
2024-07-08 11:00:00+00:00,12.33431942498552,0.0
2024-07-08 12:00:00+00:00,12.33431942498552,0.0
2024-07-08 13:00:00+00:00,12.33431942498552,0.0
2024-07-08 14:00:00+00:00,12.33431942498552,0.0
2024-07-08 15:00:00+00:00,12.33431942498552,0.0
2024-07-08 16:00:00+00:00,12.33431942498552,0.0
2024-07-08 17:00:00+00:00,12.33431942498552,0.0
2024-07-08 18:00:00+00:00,12.33431942498552,0.0
2024-07-08 19:00:00+00:00,12.33431942498552,0.0
2024-07-08 20:00:00+00:00,12.33431942498552,0.0
2024-07-08 21:00:00+00:00,12.33431942498552,0.0
2024-07-08 22:00:00+00:00,12.33431942498552,0.0
2024-07-08 23:00:00+00:00,12.33431942498552,0.0
2024-07-09 00:00:00+00:00,13.116696966878017,560911920.964217
2024-07-09 01:00:00+00:00,13.116696966878017,0.0
2024-07-09 02:00:00+00:00,13.116696966878017,0.0
2024-07-09 03:00:00+00:00,13.116696966878017,0.0
2024-07-09 04:00:00+00:00,13.116696966878017,0.0
2024-07-09 05:00:00+00:00,13.116696966878017,0.0
2024-07-09 06:00:00+00:00,13.116696966878017,0.0
2024-07-09 07:00:00+00:00,13.116696966878017,0.0
2024-07-09 08:00:00+00:00,13.116696966878017,0.0
2024-07-09 09:00:00+00:00,13.116696966878017,0.0
2024-07-09 10:00:00+00:00,13.116696966878017,0.0
2024-07-09 11:00:00+00:00,13.116696966878017,0.0
2024-07-09 12:00:00+00:00,13.116696966878017,0.0
2024-07-09 13:00:00+00:00,13.116696966878017,0.0
2024-07-09 14:00:00+00:00,13.116696966878017,0.0
2024-07-09 15:00:00+00:00,13.116696966878017,0.0
2024-07-09 16:00:00+00:00,13.116696966878017,0.0
2024-07-09 17:00:00+00:00,13.116696966878017,0.0
2024-07-09 18:00:00+00:00,13.116696966878017,0.0
2024-07-09 19:00:00+00:00,13.116696966878017,0.0
2024-07-09 20:00:00+00:00,13.116696966878017,0.0
2024-07-09 21:00:00+00:00,13.116696966878017,0.0
2024-07-09 22:00:00+00:00,13.116696966878017,0.0
2024-07-09 23:00:00+00:00,13.116696966878017,0.0
2024-07-10 00:00:00+00:00,12.822301345828441,427273900.4966747
2024-07-10 01:00:00+00:00,12.822301345828441,0.0
2024-07-10 02:00:00+00:00,12.822301345828441,0.0
2024-07-10 03:00:00+00:00,12.822301345828441,0.0
2024-07-10 04:00:00+00:00,12.822301345828441,0.0
2024-07-10 05:00:00+00:00,12.822301345828441,0.0
2024-07-10 06:00:00+00:00,12.822301345828441,0.0
2024-07-10 07:00:00+00:00,12.822301345828441,0.0
2024-07-10 08:00:00+00:00,12.822301345828441,0.0
2024-07-10 09:00:00+00:00,12.822301345828441,0.0
2024-07-10 10:00:00+00:00,12.822301345828441,0.0
2024-07-10 11:00:00+00:00,12.822301345828441,0.0
2024-07-10 12:00:00+00:00,12.822301345828441,0.0
2024-07-10 13:00:00+00:00,12.822301345828441,0.0
2024-07-10 14:00:00+00:00,12.822301345828441,0.0
2024-07-10 15:00:00+00:00,12.822301345828441,0.0
2024-07-10 16:00:00+00:00,12.822301345828441,0.0
2024-07-10 17:00:00+00:00,12.822301345828441,0.0
2024-07-10 18:00:00+00:00,12.822301345828441,0.0
2024-07-10 19:00:00+00:00,12.822301345828441,0.0
2024-07-10 20:00:00+00:00,12.822301345828441,0.0
2024-07-10 21:00:00+00:00,12.822301345828441,0.0
2024-07-10 22:00:00+00:00,12.822301345828441,0.0
2024-07-10 23:00:00+00:00,12.822301345828441,0.0
2024-07-11 00:00:00+00:00,12.800745943244975,349405231.70422536
2024-07-11 01:00:00+00:00,12.800745943244975,0.0
2024-07-11 02:00:00+00:00,12.800745943244975,0.0
2024-07-11 03:00:00+00:00,12.800745943244975,0.0
2024-07-11 04:00:00+00:00,12.800745943244975,0.0
2024-07-11 05:00:00+00:00,12.800745943244975,0.0
2024-07-11 06:00:00+00:00,12.800745943244975,0.0
2024-07-11 07:00:00+00:00,12.800745943244975,0.0
2024-07-11 08:00:00+00:00,12.800745943244975,0.0
2024-07-11 09:00:00+00:00,12.800745943244975,0.0
2024-07-11 10:00:00+00:00,12.800745943244975,0.0
2024-07-11 11:00:00+00:00,12.800745943244975,0.0
2024-07-11 12:00:00+00:00,12.800745943244975,0.0
2024-07-11 13:00:00+00:00,12.800745943244975,0.0
2024-07-11 14:00:00+00:00,12.800745943244975,0.0
2024-07-11 15:00:00+00:00,12.800745943244975,0.0
2024-07-11 16:00:00+00:00,12.800745943244975,0.0
2024-07-11 17:00:00+00:00,12.800745943244975,0.0
2024-07-11 18:00:00+00:00,12.800745943244975,0.0
2024-07-11 19:00:00+00:00,12.800745943244975,0.0
2024-07-11 20:00:00+00:00,12.800745943244975,0.0
2024-07-11 21:00:00+00:00,12.800745943244975,0.0
2024-07-11 22:00:00+00:00,12.800745943244975,0.0
2024-07-11 23:00:00+00:00,12.800745943244975,0.0
2024-07-12 00:00:00+00:00,12.357355337248569,387914795.0049471
2024-07-12 01:00:00+00:00,12.357355337248569,0.0
2024-07-12 02:00:00+00:00,12.357355337248569,0.0
2024-07-12 03:00:00+00:00,12.357355337248569,0.0
2024-07-12 04:00:00+00:00,12.357355337248569,0.0
2024-07-12 05:00:00+00:00,12.357355337248569,0.0
2024-07-12 06:00:00+00:00,12.357355337248569,0.0
2024-07-12 07:00:00+00:00,12.357355337248569,0.0
2024-07-12 08:00:00+00:00,12.357355337248569,0.0
2024-07-12 09:00:00+00:00,12.357355337248569,0.0
2024-07-12 10:00:00+00:00,12.357355337248569,0.0
2024-07-12 11:00:00+00:00,12.357355337248569,0.0
2024-07-12 12:00:00+00:00,12.357355337248569,0.0
2024-07-12 13:00:00+00:00,12.357355337248569,0.0
2024-07-12 14:00:00+00:00,12.357355337248569,0.0
2024-07-12 15:00:00+00:00,12.357355337248569,0.0
2024-07-12 16:00:00+00:00,12.357355337248569,0.0
2024-07-12 17:00:00+00:00,12.357355337248569,0.0
2024-07-12 18:00:00+00:00,12.357355337248569,0.0
2024-07-12 19:00:00+00:00,12.357355337248569,0.0
2024-07-12 20:00:00+00:00,12.357355337248569,0.0
2024-07-12 21:00:00+00:00,12.357355337248569,0.0
2024-07-12 22:00:00+00:00,12.357355337248569,0.0
2024-07-12 23:00:00+00:00,12.357355337248569,0.0
2024-07-13 00:00:00+00:00,12.735787990923248,367085230.21501464
2024-07-13 01:00:00+00:00,12.735787990923248,0.0
2024-07-13 02:00:00+00:00,12.735787990923248,0.0
2024-07-13 03:00:00+00:00,12.735787990923248,0.0
2024-07-13 04:00:00+00:00,12.735787990923248,0.0
2024-07-13 05:00:00+00:00,12.735787990923248,0.0
2024-07-13 06:00:00+00:00,12.735787990923248,0.0
2024-07-13 07:00:00+00:00,12.735787990923248,0.0
2024-07-13 08:00:00+00:00,12.735787990923248,0.0
2024-07-13 09:00:00+00:00,12.735787990923248,0.0
2024-07-13 10:00:00+00:00,12.735787990923248,0.0
2024-07-13 11:00:00+00:00,12.735787990923248,0.0
2024-07-13 12:00:00+00:00,12.735787990923248,0.0
2024-07-13 13:00:00+00:00,12.735787990923248,0.0
2024-07-13 14:00:00+00:00,12.735787990923248,0.0
2024-07-13 15:00:00+00:00,12.735787990923248,0.0
2024-07-13 16:00:00+00:00,12.735787990923248,0.0
2024-07-13 17:00:00+00:00,12.735787990923248,0.0
2024-07-13 18:00:00+00:00,12.735787990923248,0.0
2024-07-13 19:00:00+00:00,12.735787990923248,0.0
2024-07-13 20:00:00+00:00,12.735787990923248,0.0
2024-07-13 21:00:00+00:00,12.735787990923248,0.0
2024-07-13 22:00:00+00:00,12.735787990923248,0.0
2024-07-13 23:00:00+00:00,12.735787990923248,0.0
2024-07-14 00:00:00+00:00,13.006096335692533,273540050.6529745
2024-07-14 01:00:00+00:00,13.006096335692533,0.0
2024-07-14 02:00:00+00:00,13.006096335692533,0.0
2024-07-14 03:00:00+00:00,13.006096335692533,0.0
2024-07-14 04:00:00+00:00,13.006096335692533,0.0
2024-07-14 05:00:00+00:00,13.006096335692533,0.0
2024-07-14 06:00:00+00:00,13.006096335692533,0.0
2024-07-14 07:00:00+00:00,13.006096335692533,0.0
2024-07-14 08:00:00+00:00,13.006096335692533,0.0
2024-07-14 09:00:00+00:00,13.006096335692533,0.0
2024-07-14 10:00:00+00:00,13.006096335692533,0.0
2024-07-14 11:00:00+00:00,13.006096335692533,0.0
2024-07-14 12:00:00+00:00,13.006096335692533,0.0
2024-07-14 13:00:00+00:00,13.006096335692533,0.0
2024-07-14 14:00:00+00:00,13.006096335692533,0.0
2024-07-14 15:00:00+00:00,13.006096335692533,0.0
2024-07-14 16:00:00+00:00,13.006096335692533,0.0
2024-07-14 17:00:00+00:00,13.006096335692533,0.0
2024-07-14 18:00:00+00:00,13.006096335692533,0.0
2024-07-14 19:00:00+00:00,13.006096335692533,0.0
2024-07-14 20:00:00+00:00,13.006096335692533,0.0
2024-07-14 21:00:00+00:00,13.006096335692533,0.0
2024-07-14 22:00:00+00:00,13.006096335692533,0.0
2024-07-14 23:00:00+00:00,13.006096335692533,0.0
2024-07-15 00:00:00+00:00,13.44305666403189,357539940.23468745
2024-07-15 01:00:00+00:00,13.44305666403189,0.0
2024-07-15 02:00:00+00:00,13.44305666403189,0.0
2024-07-15 03:00:00+00:00,13.44305666403189,0.0
2024-07-15 04:00:00+00:00,13.44305666403189,0.0
2024-07-15 05:00:00+00:00,13.44305666403189,0.0
2024-07-15 06:00:00+00:00,13.44305666403189,0.0
2024-07-15 07:00:00+00:00,13.44305666403189,0.0
2024-07-15 08:00:00+00:00,13.44305666403189,0.0
2024-07-15 09:00:00+00:00,13.44305666403189,0.0
2024-07-15 10:00:00+00:00,13.44305666403189,0.0
2024-07-15 11:00:00+00:00,13.44305666403189,0.0
2024-07-15 12:00:00+00:00,13.44305666403189,0.0
2024-07-15 13:00:00+00:00,13.44305666403189,0.0
2024-07-15 14:00:00+00:00,13.44305666403189,0.0
2024-07-15 15:00:00+00:00,13.44305666403189,0.0
2024-07-15 16:00:00+00:00,13.44305666403189,0.0
2024-07-15 17:00:00+00:00,13.44305666403189,0.0
2024-07-15 18:00:00+00:00,13.44305666403189,0.0
2024-07-15 19:00:00+00:00,13.44305666403189,0.0
2024-07-15 20:00:00+00:00,13.44305666403189,0.0
2024-07-15 21:00:00+00:00,13.44305666403189,0.0
2024-07-15 22:00:00+00:00,13.44305666403189,0.0
2024-07-15 23:00:00+00:00,13.44305666403189,0.0
2024-07-16 00:00:00+00:00,14.421529970819313,471040599.7426524
2024-07-16 01:00:00+00:00,14.421529970819313,0.0
2024-07-16 02:00:00+00:00,14.421529970819313,0.0
2024-07-16 03:00:00+00:00,14.421529970819313,0.0
2024-07-16 04:00:00+00:00,14.421529970819313,0.0
2024-07-16 05:00:00+00:00,14.421529970819313,0.0
2024-07-16 06:00:00+00:00,14.421529970819313,0.0
2024-07-16 07:00:00+00:00,14.421529970819313,0.0
2024-07-16 08:00:00+00:00,14.421529970819313,0.0
2024-07-16 09:00:00+00:00,14.421529970819313,0.0
2024-07-16 10:00:00+00:00,14.421529970819313,0.0
2024-07-16 11:00:00+00:00,14.421529970819313,0.0
2024-07-16 12:00:00+00:00,14.421529970819313,0.0
2024-07-16 13:00:00+00:00,14.421529970819313,0.0
2024-07-16 14:00:00+00:00,14.421529970819313,0.0
2024-07-16 15:00:00+00:00,14.421529970819313,0.0
2024-07-16 16:00:00+00:00,14.421529970819313,0.0
2024-07-16 17:00:00+00:00,14.421529970819313,0.0
2024-07-16 18:00:00+00:00,14.421529970819313,0.0
2024-07-16 19:00:00+00:00,14.421529970819313,0.0
2024-07-16 20:00:00+00:00,14.421529970819313,0.0
2024-07-16 21:00:00+00:00,14.421529970819313,0.0
2024-07-16 22:00:00+00:00,14.421529970819313,0.0
2024-07-16 23:00:00+00:00,14.421529970819313,0.0
2024-07-17 00:00:00+00:00,14.231031302742936,486869962.865206
2024-07-17 01:00:00+00:00,14.231031302742936,0.0
2024-07-17 02:00:00+00:00,14.231031302742936,0.0
2024-07-17 03:00:00+00:00,14.231031302742936,0.0
2024-07-17 04:00:00+00:00,14.231031302742936,0.0
2024-07-17 05:00:00+00:00,14.231031302742936,0.0
2024-07-17 06:00:00+00:00,14.231031302742936,0.0
2024-07-17 07:00:00+00:00,14.231031302742936,0.0
2024-07-17 08:00:00+00:00,14.231031302742936,0.0
2024-07-17 09:00:00+00:00,14.231031302742936,0.0
2024-07-17 10:00:00+00:00,14.231031302742936,0.0
2024-07-17 11:00:00+00:00,14.231031302742936,0.0
2024-07-17 12:00:00+00:00,14.231031302742936,0.0
2024-07-17 13:00:00+00:00,14.231031302742936,0.0
2024-07-17 14:00:00+00:00,14.231031302742936,0.0
2024-07-17 15:00:00+00:00,14.231031302742936,0.0
2024-07-17 16:00:00+00:00,14.231031302742936,0.0
2024-07-17 17:00:00+00:00,14.231031302742936,0.0
2024-07-17 18:00:00+00:00,14.231031302742936,0.0
2024-07-17 19:00:00+00:00,14.231031302742936,0.0
2024-07-17 20:00:00+00:00,14.231031302742936,0.0
2024-07-17 21:00:00+00:00,14.231031302742936,0.0
2024-07-17 22:00:00+00:00,14.231031302742936,0.0
2024-07-17 23:00:00+00:00,14.231031302742936,0.0
2024-07-18 00:00:00+00:00,13.74008029151678,396846960.2730859
2024-07-18 01:00:00+00:00,13.74008029151678,0.0
2024-07-18 02:00:00+00:00,13.74008029151678,0.0
2024-07-18 03:00:00+00:00,13.74008029151678,0.0
2024-07-18 04:00:00+00:00,13.74008029151678,0.0
2024-07-18 05:00:00+00:00,13.74008029151678,0.0
2024-07-18 06:00:00+00:00,13.74008029151678,0.0
2024-07-18 07:00:00+00:00,13.74008029151678,0.0
2024-07-18 08:00:00+00:00,13.74008029151678,0.0
2024-07-18 09:00:00+00:00,13.74008029151678,0.0
2024-07-18 10:00:00+00:00,13.74008029151678,0.0
2024-07-18 11:00:00+00:00,13.74008029151678,0.0
2024-07-18 12:00:00+00:00,13.74008029151678,0.0
2024-07-18 13:00:00+00:00,13.74008029151678,0.0
2024-07-18 14:00:00+00:00,13.74008029151678,0.0
2024-07-18 15:00:00+00:00,13.74008029151678,0.0
2024-07-18 16:00:00+00:00,13.74008029151678,0.0
2024-07-18 17:00:00+00:00,13.74008029151678,0.0
2024-07-18 18:00:00+00:00,13.74008029151678,0.0
2024-07-18 19:00:00+00:00,13.74008029151678,0.0
2024-07-18 20:00:00+00:00,13.74008029151678,0.0
2024-07-18 21:00:00+00:00,13.74008029151678,0.0
2024-07-18 22:00:00+00:00,13.74008029151678,0.0
2024-07-18 23:00:00+00:00,13.74008029151678,0.0
2024-07-19 00:00:00+00:00,13.593031453030946,388313140.83315754
2024-07-19 01:00:00+00:00,13.593031453030946,0.0
2024-07-19 02:00:00+00:00,13.593031453030946,0.0
2024-07-19 03:00:00+00:00,13.593031453030946,0.0
2024-07-19 04:00:00+00:00,13.593031453030946,0.0
2024-07-19 05:00:00+00:00,13.593031453030946,0.0
2024-07-19 06:00:00+00:00,13.593031453030946,0.0
2024-07-19 07:00:00+00:00,13.593031453030946,0.0
2024-07-19 08:00:00+00:00,13.593031453030946,0.0
2024-07-19 09:00:00+00:00,13.593031453030946,0.0
2024-07-19 10:00:00+00:00,13.593031453030946,0.0
2024-07-19 11:00:00+00:00,13.593031453030946,0.0
2024-07-19 12:00:00+00:00,13.593031453030946,0.0
2024-07-19 13:00:00+00:00,13.593031453030946,0.0
2024-07-19 14:00:00+00:00,13.593031453030946,0.0
2024-07-19 15:00:00+00:00,13.593031453030946,0.0
2024-07-19 16:00:00+00:00,13.593031453030946,0.0
2024-07-19 17:00:00+00:00,13.593031453030946,0.0
2024-07-19 18:00:00+00:00,13.593031453030946,0.0
2024-07-19 19:00:00+00:00,13.593031453030946,0.0
2024-07-19 20:00:00+00:00,13.593031453030946,0.0
2024-07-19 21:00:00+00:00,13.593031453030946,0.0
2024-07-19 22:00:00+00:00,13.593031453030946,0.0
2024-07-19 23:00:00+00:00,13.593031453030946,0.0
2024-07-20 00:00:00+00:00,14.078565507616947,401918909.8274868
2024-07-20 01:00:00+00:00,14.078565507616947,0.0
2024-07-20 02:00:00+00:00,14.078565507616947,0.0
2024-07-20 03:00:00+00:00,14.078565507616947,0.0
2024-07-20 04:00:00+00:00,14.078565507616947,0.0
2024-07-20 05:00:00+00:00,14.078565507616947,0.0
2024-07-20 06:00:00+00:00,14.078565507616947,0.0
2024-07-20 07:00:00+00:00,14.078565507616947,0.0
2024-07-20 08:00:00+00:00,14.078565507616947,0.0
2024-07-20 09:00:00+00:00,14.078565507616947,0.0
2024-07-20 10:00:00+00:00,14.078565507616947,0.0
2024-07-20 11:00:00+00:00,14.078565507616947,0.0
2024-07-20 12:00:00+00:00,14.078565507616947,0.0
2024-07-20 13:00:00+00:00,14.078565507616947,0.0
2024-07-20 14:00:00+00:00,14.078565507616947,0.0
2024-07-20 15:00:00+00:00,14.078565507616947,0.0
2024-07-20 16:00:00+00:00,14.078565507616947,0.0
2024-07-20 17:00:00+00:00,14.078565507616947,0.0
2024-07-20 18:00:00+00:00,14.078565507616947,0.0
2024-07-20 19:00:00+00:00,14.078565507616947,0.0
2024-07-20 20:00:00+00:00,14.078565507616947,0.0
2024-07-20 21:00:00+00:00,14.078565507616947,0.0
2024-07-20 22:00:00+00:00,14.078565507616947,0.0
2024-07-20 23:00:00+00:00,14.078565507616947,0.0
2024-07-21 00:00:00+00:00,14.26968803124411,281615024.3474658
2024-07-21 01:00:00+00:00,14.26968803124411,0.0
2024-07-21 02:00:00+00:00,14.26968803124411,0.0
2024-07-21 03:00:00+00:00,14.26968803124411,0.0
2024-07-21 04:00:00+00:00,14.26968803124411,0.0
2024-07-21 05:00:00+00:00,14.26968803124411,0.0
2024-07-21 06:00:00+00:00,14.26968803124411,0.0
2024-07-21 07:00:00+00:00,14.26968803124411,0.0
2024-07-21 08:00:00+00:00,14.26968803124411,0.0
2024-07-21 09:00:00+00:00,14.26968803124411,0.0
2024-07-21 10:00:00+00:00,14.26968803124411,0.0
2024-07-21 11:00:00+00:00,14.26968803124411,0.0
2024-07-21 12:00:00+00:00,14.26968803124411,0.0
2024-07-21 13:00:00+00:00,14.26968803124411,0.0
2024-07-21 14:00:00+00:00,14.26968803124411,0.0
2024-07-21 15:00:00+00:00,14.26968803124411,0.0
2024-07-21 16:00:00+00:00,14.26968803124411,0.0
2024-07-21 17:00:00+00:00,14.26968803124411,0.0
2024-07-21 18:00:00+00:00,14.26968803124411,0.0
2024-07-21 19:00:00+00:00,14.26968803124411,0.0
2024-07-21 20:00:00+00:00,14.26968803124411,0.0
2024-07-21 21:00:00+00:00,14.26968803124411,0.0
2024-07-21 22:00:00+00:00,14.26968803124411,0.0
2024-07-21 23:00:00+00:00,14.26968803124411,0.0
2024-07-22 00:00:00+00:00,14.793842487836194,501793991.2170602
2024-07-22 01:00:00+00:00,14.793842487836194,0.0
2024-07-22 02:00:00+00:00,14.793842487836194,0.0
2024-07-22 03:00:00+00:00,14.793842487836194,0.0
2024-07-22 04:00:00+00:00,14.793842487836194,0.0
2024-07-22 05:00:00+00:00,14.793842487836194,0.0
2024-07-22 06:00:00+00:00,14.793842487836194,0.0
2024-07-22 07:00:00+00:00,14.793842487836194,0.0
2024-07-22 08:00:00+00:00,14.793842487836194,0.0
2024-07-22 09:00:00+00:00,14.793842487836194,0.0
2024-07-22 10:00:00+00:00,14.793842487836194,0.0
2024-07-22 11:00:00+00:00,14.793842487836194,0.0
2024-07-22 12:00:00+00:00,14.793842487836194,0.0
2024-07-22 13:00:00+00:00,14.793842487836194,0.0
2024-07-22 14:00:00+00:00,14.793842487836194,0.0
2024-07-22 15:00:00+00:00,14.793842487836194,0.0
2024-07-22 16:00:00+00:00,14.793842487836194,0.0
2024-07-22 17:00:00+00:00,14.793842487836194,0.0
2024-07-22 18:00:00+00:00,14.793842487836194,0.0
2024-07-22 19:00:00+00:00,14.793842487836194,0.0
2024-07-22 20:00:00+00:00,14.793842487836194,0.0
2024-07-22 21:00:00+00:00,14.793842487836194,0.0
2024-07-22 22:00:00+00:00,14.793842487836194,0.0
2024-07-22 23:00:00+00:00,14.793842487836194,0.0
2024-07-23 00:00:00+00:00,13.952618407346217,354421143.66131353
2024-07-23 01:00:00+00:00,13.952618407346217,0.0
2024-07-23 02:00:00+00:00,13.952618407346217,0.0
2024-07-23 03:00:00+00:00,13.952618407346217,0.0
2024-07-23 04:00:00+00:00,13.952618407346217,0.0
2024-07-23 05:00:00+00:00,13.952618407346217,0.0
2024-07-23 06:00:00+00:00,13.952618407346217,0.0
2024-07-23 07:00:00+00:00,13.952618407346217,0.0
2024-07-23 08:00:00+00:00,13.952618407346217,0.0
2024-07-23 09:00:00+00:00,13.952618407346217,0.0
2024-07-23 10:00:00+00:00,13.952618407346217,0.0
2024-07-23 11:00:00+00:00,13.952618407346217,0.0
2024-07-23 12:00:00+00:00,13.952618407346217,0.0
2024-07-23 13:00:00+00:00,13.952618407346217,0.0
2024-07-23 14:00:00+00:00,13.952618407346217,0.0
2024-07-23 15:00:00+00:00,13.952618407346217,0.0
2024-07-23 16:00:00+00:00,13.952618407346217,0.0
2024-07-23 17:00:00+00:00,13.952618407346217,0.0
2024-07-23 18:00:00+00:00,13.952618407346217,0.0
2024-07-23 19:00:00+00:00,13.952618407346217,0.0
2024-07-23 20:00:00+00:00,13.952618407346217,0.0
2024-07-23 21:00:00+00:00,13.952618407346217,0.0
2024-07-23 22:00:00+00:00,13.952618407346217,0.0
2024-07-23 23:00:00+00:00,13.952618407346217,0.0
2024-07-24 00:00:00+00:00,13.924358809454617,299385020.57074445
2024-07-24 01:00:00+00:00,13.924358809454617,0.0
2024-07-24 02:00:00+00:00,13.924358809454617,0.0
2024-07-24 03:00:00+00:00,13.924358809454617,0.0
2024-07-24 04:00:00+00:00,13.924358809454617,0.0
2024-07-24 05:00:00+00:00,13.924358809454617,0.0
2024-07-24 06:00:00+00:00,13.924358809454617,0.0
2024-07-24 07:00:00+00:00,13.924358809454617,0.0
2024-07-24 08:00:00+00:00,13.924358809454617,0.0
2024-07-24 09:00:00+00:00,13.924358809454617,0.0
2024-07-24 10:00:00+00:00,13.924358809454617,0.0
2024-07-24 11:00:00+00:00,13.924358809454617,0.0
2024-07-24 12:00:00+00:00,13.924358809454617,0.0
2024-07-24 13:00:00+00:00,13.924358809454617,0.0
2024-07-24 14:00:00+00:00,13.924358809454617,0.0
2024-07-24 15:00:00+00:00,13.924358809454617,0.0
2024-07-24 16:00:00+00:00,13.924358809454617,0.0
2024-07-24 17:00:00+00:00,13.924358809454617,0.0
2024-07-24 18:00:00+00:00,13.924358809454617,0.0
2024-07-24 19:00:00+00:00,13.924358809454617,0.0
2024-07-24 20:00:00+00:00,13.924358809454617,0.0
2024-07-24 21:00:00+00:00,13.924358809454617,0.0
2024-07-24 22:00:00+00:00,13.924358809454617,0.0
2024-07-24 23:00:00+00:00,13.924358809454617,0.0
2024-07-25 00:00:00+00:00,13.37990347627047,280584744.95914453
2024-07-25 01:00:00+00:00,13.37990347627047,0.0
2024-07-25 02:00:00+00:00,13.37990347627047,0.0
2024-07-25 03:00:00+00:00,13.37990347627047,0.0
2024-07-25 04:00:00+00:00,13.37990347627047,0.0
2024-07-25 05:00:00+00:00,13.37990347627047,0.0
2024-07-25 06:00:00+00:00,13.37990347627047,0.0
2024-07-25 07:00:00+00:00,13.37990347627047,0.0
2024-07-25 08:00:00+00:00,13.37990347627047,0.0
2024-07-25 09:00:00+00:00,13.37990347627047,0.0
2024-07-25 10:00:00+00:00,13.37990347627047,0.0
2024-07-25 11:00:00+00:00,13.37990347627047,0.0
2024-07-25 12:00:00+00:00,13.37990347627047,0.0
2024-07-25 13:00:00+00:00,13.37990347627047,0.0
2024-07-25 14:00:00+00:00,13.37990347627047,0.0
2024-07-25 15:00:00+00:00,13.37990347627047,0.0
2024-07-25 16:00:00+00:00,13.37990347627047,0.0
2024-07-25 17:00:00+00:00,13.37990347627047,0.0
2024-07-25 18:00:00+00:00,13.37990347627047,0.0
2024-07-25 19:00:00+00:00,13.37990347627047,0.0
2024-07-25 20:00:00+00:00,13.37990347627047,0.0
2024-07-25 21:00:00+00:00,13.37990347627047,0.0
2024-07-25 22:00:00+00:00,13.37990347627047,0.0
2024-07-25 23:00:00+00:00,13.37990347627047,0.0
2024-07-26 00:00:00+00:00,12.939626217112574,349755375.98443574
2024-07-26 01:00:00+00:00,12.939626217112574,0.0
2024-07-26 02:00:00+00:00,12.939626217112574,0.0
2024-07-26 03:00:00+00:00,12.939626217112574,0.0
2024-07-26 04:00:00+00:00,12.939626217112574,0.0
2024-07-26 05:00:00+00:00,12.939626217112574,0.0
2024-07-26 06:00:00+00:00,12.939626217112574,0.0
2024-07-26 07:00:00+00:00,12.939626217112574,0.0
2024-07-26 08:00:00+00:00,12.939626217112574,0.0
2024-07-26 09:00:00+00:00,12.939626217112574,0.0
2024-07-26 10:00:00+00:00,12.939626217112574,0.0
2024-07-26 11:00:00+00:00,12.939626217112574,0.0
2024-07-26 12:00:00+00:00,12.939626217112574,0.0
2024-07-26 13:00:00+00:00,12.939626217112574,0.0
2024-07-26 14:00:00+00:00,12.939626217112574,0.0
2024-07-26 15:00:00+00:00,12.939626217112574,0.0
2024-07-26 16:00:00+00:00,12.939626217112574,0.0
2024-07-26 17:00:00+00:00,12.939626217112574,0.0
2024-07-26 18:00:00+00:00,12.939626217112574,0.0
2024-07-26 19:00:00+00:00,12.939626217112574,0.0
2024-07-26 20:00:00+00:00,12.939626217112574,0.0
2024-07-26 21:00:00+00:00,12.939626217112574,0.0
2024-07-26 22:00:00+00:00,12.939626217112574,0.0
2024-07-26 23:00:00+00:00,12.939626217112574,0.0
2024-07-27 00:00:00+00:00,13.541424215174601,257143593.5285106
2024-07-27 01:00:00+00:00,13.541424215174601,0.0
2024-07-27 02:00:00+00:00,13.541424215174601,0.0
2024-07-27 03:00:00+00:00,13.541424215174601,0.0
2024-07-27 04:00:00+00:00,13.541424215174601,0.0
2024-07-27 05:00:00+00:00,13.541424215174601,0.0
2024-07-27 06:00:00+00:00,13.541424215174601,0.0
2024-07-27 07:00:00+00:00,13.541424215174601,0.0
2024-07-27 08:00:00+00:00,13.541424215174601,0.0
2024-07-27 09:00:00+00:00,13.541424215174601,0.0
2024-07-27 10:00:00+00:00,13.541424215174601,0.0
2024-07-27 11:00:00+00:00,13.541424215174601,0.0
2024-07-27 12:00:00+00:00,13.541424215174601,0.0
2024-07-27 13:00:00+00:00,13.541424215174601,0.0
2024-07-27 14:00:00+00:00,13.541424215174601,0.0
2024-07-27 15:00:00+00:00,13.541424215174601,0.0
2024-07-27 16:00:00+00:00,13.541424215174601,0.0
2024-07-27 17:00:00+00:00,13.541424215174601,0.0
2024-07-27 18:00:00+00:00,13.541424215174601,0.0
2024-07-27 19:00:00+00:00,13.541424215174601,0.0
2024-07-27 20:00:00+00:00,13.541424215174601,0.0
2024-07-27 21:00:00+00:00,13.541424215174601,0.0
2024-07-27 22:00:00+00:00,13.541424215174601,0.0
2024-07-27 23:00:00+00:00,13.541424215174601,0.0
2024-07-28 00:00:00+00:00,13.5793468334406,280687525.9490278
2024-07-28 01:00:00+00:00,13.5793468334406,0.0
2024-07-28 02:00:00+00:00,13.5793468334406,0.0
2024-07-28 03:00:00+00:00,13.5793468334406,0.0
2024-07-28 04:00:00+00:00,13.5793468334406,0.0
2024-07-28 05:00:00+00:00,13.5793468334406,0.0
2024-07-28 06:00:00+00:00,13.5793468334406,0.0
2024-07-28 07:00:00+00:00,13.5793468334406,0.0
2024-07-28 08:00:00+00:00,13.5793468334406,0.0
2024-07-28 09:00:00+00:00,13.5793468334406,0.0
2024-07-28 10:00:00+00:00,13.5793468334406,0.0
2024-07-28 11:00:00+00:00,13.5793468334406,0.0
2024-07-28 12:00:00+00:00,13.5793468334406,0.0
2024-07-28 13:00:00+00:00,13.5793468334406,0.0
2024-07-28 14:00:00+00:00,13.5793468334406,0.0
2024-07-28 15:00:00+00:00,13.5793468334406,0.0
2024-07-28 16:00:00+00:00,13.5793468334406,0.0
2024-07-28 17:00:00+00:00,13.5793468334406,0.0
2024-07-28 18:00:00+00:00,13.5793468334406,0.0
2024-07-28 19:00:00+00:00,13.5793468334406,0.0
2024-07-28 20:00:00+00:00,13.5793468334406,0.0
2024-07-28 21:00:00+00:00,13.5793468334406,0.0
2024-07-28 22:00:00+00:00,13.5793468334406,0.0
2024-07-28 23:00:00+00:00,13.5793468334406,0.0
2024-07-29 00:00:00+00:00,13.29454987931957,185962455.48054445
2024-07-29 01:00:00+00:00,13.29454987931957,0.0
2024-07-29 02:00:00+00:00,13.29454987931957,0.0
2024-07-29 03:00:00+00:00,13.29454987931957,0.0
2024-07-29 04:00:00+00:00,13.29454987931957,0.0
2024-07-29 05:00:00+00:00,13.29454987931957,0.0
2024-07-29 06:00:00+00:00,13.29454987931957,0.0
2024-07-29 07:00:00+00:00,13.29454987931957,0.0
2024-07-29 08:00:00+00:00,13.29454987931957,0.0
2024-07-29 09:00:00+00:00,13.29454987931957,0.0
2024-07-29 10:00:00+00:00,13.29454987931957,0.0
2024-07-29 11:00:00+00:00,13.29454987931957,0.0
2024-07-29 12:00:00+00:00,13.29454987931957,0.0
2024-07-29 13:00:00+00:00,13.29454987931957,0.0
2024-07-29 14:00:00+00:00,13.29454987931957,0.0
2024-07-29 15:00:00+00:00,13.29454987931957,0.0
2024-07-29 16:00:00+00:00,13.29454987931957,0.0
2024-07-29 17:00:00+00:00,13.29454987931957,0.0
2024-07-29 18:00:00+00:00,13.29454987931957,0.0
2024-07-29 19:00:00+00:00,13.29454987931957,0.0
2024-07-29 20:00:00+00:00,13.29454987931957,0.0
2024-07-29 21:00:00+00:00,13.29454987931957,0.0
2024-07-29 22:00:00+00:00,13.29454987931957,0.0
2024-07-29 23:00:00+00:00,13.29454987931957,0.0
2024-07-30 00:00:00+00:00,13.541215607849297,305854212.7778272
2024-07-30 01:00:00+00:00,13.541215607849297,0.0
2024-07-30 02:00:00+00:00,13.541215607849297,0.0
2024-07-30 03:00:00+00:00,13.541215607849297,0.0
2024-07-30 04:00:00+00:00,13.541215607849297,0.0
2024-07-30 05:00:00+00:00,13.541215607849297,0.0
2024-07-30 06:00:00+00:00,13.541215607849297,0.0
2024-07-30 07:00:00+00:00,13.541215607849297,0.0
2024-07-30 08:00:00+00:00,13.541215607849297,0.0
2024-07-30 09:00:00+00:00,13.541215607849297,0.0
2024-07-30 10:00:00+00:00,13.541215607849297,0.0
2024-07-30 11:00:00+00:00,13.541215607849297,0.0
2024-07-30 12:00:00+00:00,13.541215607849297,0.0
2024-07-30 13:00:00+00:00,13.541215607849297,0.0
2024-07-30 14:00:00+00:00,13.541215607849297,0.0
2024-07-30 15:00:00+00:00,13.541215607849297,0.0
2024-07-30 16:00:00+00:00,13.541215607849297,0.0
2024-07-30 17:00:00+00:00,13.541215607849297,0.0
2024-07-30 18:00:00+00:00,13.541215607849297,0.0
2024-07-30 19:00:00+00:00,13.541215607849297,0.0
2024-07-30 20:00:00+00:00,13.541215607849297,0.0
2024-07-30 21:00:00+00:00,13.541215607849297,0.0
2024-07-30 22:00:00+00:00,13.541215607849297,0.0
2024-07-30 23:00:00+00:00,13.541215607849297,0.0
2024-07-31 00:00:00+00:00,13.137894004462956,274613670.9073254
2024-07-31 01:00:00+00:00,13.137894004462956,0.0
2024-07-31 02:00:00+00:00,13.137894004462956,0.0
2024-07-31 03:00:00+00:00,13.137894004462956,0.0
2024-07-31 04:00:00+00:00,13.137894004462956,0.0
2024-07-31 05:00:00+00:00,13.137894004462956,0.0
2024-07-31 06:00:00+00:00,13.137894004462956,0.0
2024-07-31 07:00:00+00:00,13.137894004462956,0.0
2024-07-31 08:00:00+00:00,13.137894004462956,0.0
2024-07-31 09:00:00+00:00,13.137894004462956,0.0
2024-07-31 10:00:00+00:00,13.137894004462956,0.0
2024-07-31 11:00:00+00:00,13.137894004462956,0.0
2024-07-31 12:00:00+00:00,13.137894004462956,0.0
2024-07-31 13:00:00+00:00,13.137894004462956,0.0
2024-07-31 14:00:00+00:00,13.137894004462956,0.0
2024-07-31 15:00:00+00:00,13.137894004462956,0.0
2024-07-31 16:00:00+00:00,13.137894004462956,0.0
2024-07-31 17:00:00+00:00,13.137894004462956,0.0
2024-07-31 18:00:00+00:00,13.137894004462956,0.0
2024-07-31 19:00:00+00:00,13.137894004462956,0.0
2024-07-31 20:00:00+00:00,13.137894004462956,0.0
2024-07-31 21:00:00+00:00,13.137894004462956,0.0
2024-07-31 22:00:00+00:00,13.137894004462956,0.0
2024-07-31 23:00:00+00:00,13.137894004462956,0.0
2024-08-01 00:00:00+00:00,12.828193988845705,276586212.20322514
2024-08-01 01:00:00+00:00,12.828193988845705,0.0
2024-08-01 02:00:00+00:00,12.828193988845705,0.0
2024-08-01 03:00:00+00:00,12.828193988845705,0.0
2024-08-01 04:00:00+00:00,12.828193988845705,0.0
2024-08-01 05:00:00+00:00,12.828193988845705,0.0
2024-08-01 06:00:00+00:00,12.828193988845705,0.0
2024-08-01 07:00:00+00:00,12.828193988845705,0.0
2024-08-01 08:00:00+00:00,12.828193988845705,0.0
2024-08-01 09:00:00+00:00,12.828193988845705,0.0
2024-08-01 10:00:00+00:00,12.828193988845705,0.0
2024-08-01 11:00:00+00:00,12.828193988845705,0.0
2024-08-01 12:00:00+00:00,12.828193988845705,0.0
2024-08-01 13:00:00+00:00,12.828193988845705,0.0
2024-08-01 14:00:00+00:00,12.828193988845705,0.0
2024-08-01 15:00:00+00:00,12.828193988845705,0.0
2024-08-01 16:00:00+00:00,12.828193988845705,0.0
2024-08-01 17:00:00+00:00,12.828193988845705,0.0
2024-08-01 18:00:00+00:00,12.828193988845705,0.0
2024-08-01 19:00:00+00:00,12.828193988845705,0.0
2024-08-01 20:00:00+00:00,12.828193988845705,0.0
2024-08-01 21:00:00+00:00,12.828193988845705,0.0
2024-08-01 22:00:00+00:00,12.828193988845705,0.0
2024-08-01 23:00:00+00:00,12.828193988845705,0.0
2024-08-02 00:00:00+00:00,12.913349528357642,321064030.6090092
2024-08-02 01:00:00+00:00,12.913349528357642,0.0
2024-08-02 02:00:00+00:00,12.913349528357642,0.0
2024-08-02 03:00:00+00:00,12.913349528357642,0.0
2024-08-02 04:00:00+00:00,12.913349528357642,0.0
2024-08-02 05:00:00+00:00,12.913349528357642,0.0
2024-08-02 06:00:00+00:00,12.913349528357642,0.0
2024-08-02 07:00:00+00:00,12.913349528357642,0.0
2024-08-02 08:00:00+00:00,12.913349528357642,0.0
2024-08-02 09:00:00+00:00,12.913349528357642,0.0
2024-08-02 10:00:00+00:00,12.913349528357642,0.0
2024-08-02 11:00:00+00:00,12.913349528357642,0.0
2024-08-02 12:00:00+00:00,12.913349528357642,0.0
2024-08-02 13:00:00+00:00,12.913349528357642,0.0
2024-08-02 14:00:00+00:00,12.913349528357642,0.0
2024-08-02 15:00:00+00:00,12.913349528357642,0.0
2024-08-02 16:00:00+00:00,12.913349528357642,0.0
2024-08-02 17:00:00+00:00,12.913349528357642,0.0
2024-08-02 18:00:00+00:00,12.913349528357642,0.0
2024-08-02 19:00:00+00:00,12.913349528357642,0.0
2024-08-02 20:00:00+00:00,12.913349528357642,0.0
2024-08-02 21:00:00+00:00,12.913349528357642,0.0
2024-08-02 22:00:00+00:00,12.913349528357642,0.0
2024-08-02 23:00:00+00:00,12.913349528357642,0.0
2024-08-03 00:00:00+00:00,11.897220670011452,381320147.81179506
2024-08-03 01:00:00+00:00,11.897220670011452,0.0
2024-08-03 02:00:00+00:00,11.897220670011452,0.0
2024-08-03 03:00:00+00:00,11.897220670011452,0.0
2024-08-03 04:00:00+00:00,11.897220670011452,0.0
2024-08-03 05:00:00+00:00,11.897220670011452,0.0
2024-08-03 06:00:00+00:00,11.897220670011452,0.0
2024-08-03 07:00:00+00:00,11.897220670011452,0.0
2024-08-03 08:00:00+00:00,11.897220670011452,0.0
2024-08-03 09:00:00+00:00,11.897220670011452,0.0
2024-08-03 10:00:00+00:00,11.897220670011452,0.0
2024-08-03 11:00:00+00:00,11.897220670011452,0.0
2024-08-03 12:00:00+00:00,11.897220670011452,0.0
2024-08-03 13:00:00+00:00,11.897220670011452,0.0
2024-08-03 14:00:00+00:00,11.897220670011452,0.0
2024-08-03 15:00:00+00:00,11.897220670011452,0.0
2024-08-03 16:00:00+00:00,11.897220670011452,0.0
2024-08-03 17:00:00+00:00,11.897220670011452,0.0
2024-08-03 18:00:00+00:00,11.897220670011452,0.0
2024-08-03 19:00:00+00:00,11.897220670011452,0.0
2024-08-03 20:00:00+00:00,11.897220670011452,0.0
2024-08-03 21:00:00+00:00,11.897220670011452,0.0
2024-08-03 22:00:00+00:00,11.897220670011452,0.0
2024-08-03 23:00:00+00:00,11.897220670011452,0.0
2024-08-04 00:00:00+00:00,11.699923586856254,302645570.4734518
2024-08-04 01:00:00+00:00,11.699923586856254,0.0
2024-08-04 02:00:00+00:00,11.699923586856254,0.0
2024-08-04 03:00:00+00:00,11.699923586856254,0.0
2024-08-04 04:00:00+00:00,11.699923586856254,0.0
2024-08-04 05:00:00+00:00,11.699923586856254,0.0
2024-08-04 06:00:00+00:00,11.699923586856254,0.0
2024-08-04 07:00:00+00:00,11.699923586856254,0.0
2024-08-04 08:00:00+00:00,11.699923586856254,0.0
2024-08-04 09:00:00+00:00,11.699923586856254,0.0
2024-08-04 10:00:00+00:00,11.699923586856254,0.0
2024-08-04 11:00:00+00:00,11.699923586856254,0.0
2024-08-04 12:00:00+00:00,11.699923586856254,0.0
2024-08-04 13:00:00+00:00,11.699923586856254,0.0
2024-08-04 14:00:00+00:00,11.699923586856254,0.0
2024-08-04 15:00:00+00:00,11.699923586856254,0.0
2024-08-04 16:00:00+00:00,11.699923586856254,0.0
2024-08-04 17:00:00+00:00,11.699923586856254,0.0
2024-08-04 18:00:00+00:00,11.699923586856254,0.0
2024-08-04 19:00:00+00:00,11.699923586856254,0.0
2024-08-04 20:00:00+00:00,11.699923586856254,0.0
2024-08-04 21:00:00+00:00,11.699923586856254,0.0
2024-08-04 22:00:00+00:00,11.699923586856254,0.0
2024-08-04 23:00:00+00:00,11.699923586856254,0.0
2024-08-05 00:00:00+00:00,10.860102257199278,337551301.79313797
2024-08-05 01:00:00+00:00,10.860102257199278,0.0
2024-08-05 02:00:00+00:00,10.860102257199278,0.0
2024-08-05 03:00:00+00:00,10.860102257199278,0.0
2024-08-05 04:00:00+00:00,10.860102257199278,0.0
2024-08-05 05:00:00+00:00,10.860102257199278,0.0
2024-08-05 06:00:00+00:00,10.860102257199278,0.0
2024-08-05 07:00:00+00:00,10.860102257199278,0.0
2024-08-05 08:00:00+00:00,10.860102257199278,0.0
2024-08-05 09:00:00+00:00,10.860102257199278,0.0
2024-08-05 10:00:00+00:00,10.860102257199278,0.0
2024-08-05 11:00:00+00:00,10.860102257199278,0.0
2024-08-05 12:00:00+00:00,10.860102257199278,0.0
2024-08-05 13:00:00+00:00,10.860102257199278,0.0
2024-08-05 14:00:00+00:00,10.860102257199278,0.0
2024-08-05 15:00:00+00:00,10.860102257199278,0.0
2024-08-05 16:00:00+00:00,10.860102257199278,0.0
2024-08-05 17:00:00+00:00,10.860102257199278,0.0
2024-08-05 18:00:00+00:00,10.860102257199278,0.0
2024-08-05 19:00:00+00:00,10.860102257199278,0.0
2024-08-05 20:00:00+00:00,10.860102257199278,0.0
2024-08-05 21:00:00+00:00,10.860102257199278,0.0
2024-08-05 22:00:00+00:00,10.860102257199278,0.0
2024-08-05 23:00:00+00:00,10.860102257199278,0.0
2024-08-06 00:00:00+00:00,9.513389375466685,1412177885.7226934
2024-08-06 01:00:00+00:00,9.513389375466685,0.0
2024-08-06 02:00:00+00:00,9.513389375466685,0.0
2024-08-06 03:00:00+00:00,9.513389375466685,0.0
2024-08-06 04:00:00+00:00,9.513389375466685,0.0
2024-08-06 05:00:00+00:00,9.513389375466685,0.0
2024-08-06 06:00:00+00:00,9.513389375466685,0.0
2024-08-06 07:00:00+00:00,9.513389375466685,0.0
2024-08-06 08:00:00+00:00,9.513389375466685,0.0
2024-08-06 09:00:00+00:00,9.513389375466685,0.0
2024-08-06 10:00:00+00:00,9.513389375466685,0.0
2024-08-06 11:00:00+00:00,9.513389375466685,0.0
2024-08-06 12:00:00+00:00,9.513389375466685,0.0
2024-08-06 13:00:00+00:00,9.513389375466685,0.0
2024-08-06 14:00:00+00:00,9.513389375466685,0.0
2024-08-06 15:00:00+00:00,9.513389375466685,0.0
2024-08-06 16:00:00+00:00,9.513389375466685,0.0
2024-08-06 17:00:00+00:00,9.513389375466685,0.0
2024-08-06 18:00:00+00:00,9.513389375466685,0.0
2024-08-06 19:00:00+00:00,9.513389375466685,0.0
2024-08-06 20:00:00+00:00,9.513389375466685,0.0
2024-08-06 21:00:00+00:00,9.513389375466685,0.0
2024-08-06 22:00:00+00:00,9.513389375466685,0.0
2024-08-06 23:00:00+00:00,9.513389375466685,0.0
2024-08-07 00:00:00+00:00,10.044570007378395,473146550.6039654
2024-08-07 01:00:00+00:00,10.044570007378395,0.0
2024-08-07 02:00:00+00:00,10.044570007378395,0.0
2024-08-07 03:00:00+00:00,10.044570007378395,0.0
2024-08-07 04:00:00+00:00,10.044570007378395,0.0
2024-08-07 05:00:00+00:00,10.044570007378395,0.0
2024-08-07 06:00:00+00:00,10.044570007378395,0.0
2024-08-07 07:00:00+00:00,10.044570007378395,0.0
2024-08-07 08:00:00+00:00,10.044570007378395,0.0
2024-08-07 09:00:00+00:00,10.044570007378395,0.0
2024-08-07 10:00:00+00:00,10.044570007378395,0.0
2024-08-07 11:00:00+00:00,10.044570007378395,0.0
2024-08-07 12:00:00+00:00,10.044570007378395,0.0
2024-08-07 13:00:00+00:00,10.044570007378395,0.0
2024-08-07 14:00:00+00:00,10.044570007378395,0.0
2024-08-07 15:00:00+00:00,10.044570007378395,0.0
2024-08-07 16:00:00+00:00,10.044570007378395,0.0
2024-08-07 17:00:00+00:00,10.044570007378395,0.0
2024-08-07 18:00:00+00:00,10.044570007378395,0.0
2024-08-07 19:00:00+00:00,10.044570007378395,0.0
2024-08-07 20:00:00+00:00,10.044570007378395,0.0
2024-08-07 21:00:00+00:00,10.044570007378395,0.0
2024-08-07 22:00:00+00:00,10.044570007378395,0.0
2024-08-07 23:00:00+00:00,10.044570007378395,0.0
2024-08-08 00:00:00+00:00,9.49453042789809,360858285.50262237
2024-08-08 01:00:00+00:00,9.49453042789809,0.0
2024-08-08 02:00:00+00:00,9.49453042789809,0.0
2024-08-08 03:00:00+00:00,9.49453042789809,0.0
2024-08-08 04:00:00+00:00,9.49453042789809,0.0
2024-08-08 05:00:00+00:00,9.49453042789809,0.0
2024-08-08 06:00:00+00:00,9.49453042789809,0.0
2024-08-08 07:00:00+00:00,9.49453042789809,0.0
2024-08-08 08:00:00+00:00,9.49453042789809,0.0
2024-08-08 09:00:00+00:00,9.49453042789809,0.0
2024-08-08 10:00:00+00:00,9.49453042789809,0.0
2024-08-08 11:00:00+00:00,9.49453042789809,0.0
2024-08-08 12:00:00+00:00,9.49453042789809,0.0
2024-08-08 13:00:00+00:00,9.49453042789809,0.0
2024-08-08 14:00:00+00:00,9.49453042789809,0.0
2024-08-08 15:00:00+00:00,9.49453042789809,0.0
2024-08-08 16:00:00+00:00,9.49453042789809,0.0
2024-08-08 17:00:00+00:00,9.49453042789809,0.0
2024-08-08 18:00:00+00:00,9.49453042789809,0.0
2024-08-08 19:00:00+00:00,9.49453042789809,0.0
2024-08-08 20:00:00+00:00,9.49453042789809,0.0
2024-08-08 21:00:00+00:00,9.49453042789809,0.0
2024-08-08 22:00:00+00:00,9.49453042789809,0.0
2024-08-08 23:00:00+00:00,9.49453042789809,0.0
2024-08-09 00:00:00+00:00,10.741517899958072,349606147.27388304
2024-08-09 01:00:00+00:00,10.741517899958072,0.0
2024-08-09 02:00:00+00:00,10.741517899958072,0.0
2024-08-09 03:00:00+00:00,10.741517899958072,0.0
2024-08-09 04:00:00+00:00,10.741517899958072,0.0
2024-08-09 05:00:00+00:00,10.741517899958072,0.0
2024-08-09 06:00:00+00:00,10.741517899958072,0.0
2024-08-09 07:00:00+00:00,10.741517899958072,0.0
2024-08-09 08:00:00+00:00,10.741517899958072,0.0
2024-08-09 09:00:00+00:00,10.741517899958072,0.0
2024-08-09 10:00:00+00:00,10.741517899958072,0.0
2024-08-09 11:00:00+00:00,10.741517899958072,0.0
2024-08-09 12:00:00+00:00,10.741517899958072,0.0
2024-08-09 13:00:00+00:00,10.741517899958072,0.0
2024-08-09 14:00:00+00:00,10.741517899958072,0.0
2024-08-09 15:00:00+00:00,10.741517899958072,0.0
2024-08-09 16:00:00+00:00,10.741517899958072,0.0
2024-08-09 17:00:00+00:00,10.741517899958072,0.0
2024-08-09 18:00:00+00:00,10.741517899958072,0.0
2024-08-09 19:00:00+00:00,10.741517899958072,0.0
2024-08-09 20:00:00+00:00,10.741517899958072,0.0
2024-08-09 21:00:00+00:00,10.741517899958072,0.0
2024-08-09 22:00:00+00:00,10.741517899958072,0.0
2024-08-09 23:00:00+00:00,10.741517899958072,0.0
2024-08-10 00:00:00+00:00,10.553846145020186,255846981.41600212
2024-08-10 01:00:00+00:00,10.553846145020186,0.0
2024-08-10 02:00:00+00:00,10.553846145020186,0.0
2024-08-10 03:00:00+00:00,10.553846145020186,0.0
2024-08-10 04:00:00+00:00,10.553846145020186,0.0
2024-08-10 05:00:00+00:00,10.553846145020186,0.0
2024-08-10 06:00:00+00:00,10.553846145020186,0.0
2024-08-10 07:00:00+00:00,10.553846145020186,0.0
2024-08-10 08:00:00+00:00,10.553846145020186,0.0
2024-08-10 09:00:00+00:00,10.553846145020186,0.0
2024-08-10 10:00:00+00:00,10.553846145020186,0.0
2024-08-10 11:00:00+00:00,10.553846145020186,0.0
2024-08-10 12:00:00+00:00,10.553846145020186,0.0
2024-08-10 13:00:00+00:00,10.553846145020186,0.0
2024-08-10 14:00:00+00:00,10.553846145020186,0.0
2024-08-10 15:00:00+00:00,10.553846145020186,0.0
2024-08-10 16:00:00+00:00,10.553846145020186,0.0
2024-08-10 17:00:00+00:00,10.553846145020186,0.0
2024-08-10 18:00:00+00:00,10.553846145020186,0.0
2024-08-10 19:00:00+00:00,10.553846145020186,0.0
2024-08-10 20:00:00+00:00,10.553846145020186,0.0
2024-08-10 21:00:00+00:00,10.553846145020186,0.0
2024-08-10 22:00:00+00:00,10.553846145020186,0.0
2024-08-10 23:00:00+00:00,10.553846145020186,0.0
2024-08-11 00:00:00+00:00,10.555260750664056,171690521.95009863
2024-08-11 01:00:00+00:00,10.555260750664056,0.0
2024-08-11 02:00:00+00:00,10.555260750664056,0.0
2024-08-11 03:00:00+00:00,10.555260750664056,0.0
2024-08-11 04:00:00+00:00,10.555260750664056,0.0
2024-08-11 05:00:00+00:00,10.555260750664056,0.0
2024-08-11 06:00:00+00:00,10.555260750664056,0.0
2024-08-11 07:00:00+00:00,10.555260750664056,0.0
2024-08-11 08:00:00+00:00,10.555260750664056,0.0
2024-08-11 09:00:00+00:00,10.555260750664056,0.0
2024-08-11 10:00:00+00:00,10.555260750664056,0.0
2024-08-11 11:00:00+00:00,10.555260750664056,0.0
2024-08-11 12:00:00+00:00,10.555260750664056,0.0
2024-08-11 13:00:00+00:00,10.555260750664056,0.0
2024-08-11 14:00:00+00:00,10.555260750664056,0.0
2024-08-11 15:00:00+00:00,10.555260750664056,0.0
2024-08-11 16:00:00+00:00,10.555260750664056,0.0
2024-08-11 17:00:00+00:00,10.555260750664056,0.0
2024-08-11 18:00:00+00:00,10.555260750664056,0.0
2024-08-11 19:00:00+00:00,10.555260750664056,0.0
2024-08-11 20:00:00+00:00,10.555260750664056,0.0
2024-08-11 21:00:00+00:00,10.555260750664056,0.0
2024-08-11 22:00:00+00:00,10.555260750664056,0.0
2024-08-11 23:00:00+00:00,10.555260750664056,0.0
2024-08-12 00:00:00+00:00,10.012536903524843,213605952.12161312
2024-08-12 01:00:00+00:00,10.012536903524843,0.0
2024-08-12 02:00:00+00:00,10.012536903524843,0.0
2024-08-12 03:00:00+00:00,10.012536903524843,0.0
2024-08-12 04:00:00+00:00,10.012536903524843,0.0
2024-08-12 05:00:00+00:00,10.012536903524843,0.0
2024-08-12 06:00:00+00:00,10.012536903524843,0.0
2024-08-12 07:00:00+00:00,10.012536903524843,0.0
2024-08-12 08:00:00+00:00,10.012536903524843,0.0
2024-08-12 09:00:00+00:00,10.012536903524843,0.0
2024-08-12 10:00:00+00:00,10.012536903524843,0.0
2024-08-12 11:00:00+00:00,10.012536903524843,0.0
2024-08-12 12:00:00+00:00,10.012536903524843,0.0
2024-08-12 13:00:00+00:00,10.012536903524843,0.0
2024-08-12 14:00:00+00:00,10.012536903524843,0.0
2024-08-12 15:00:00+00:00,10.012536903524843,0.0
2024-08-12 16:00:00+00:00,10.012536903524843,0.0
2024-08-12 17:00:00+00:00,10.012536903524843,0.0
2024-08-12 18:00:00+00:00,10.012536903524843,0.0
2024-08-12 19:00:00+00:00,10.012536903524843,0.0
2024-08-12 20:00:00+00:00,10.012536903524843,0.0
2024-08-12 21:00:00+00:00,10.012536903524843,0.0
2024-08-12 22:00:00+00:00,10.012536903524843,0.0
2024-08-12 23:00:00+00:00,10.012536903524843,0.0
2024-08-13 00:00:00+00:00,10.561648040137502,326835987.2616489
2024-08-13 01:00:00+00:00,10.561648040137502,0.0
2024-08-13 02:00:00+00:00,10.561648040137502,0.0
2024-08-13 03:00:00+00:00,10.561648040137502,0.0
2024-08-13 04:00:00+00:00,10.561648040137502,0.0
2024-08-13 05:00:00+00:00,10.561648040137502,0.0
2024-08-13 06:00:00+00:00,10.561648040137502,0.0
2024-08-13 07:00:00+00:00,10.561648040137502,0.0
2024-08-13 08:00:00+00:00,10.561648040137502,0.0
2024-08-13 09:00:00+00:00,10.561648040137502,0.0
2024-08-13 10:00:00+00:00,10.561648040137502,0.0
2024-08-13 11:00:00+00:00,10.561648040137502,0.0
2024-08-13 12:00:00+00:00,10.561648040137502,0.0
2024-08-13 13:00:00+00:00,10.561648040137502,0.0
2024-08-13 14:00:00+00:00,10.561648040137502,0.0
2024-08-13 15:00:00+00:00,10.561648040137502,0.0
2024-08-13 16:00:00+00:00,10.561648040137502,0.0
2024-08-13 17:00:00+00:00,10.561648040137502,0.0
2024-08-13 18:00:00+00:00,10.561648040137502,0.0
2024-08-13 19:00:00+00:00,10.561648040137502,0.0
2024-08-13 20:00:00+00:00,10.561648040137502,0.0
2024-08-13 21:00:00+00:00,10.561648040137502,0.0
2024-08-13 22:00:00+00:00,10.561648040137502,0.0
2024-08-13 23:00:00+00:00,10.561648040137502,0.0
2024-08-14 00:00:00+00:00,10.577495487588957,259977672.99252245
2024-08-14 01:00:00+00:00,10.577495487588957,0.0
2024-08-14 02:00:00+00:00,10.577495487588957,0.0
2024-08-14 03:00:00+00:00,10.577495487588957,0.0
2024-08-14 04:00:00+00:00,10.577495487588957,0.0
2024-08-14 05:00:00+00:00,10.577495487588957,0.0
2024-08-14 06:00:00+00:00,10.577495487588957,0.0
2024-08-14 07:00:00+00:00,10.577495487588957,0.0
2024-08-14 08:00:00+00:00,10.577495487588957,0.0
2024-08-14 09:00:00+00:00,10.577495487588957,0.0
2024-08-14 10:00:00+00:00,10.577495487588957,0.0
2024-08-14 11:00:00+00:00,10.577495487588957,0.0
2024-08-14 12:00:00+00:00,10.577495487588957,0.0
2024-08-14 13:00:00+00:00,10.577495487588957,0.0
2024-08-14 14:00:00+00:00,10.577495487588957,0.0
2024-08-14 15:00:00+00:00,10.577495487588957,0.0
2024-08-14 16:00:00+00:00,10.577495487588957,0.0
2024-08-14 17:00:00+00:00,10.577495487588957,0.0
2024-08-14 18:00:00+00:00,10.577495487588957,0.0
2024-08-14 19:00:00+00:00,10.577495487588957,0.0
2024-08-14 20:00:00+00:00,10.577495487588957,0.0
2024-08-14 21:00:00+00:00,10.577495487588957,0.0
2024-08-14 22:00:00+00:00,10.577495487588957,0.0
2024-08-14 23:00:00+00:00,10.577495487588957,0.0
2024-08-15 00:00:00+00:00,10.396983717381616,241802517.43318346
2024-08-15 01:00:00+00:00,10.396983717381616,0.0
2024-08-15 02:00:00+00:00,10.396983717381616,0.0
2024-08-15 03:00:00+00:00,10.396983717381616,0.0
2024-08-15 04:00:00+00:00,10.396983717381616,0.0
2024-08-15 05:00:00+00:00,10.396983717381616,0.0
2024-08-15 06:00:00+00:00,10.396983717381616,0.0
2024-08-15 07:00:00+00:00,10.396983717381616,0.0
2024-08-15 08:00:00+00:00,10.396983717381616,0.0
2024-08-15 09:00:00+00:00,10.396983717381616,0.0
2024-08-15 10:00:00+00:00,10.396983717381616,0.0
2024-08-15 11:00:00+00:00,10.396983717381616,0.0
2024-08-15 12:00:00+00:00,10.396983717381616,0.0
2024-08-15 13:00:00+00:00,10.396983717381616,0.0
2024-08-15 14:00:00+00:00,10.396983717381616,0.0
2024-08-15 15:00:00+00:00,10.396983717381616,0.0
2024-08-15 16:00:00+00:00,10.396983717381616,0.0
2024-08-15 17:00:00+00:00,10.396983717381616,0.0
2024-08-15 18:00:00+00:00,10.396983717381616,0.0
2024-08-15 19:00:00+00:00,10.396983717381616,0.0
2024-08-15 20:00:00+00:00,10.396983717381616,0.0
2024-08-15 21:00:00+00:00,10.396983717381616,0.0
2024-08-15 22:00:00+00:00,10.396983717381616,0.0
2024-08-15 23:00:00+00:00,10.396983717381616,0.0
2024-08-16 00:00:00+00:00,10.171003209210259,269642992.06989145
2024-08-16 01:00:00+00:00,10.171003209210259,0.0
2024-08-16 02:00:00+00:00,10.171003209210259,0.0
2024-08-16 03:00:00+00:00,10.171003209210259,0.0
2024-08-16 04:00:00+00:00,10.171003209210259,0.0
2024-08-16 05:00:00+00:00,10.171003209210259,0.0
2024-08-16 06:00:00+00:00,10.171003209210259,0.0
2024-08-16 07:00:00+00:00,10.171003209210259,0.0
2024-08-16 08:00:00+00:00,10.171003209210259,0.0
2024-08-16 09:00:00+00:00,10.171003209210259,0.0
2024-08-16 10:00:00+00:00,10.171003209210259,0.0
2024-08-16 11:00:00+00:00,10.171003209210259,0.0
2024-08-16 12:00:00+00:00,10.171003209210259,0.0
2024-08-16 13:00:00+00:00,10.171003209210259,0.0
2024-08-16 14:00:00+00:00,10.171003209210259,0.0
2024-08-16 15:00:00+00:00,10.171003209210259,0.0
2024-08-16 16:00:00+00:00,10.171003209210259,0.0
2024-08-16 17:00:00+00:00,10.171003209210259,0.0
2024-08-16 18:00:00+00:00,10.171003209210259,0.0
2024-08-16 19:00:00+00:00,10.171003209210259,0.0
2024-08-16 20:00:00+00:00,10.171003209210259,0.0
2024-08-16 21:00:00+00:00,10.171003209210259,0.0
2024-08-16 22:00:00+00:00,10.171003209210259,0.0
2024-08-16 23:00:00+00:00,10.171003209210259,0.0
2024-08-17 00:00:00+00:00,10.129488796974263,229261172.09691665
2024-08-17 01:00:00+00:00,10.129488796974263,0.0
2024-08-17 02:00:00+00:00,10.129488796974263,0.0
2024-08-17 03:00:00+00:00,10.129488796974263,0.0
2024-08-17 04:00:00+00:00,10.129488796974263,0.0
2024-08-17 05:00:00+00:00,10.129488796974263,0.0
2024-08-17 06:00:00+00:00,10.129488796974263,0.0
2024-08-17 07:00:00+00:00,10.129488796974263,0.0
2024-08-17 08:00:00+00:00,10.129488796974263,0.0
2024-08-17 09:00:00+00:00,10.129488796974263,0.0
2024-08-17 10:00:00+00:00,10.129488796974263,0.0
2024-08-17 11:00:00+00:00,10.129488796974263,0.0
2024-08-17 12:00:00+00:00,10.129488796974263,0.0
2024-08-17 13:00:00+00:00,10.129488796974263,0.0
2024-08-17 14:00:00+00:00,10.129488796974263,0.0
2024-08-17 15:00:00+00:00,10.129488796974263,0.0
2024-08-17 16:00:00+00:00,10.129488796974263,0.0
2024-08-17 17:00:00+00:00,10.129488796974263,0.0
2024-08-17 18:00:00+00:00,10.129488796974263,0.0
2024-08-17 19:00:00+00:00,10.129488796974263,0.0
2024-08-17 20:00:00+00:00,10.129488796974263,0.0
2024-08-17 21:00:00+00:00,10.129488796974263,0.0
2024-08-17 22:00:00+00:00,10.129488796974263,0.0
2024-08-17 23:00:00+00:00,10.129488796974263,0.0
2024-08-18 00:00:00+00:00,10.143471810490324,137179767.62784022
2024-08-18 01:00:00+00:00,10.143471810490324,0.0
2024-08-18 02:00:00+00:00,10.143471810490324,0.0
2024-08-18 03:00:00+00:00,10.143471810490324,0.0
2024-08-18 04:00:00+00:00,10.143471810490324,0.0
2024-08-18 05:00:00+00:00,10.143471810490324,0.0
2024-08-18 06:00:00+00:00,10.143471810490324,0.0
2024-08-18 07:00:00+00:00,10.143471810490324,0.0
2024-08-18 08:00:00+00:00,10.143471810490324,0.0
2024-08-18 09:00:00+00:00,10.143471810490324,0.0
2024-08-18 10:00:00+00:00,10.143471810490324,0.0
2024-08-18 11:00:00+00:00,10.143471810490324,0.0
2024-08-18 12:00:00+00:00,10.143471810490324,0.0
2024-08-18 13:00:00+00:00,10.143471810490324,0.0
2024-08-18 14:00:00+00:00,10.143471810490324,0.0
2024-08-18 15:00:00+00:00,10.143471810490324,0.0
2024-08-18 16:00:00+00:00,10.143471810490324,0.0
2024-08-18 17:00:00+00:00,10.143471810490324,0.0
2024-08-18 18:00:00+00:00,10.143471810490324,0.0
2024-08-18 19:00:00+00:00,10.143471810490324,0.0
2024-08-18 20:00:00+00:00,10.143471810490324,0.0
2024-08-18 21:00:00+00:00,10.143471810490324,0.0
2024-08-18 22:00:00+00:00,10.143471810490324,0.0
2024-08-18 23:00:00+00:00,10.143471810490324,0.0
2024-08-19 00:00:00+00:00,10.088911103102001,184930497.86880025
2024-08-19 01:00:00+00:00,10.088911103102001,0.0
2024-08-19 02:00:00+00:00,10.088911103102001,0.0
2024-08-19 03:00:00+00:00,10.088911103102001,0.0
2024-08-19 04:00:00+00:00,10.088911103102001,0.0
2024-08-19 05:00:00+00:00,10.088911103102001,0.0
2024-08-19 06:00:00+00:00,10.088911103102001,0.0
2024-08-19 07:00:00+00:00,10.088911103102001,0.0
2024-08-19 08:00:00+00:00,10.088911103102001,0.0
2024-08-19 09:00:00+00:00,10.088911103102001,0.0
2024-08-19 10:00:00+00:00,10.088911103102001,0.0
2024-08-19 11:00:00+00:00,10.088911103102001,0.0
2024-08-19 12:00:00+00:00,10.088911103102001,0.0
2024-08-19 13:00:00+00:00,10.088911103102001,0.0
2024-08-19 14:00:00+00:00,10.088911103102001,0.0
2024-08-19 15:00:00+00:00,10.088911103102001,0.0
2024-08-19 16:00:00+00:00,10.088911103102001,0.0
2024-08-19 17:00:00+00:00,10.088911103102001,0.0
2024-08-19 18:00:00+00:00,10.088911103102001,0.0
2024-08-19 19:00:00+00:00,10.088911103102001,0.0
2024-08-19 20:00:00+00:00,10.088911103102001,0.0
2024-08-19 21:00:00+00:00,10.088911103102001,0.0
2024-08-19 22:00:00+00:00,10.088911103102001,0.0
2024-08-19 23:00:00+00:00,10.088911103102001,0.0
2024-08-20 00:00:00+00:00,10.192056900253663,209762093.5855813
2024-08-20 01:00:00+00:00,10.192056900253663,0.0
2024-08-20 02:00:00+00:00,10.192056900253663,0.0
2024-08-20 03:00:00+00:00,10.192056900253663,0.0
2024-08-20 04:00:00+00:00,10.192056900253663,0.0
2024-08-20 05:00:00+00:00,10.192056900253663,0.0
2024-08-20 06:00:00+00:00,10.192056900253663,0.0
2024-08-20 07:00:00+00:00,10.192056900253663,0.0
2024-08-20 08:00:00+00:00,10.192056900253663,0.0
2024-08-20 09:00:00+00:00,10.192056900253663,0.0
2024-08-20 10:00:00+00:00,10.192056900253663,0.0
2024-08-20 11:00:00+00:00,10.192056900253663,0.0
2024-08-20 12:00:00+00:00,10.192056900253663,0.0
2024-08-20 13:00:00+00:00,10.192056900253663,0.0
2024-08-20 14:00:00+00:00,10.192056900253663,0.0
2024-08-20 15:00:00+00:00,10.192056900253663,0.0
2024-08-20 16:00:00+00:00,10.192056900253663,0.0
2024-08-20 17:00:00+00:00,10.192056900253663,0.0
2024-08-20 18:00:00+00:00,10.192056900253663,0.0
2024-08-20 19:00:00+00:00,10.192056900253663,0.0
2024-08-20 20:00:00+00:00,10.192056900253663,0.0
2024-08-20 21:00:00+00:00,10.192056900253663,0.0
2024-08-20 22:00:00+00:00,10.192056900253663,0.0
2024-08-20 23:00:00+00:00,10.192056900253663,0.0
2024-08-21 00:00:00+00:00,10.245854607366775,230394092.26409155
2024-08-21 01:00:00+00:00,10.245854607366775,0.0
2024-08-21 02:00:00+00:00,10.245854607366775,0.0
2024-08-21 03:00:00+00:00,10.245854607366775,0.0
2024-08-21 04:00:00+00:00,10.245854607366775,0.0
2024-08-21 05:00:00+00:00,10.245854607366775,0.0
2024-08-21 06:00:00+00:00,10.245854607366775,0.0
2024-08-21 07:00:00+00:00,10.245854607366775,0.0
2024-08-21 08:00:00+00:00,10.245854607366775,0.0
2024-08-21 09:00:00+00:00,10.245854607366775,0.0
2024-08-21 10:00:00+00:00,10.245854607366775,0.0
2024-08-21 11:00:00+00:00,10.245854607366775,0.0
2024-08-21 12:00:00+00:00,10.245854607366775,0.0
2024-08-21 13:00:00+00:00,10.245854607366775,0.0
2024-08-21 14:00:00+00:00,10.245854607366775,0.0
2024-08-21 15:00:00+00:00,10.245854607366775,0.0
2024-08-21 16:00:00+00:00,10.245854607366775,0.0
2024-08-21 17:00:00+00:00,10.245854607366775,0.0
2024-08-21 18:00:00+00:00,10.245854607366775,0.0
2024-08-21 19:00:00+00:00,10.245854607366775,0.0
2024-08-21 20:00:00+00:00,10.245854607366775,0.0
2024-08-21 21:00:00+00:00,10.245854607366775,0.0
2024-08-21 22:00:00+00:00,10.245854607366775,0.0
2024-08-21 23:00:00+00:00,10.245854607366775,0.0
2024-08-22 00:00:00+00:00,11.207627287589187,334680643.2711106
2024-08-22 01:00:00+00:00,11.207627287589187,0.0
2024-08-22 02:00:00+00:00,11.207627287589187,0.0
2024-08-22 03:00:00+00:00,11.207627287589187,0.0
2024-08-22 04:00:00+00:00,11.207627287589187,0.0
2024-08-22 05:00:00+00:00,11.207627287589187,0.0
2024-08-22 06:00:00+00:00,11.207627287589187,0.0
2024-08-22 07:00:00+00:00,11.207627287589187,0.0
2024-08-22 08:00:00+00:00,11.207627287589187,0.0
2024-08-22 09:00:00+00:00,11.207627287589187,0.0
2024-08-22 10:00:00+00:00,11.207627287589187,0.0
2024-08-22 11:00:00+00:00,11.207627287589187,0.0
2024-08-22 12:00:00+00:00,11.207627287589187,0.0
2024-08-22 13:00:00+00:00,11.207627287589187,0.0
2024-08-22 14:00:00+00:00,11.207627287589187,0.0
2024-08-22 15:00:00+00:00,11.207627287589187,0.0
2024-08-22 16:00:00+00:00,11.207627287589187,0.0
2024-08-22 17:00:00+00:00,11.207627287589187,0.0
2024-08-22 18:00:00+00:00,11.207627287589187,0.0
2024-08-22 19:00:00+00:00,11.207627287589187,0.0
2024-08-22 20:00:00+00:00,11.207627287589187,0.0
2024-08-22 21:00:00+00:00,11.207627287589187,0.0
2024-08-22 22:00:00+00:00,11.207627287589187,0.0
2024-08-22 23:00:00+00:00,11.207627287589187,0.0
2024-08-23 00:00:00+00:00,11.453234402796506,307415691.9357228
2024-08-23 01:00:00+00:00,11.453234402796506,0.0
2024-08-23 02:00:00+00:00,11.453234402796506,0.0
2024-08-23 03:00:00+00:00,11.453234402796506,0.0
2024-08-23 04:00:00+00:00,11.453234402796506,0.0
2024-08-23 05:00:00+00:00,11.453234402796506,0.0
2024-08-23 06:00:00+00:00,11.453234402796506,0.0
2024-08-23 07:00:00+00:00,11.453234402796506,0.0
2024-08-23 08:00:00+00:00,11.453234402796506,0.0
2024-08-23 09:00:00+00:00,11.453234402796506,0.0
2024-08-23 10:00:00+00:00,11.453234402796506,0.0
2024-08-23 11:00:00+00:00,11.453234402796506,0.0
2024-08-23 12:00:00+00:00,11.453234402796506,0.0
2024-08-23 13:00:00+00:00,11.453234402796506,0.0
2024-08-23 14:00:00+00:00,11.453234402796506,0.0
2024-08-23 15:00:00+00:00,11.453234402796506,0.0
2024-08-23 16:00:00+00:00,11.453234402796506,0.0
2024-08-23 17:00:00+00:00,11.453234402796506,0.0
2024-08-23 18:00:00+00:00,11.453234402796506,0.0
2024-08-23 19:00:00+00:00,11.453234402796506,0.0
2024-08-23 20:00:00+00:00,11.453234402796506,0.0
2024-08-23 21:00:00+00:00,11.453234402796506,0.0
2024-08-23 22:00:00+00:00,11.453234402796506,0.0
2024-08-23 23:00:00+00:00,11.453234402796506,0.0
2024-08-24 00:00:00+00:00,12.053784910583143,342153747.4409687
2024-08-24 01:00:00+00:00,12.053784910583143,0.0
2024-08-24 02:00:00+00:00,12.053784910583143,0.0
2024-08-24 03:00:00+00:00,12.053784910583143,0.0
2024-08-24 04:00:00+00:00,12.053784910583143,0.0
2024-08-24 05:00:00+00:00,12.053784910583143,0.0
2024-08-24 06:00:00+00:00,12.053784910583143,0.0
2024-08-24 07:00:00+00:00,12.053784910583143,0.0
2024-08-24 08:00:00+00:00,12.053784910583143,0.0
2024-08-24 09:00:00+00:00,12.053784910583143,0.0
2024-08-24 10:00:00+00:00,12.053784910583143,0.0
2024-08-24 11:00:00+00:00,12.053784910583143,0.0
2024-08-24 12:00:00+00:00,12.053784910583143,0.0
2024-08-24 13:00:00+00:00,12.053784910583143,0.0
2024-08-24 14:00:00+00:00,12.053784910583143,0.0
2024-08-24 15:00:00+00:00,12.053784910583143,0.0
2024-08-24 16:00:00+00:00,12.053784910583143,0.0
2024-08-24 17:00:00+00:00,12.053784910583143,0.0
2024-08-24 18:00:00+00:00,12.053784910583143,0.0
2024-08-24 19:00:00+00:00,12.053784910583143,0.0
2024-08-24 20:00:00+00:00,12.053784910583143,0.0
2024-08-24 21:00:00+00:00,12.053784910583143,0.0
2024-08-24 22:00:00+00:00,12.053784910583143,0.0
2024-08-24 23:00:00+00:00,12.053784910583143,0.0
2024-08-25 00:00:00+00:00,12.36204108812403,273479600.999986
2024-08-25 01:00:00+00:00,12.36204108812403,0.0
2024-08-25 02:00:00+00:00,12.36204108812403,0.0
2024-08-25 03:00:00+00:00,12.36204108812403,0.0
2024-08-25 04:00:00+00:00,12.36204108812403,0.0
2024-08-25 05:00:00+00:00,12.36204108812403,0.0
2024-08-25 06:00:00+00:00,12.36204108812403,0.0
2024-08-25 07:00:00+00:00,12.36204108812403,0.0
2024-08-25 08:00:00+00:00,12.36204108812403,0.0
2024-08-25 09:00:00+00:00,12.36204108812403,0.0
2024-08-25 10:00:00+00:00,12.36204108812403,0.0
2024-08-25 11:00:00+00:00,12.36204108812403,0.0
2024-08-25 12:00:00+00:00,12.36204108812403,0.0
2024-08-25 13:00:00+00:00,12.36204108812403,0.0
2024-08-25 14:00:00+00:00,12.36204108812403,0.0
2024-08-25 15:00:00+00:00,12.36204108812403,0.0
2024-08-25 16:00:00+00:00,12.36204108812403,0.0
2024-08-25 17:00:00+00:00,12.36204108812403,0.0
2024-08-25 18:00:00+00:00,12.36204108812403,0.0
2024-08-25 19:00:00+00:00,12.36204108812403,0.0
2024-08-25 20:00:00+00:00,12.36204108812403,0.0
2024-08-25 21:00:00+00:00,12.36204108812403,0.0
2024-08-25 22:00:00+00:00,12.36204108812403,0.0
2024-08-25 23:00:00+00:00,12.36204108812403,0.0
2024-08-26 00:00:00+00:00,12.107547330246044,253982164.14457747
2024-08-26 01:00:00+00:00,12.107547330246044,0.0
2024-08-26 02:00:00+00:00,12.107547330246044,0.0
2024-08-26 03:00:00+00:00,12.107547330246044,0.0
2024-08-26 04:00:00+00:00,12.107547330246044,0.0
2024-08-26 05:00:00+00:00,12.107547330246044,0.0
2024-08-26 06:00:00+00:00,12.107547330246044,0.0
2024-08-26 07:00:00+00:00,12.107547330246044,0.0
2024-08-26 08:00:00+00:00,12.107547330246044,0.0
2024-08-26 09:00:00+00:00,12.107547330246044,0.0
2024-08-26 10:00:00+00:00,12.107547330246044,0.0
2024-08-26 11:00:00+00:00,12.107547330246044,0.0
2024-08-26 12:00:00+00:00,12.107547330246044,0.0
2024-08-26 13:00:00+00:00,12.107547330246044,0.0
2024-08-26 14:00:00+00:00,12.107547330246044,0.0
2024-08-26 15:00:00+00:00,12.107547330246044,0.0
2024-08-26 16:00:00+00:00,12.107547330246044,0.0
2024-08-26 17:00:00+00:00,12.107547330246044,0.0
2024-08-26 18:00:00+00:00,12.107547330246044,0.0
2024-08-26 19:00:00+00:00,12.107547330246044,0.0
2024-08-26 20:00:00+00:00,12.107547330246044,0.0
2024-08-26 21:00:00+00:00,12.107547330246044,0.0
2024-08-26 22:00:00+00:00,12.107547330246044,0.0
2024-08-26 23:00:00+00:00,12.107547330246044,0.0
2024-08-27 00:00:00+00:00,11.865610362336456,409380098.7262694
2024-08-27 01:00:00+00:00,11.865610362336456,0.0
2024-08-27 02:00:00+00:00,11.865610362336456,0.0
2024-08-27 03:00:00+00:00,11.865610362336456,0.0
2024-08-27 04:00:00+00:00,11.865610362336456,0.0
2024-08-27 05:00:00+00:00,11.865610362336456,0.0
2024-08-27 06:00:00+00:00,11.865610362336456,0.0
2024-08-27 07:00:00+00:00,11.865610362336456,0.0
2024-08-27 08:00:00+00:00,11.865610362336456,0.0
2024-08-27 09:00:00+00:00,11.865610362336456,0.0
2024-08-27 10:00:00+00:00,11.865610362336456,0.0
2024-08-27 11:00:00+00:00,11.865610362336456,0.0
2024-08-27 12:00:00+00:00,11.865610362336456,0.0
2024-08-27 13:00:00+00:00,11.865610362336456,0.0
2024-08-27 14:00:00+00:00,11.865610362336456,0.0
2024-08-27 15:00:00+00:00,11.865610362336456,0.0
2024-08-27 16:00:00+00:00,11.865610362336456,0.0
2024-08-27 17:00:00+00:00,11.865610362336456,0.0
2024-08-27 18:00:00+00:00,11.865610362336456,0.0
2024-08-27 19:00:00+00:00,11.865610362336456,0.0
2024-08-27 20:00:00+00:00,11.865610362336456,0.0
2024-08-27 21:00:00+00:00,11.865610362336456,0.0
2024-08-27 22:00:00+00:00,11.865610362336456,0.0
2024-08-27 23:00:00+00:00,11.865610362336456,0.0
2024-08-28 00:00:00+00:00,11.165481289156551,376936151.0556493
2024-08-28 01:00:00+00:00,11.165481289156551,0.0
2024-08-28 02:00:00+00:00,11.165481289156551,0.0
2024-08-28 03:00:00+00:00,11.165481289156551,0.0
2024-08-28 04:00:00+00:00,11.165481289156551,0.0
2024-08-28 05:00:00+00:00,11.165481289156551,0.0
2024-08-28 06:00:00+00:00,11.165481289156551,0.0
2024-08-28 07:00:00+00:00,11.165481289156551,0.0
2024-08-28 08:00:00+00:00,11.165481289156551,0.0
2024-08-28 09:00:00+00:00,11.165481289156551,0.0
2024-08-28 10:00:00+00:00,11.165481289156551,0.0
2024-08-28 11:00:00+00:00,11.165481289156551,0.0
2024-08-28 12:00:00+00:00,11.165481289156551,0.0
2024-08-28 13:00:00+00:00,11.165481289156551,0.0
2024-08-28 14:00:00+00:00,11.165481289156551,0.0
2024-08-28 15:00:00+00:00,11.165481289156551,0.0
2024-08-28 16:00:00+00:00,11.165481289156551,0.0
2024-08-28 17:00:00+00:00,11.165481289156551,0.0
2024-08-28 18:00:00+00:00,11.165481289156551,0.0
2024-08-28 19:00:00+00:00,11.165481289156551,0.0
2024-08-28 20:00:00+00:00,11.165481289156551,0.0
2024-08-28 21:00:00+00:00,11.165481289156551,0.0
2024-08-28 22:00:00+00:00,11.165481289156551,0.0
2024-08-28 23:00:00+00:00,11.165481289156551,0.0
2024-08-29 00:00:00+00:00,11.181769320108414,382485261.64789915
2024-08-29 01:00:00+00:00,11.181769320108414,0.0
2024-08-29 02:00:00+00:00,11.181769320108414,0.0
2024-08-29 03:00:00+00:00,11.181769320108414,0.0
2024-08-29 04:00:00+00:00,11.181769320108414,0.0
2024-08-29 05:00:00+00:00,11.181769320108414,0.0
2024-08-29 06:00:00+00:00,11.181769320108414,0.0
2024-08-29 07:00:00+00:00,11.181769320108414,0.0
2024-08-29 08:00:00+00:00,11.181769320108414,0.0
2024-08-29 09:00:00+00:00,11.181769320108414,0.0
2024-08-29 10:00:00+00:00,11.181769320108414,0.0
2024-08-29 11:00:00+00:00,11.181769320108414,0.0
2024-08-29 12:00:00+00:00,11.181769320108414,0.0
2024-08-29 13:00:00+00:00,11.181769320108414,0.0
2024-08-29 14:00:00+00:00,11.181769320108414,0.0
2024-08-29 15:00:00+00:00,11.181769320108414,0.0
2024-08-29 16:00:00+00:00,11.181769320108414,0.0
2024-08-29 17:00:00+00:00,11.181769320108414,0.0
2024-08-29 18:00:00+00:00,11.181769320108414,0.0
2024-08-29 19:00:00+00:00,11.181769320108414,0.0
2024-08-29 20:00:00+00:00,11.181769320108414,0.0
2024-08-29 21:00:00+00:00,11.181769320108414,0.0
2024-08-29 22:00:00+00:00,11.181769320108414,0.0
2024-08-29 23:00:00+00:00,11.181769320108414,0.0
2024-08-30 00:00:00+00:00,10.929955232694242,282976744.7106534
2024-08-30 01:00:00+00:00,10.929955232694242,0.0
2024-08-30 02:00:00+00:00,10.929955232694242,0.0
2024-08-30 03:00:00+00:00,10.929955232694242,0.0
2024-08-30 04:00:00+00:00,10.929955232694242,0.0
2024-08-30 05:00:00+00:00,10.929955232694242,0.0
2024-08-30 06:00:00+00:00,10.929955232694242,0.0
2024-08-30 07:00:00+00:00,10.929955232694242,0.0
2024-08-30 08:00:00+00:00,10.929955232694242,0.0
2024-08-30 09:00:00+00:00,10.929955232694242,0.0
2024-08-30 10:00:00+00:00,10.929955232694242,0.0
2024-08-30 11:00:00+00:00,10.929955232694242,0.0
2024-08-30 12:00:00+00:00,10.929955232694242,0.0
2024-08-30 13:00:00+00:00,10.929955232694242,0.0
2024-08-30 14:00:00+00:00,10.929955232694242,0.0
2024-08-30 15:00:00+00:00,10.929955232694242,0.0
2024-08-30 16:00:00+00:00,10.929955232694242,0.0
2024-08-30 17:00:00+00:00,10.929955232694242,0.0
2024-08-30 18:00:00+00:00,10.929955232694242,0.0
2024-08-30 19:00:00+00:00,10.929955232694242,0.0
2024-08-30 20:00:00+00:00,10.929955232694242,0.0
2024-08-30 21:00:00+00:00,10.929955232694242,0.0
2024-08-30 22:00:00+00:00,10.929955232694242,0.0
2024-08-30 23:00:00+00:00,10.929955232694242,0.0
2024-08-31 00:00:00+00:00,11.127440488968505,295137161.2483358
2024-08-31 01:00:00+00:00,11.127440488968505,0.0
2024-08-31 02:00:00+00:00,11.127440488968505,0.0
2024-08-31 03:00:00+00:00,11.127440488968505,0.0
2024-08-31 04:00:00+00:00,11.127440488968505,0.0
2024-08-31 05:00:00+00:00,11.127440488968505,0.0
2024-08-31 06:00:00+00:00,11.127440488968505,0.0
2024-08-31 07:00:00+00:00,11.127440488968505,0.0
2024-08-31 08:00:00+00:00,11.127440488968505,0.0
2024-08-31 09:00:00+00:00,11.127440488968505,0.0
2024-08-31 10:00:00+00:00,11.127440488968505,0.0
2024-08-31 11:00:00+00:00,11.127440488968505,0.0
2024-08-31 12:00:00+00:00,11.127440488968505,0.0
2024-08-31 13:00:00+00:00,11.127440488968505,0.0
2024-08-31 14:00:00+00:00,11.127440488968505,0.0
2024-08-31 15:00:00+00:00,11.127440488968505,0.0
2024-08-31 16:00:00+00:00,11.127440488968505,0.0
2024-08-31 17:00:00+00:00,11.127440488968505,0.0
2024-08-31 18:00:00+00:00,11.127440488968505,0.0
2024-08-31 19:00:00+00:00,11.127440488968505,0.0
2024-08-31 20:00:00+00:00,11.127440488968505,0.0
2024-08-31 21:00:00+00:00,11.127440488968505,0.0
2024-08-31 22:00:00+00:00,11.127440488968505,0.0
2024-08-31 23:00:00+00:00,11.127440488968505,0.0
2024-09-01 00:00:00+00:00,11.025996330333202,169887136.92464757
2024-09-01 01:00:00+00:00,11.025996330333202,0.0
2024-09-01 02:00:00+00:00,11.025996330333202,0.0
2024-09-01 03:00:00+00:00,11.025996330333202,0.0
2024-09-01 04:00:00+00:00,11.025996330333202,0.0
2024-09-01 05:00:00+00:00,11.025996330333202,0.0
2024-09-01 06:00:00+00:00,11.025996330333202,0.0
2024-09-01 07:00:00+00:00,11.025996330333202,0.0
2024-09-01 08:00:00+00:00,11.025996330333202,0.0
2024-09-01 09:00:00+00:00,11.025996330333202,0.0
2024-09-01 10:00:00+00:00,11.025996330333202,0.0
2024-09-01 11:00:00+00:00,11.025996330333202,0.0
2024-09-01 12:00:00+00:00,11.025996330333202,0.0
2024-09-01 13:00:00+00:00,11.025996330333202,0.0
2024-09-01 14:00:00+00:00,11.025996330333202,0.0
2024-09-01 15:00:00+00:00,11.025996330333202,0.0
2024-09-01 16:00:00+00:00,11.025996330333202,0.0
2024-09-01 17:00:00+00:00,11.025996330333202,0.0
2024-09-01 18:00:00+00:00,11.025996330333202,0.0
2024-09-01 19:00:00+00:00,11.025996330333202,0.0
2024-09-01 20:00:00+00:00,11.025996330333202,0.0
2024-09-01 21:00:00+00:00,11.025996330333202,0.0
2024-09-01 22:00:00+00:00,11.025996330333202,0.0
2024-09-01 23:00:00+00:00,11.025996330333202,0.0
2024-09-02 00:00:00+00:00,10.364362436920294,253122011.48090085
2024-09-02 01:00:00+00:00,10.364362436920294,0.0
2024-09-02 02:00:00+00:00,10.364362436920294,0.0
2024-09-02 03:00:00+00:00,10.364362436920294,0.0
2024-09-02 04:00:00+00:00,10.364362436920294,0.0
2024-09-02 05:00:00+00:00,10.364362436920294,0.0
2024-09-02 06:00:00+00:00,10.364362436920294,0.0
2024-09-02 07:00:00+00:00,10.364362436920294,0.0
2024-09-02 08:00:00+00:00,10.364362436920294,0.0
2024-09-02 09:00:00+00:00,10.364362436920294,0.0
2024-09-02 10:00:00+00:00,10.364362436920294,0.0
2024-09-02 11:00:00+00:00,10.364362436920294,0.0
2024-09-02 12:00:00+00:00,10.364362436920294,0.0
2024-09-02 13:00:00+00:00,10.364362436920294,0.0
2024-09-02 14:00:00+00:00,10.364362436920294,0.0
2024-09-02 15:00:00+00:00,10.364362436920294,0.0
2024-09-02 16:00:00+00:00,10.364362436920294,0.0
2024-09-02 17:00:00+00:00,10.364362436920294,0.0
2024-09-02 18:00:00+00:00,10.364362436920294,0.0
2024-09-02 19:00:00+00:00,10.364362436920294,0.0
2024-09-02 20:00:00+00:00,10.364362436920294,0.0
2024-09-02 21:00:00+00:00,10.364362436920294,0.0
2024-09-02 22:00:00+00:00,10.364362436920294,0.0
2024-09-02 23:00:00+00:00,10.364362436920294,0.0
2024-09-03 00:00:00+00:00,10.754948929723698,251567535.60985807
2024-09-03 01:00:00+00:00,10.754948929723698,0.0
2024-09-03 02:00:00+00:00,10.754948929723698,0.0
2024-09-03 03:00:00+00:00,10.754948929723698,0.0
2024-09-03 04:00:00+00:00,10.754948929723698,0.0
2024-09-03 05:00:00+00:00,10.754948929723698,0.0
2024-09-03 06:00:00+00:00,10.754948929723698,0.0
2024-09-03 07:00:00+00:00,10.754948929723698,0.0
2024-09-03 08:00:00+00:00,10.754948929723698,0.0
2024-09-03 09:00:00+00:00,10.754948929723698,0.0
2024-09-03 10:00:00+00:00,10.754948929723698,0.0
2024-09-03 11:00:00+00:00,10.754948929723698,0.0
2024-09-03 12:00:00+00:00,10.754948929723698,0.0
2024-09-03 13:00:00+00:00,10.754948929723698,0.0
2024-09-03 14:00:00+00:00,10.754948929723698,0.0
2024-09-03 15:00:00+00:00,10.754948929723698,0.0
2024-09-03 16:00:00+00:00,10.754948929723698,0.0
2024-09-03 17:00:00+00:00,10.754948929723698,0.0
2024-09-03 18:00:00+00:00,10.754948929723698,0.0
2024-09-03 19:00:00+00:00,10.754948929723698,0.0
2024-09-03 20:00:00+00:00,10.754948929723698,0.0
2024-09-03 21:00:00+00:00,10.754948929723698,0.0
2024-09-03 22:00:00+00:00,10.754948929723698,0.0
2024-09-03 23:00:00+00:00,10.754948929723698,0.0
2024-09-04 00:00:00+00:00,10.315362264010963,271072651.79629827
2024-09-04 01:00:00+00:00,10.315362264010963,0.0
2024-09-04 02:00:00+00:00,10.315362264010963,0.0
2024-09-04 03:00:00+00:00,10.315362264010963,0.0
2024-09-04 04:00:00+00:00,10.315362264010963,0.0
2024-09-04 05:00:00+00:00,10.315362264010963,0.0
2024-09-04 06:00:00+00:00,10.315362264010963,0.0
2024-09-04 07:00:00+00:00,10.315362264010963,0.0
2024-09-04 08:00:00+00:00,10.315362264010963,0.0
2024-09-04 09:00:00+00:00,10.315362264010963,0.0
2024-09-04 10:00:00+00:00,10.315362264010963,0.0
2024-09-04 11:00:00+00:00,10.315362264010963,0.0
2024-09-04 12:00:00+00:00,10.315362264010963,0.0
2024-09-04 13:00:00+00:00,10.315362264010963,0.0
2024-09-04 14:00:00+00:00,10.315362264010963,0.0
2024-09-04 15:00:00+00:00,10.315362264010963,0.0
2024-09-04 16:00:00+00:00,10.315362264010963,0.0
2024-09-04 17:00:00+00:00,10.315362264010963,0.0
2024-09-04 18:00:00+00:00,10.315362264010963,0.0
2024-09-04 19:00:00+00:00,10.315362264010963,0.0
2024-09-04 20:00:00+00:00,10.315362264010963,0.0
2024-09-04 21:00:00+00:00,10.315362264010963,0.0
2024-09-04 22:00:00+00:00,10.315362264010963,0.0
2024-09-04 23:00:00+00:00,10.315362264010963,0.0
2024-09-05 00:00:00+00:00,10.332154519300731,348110062.8999892
2024-09-05 01:00:00+00:00,10.332154519300731,0.0
2024-09-05 02:00:00+00:00,10.332154519300731,0.0
2024-09-05 03:00:00+00:00,10.332154519300731,0.0
2024-09-05 04:00:00+00:00,10.332154519300731,0.0
2024-09-05 05:00:00+00:00,10.332154519300731,0.0
2024-09-05 06:00:00+00:00,10.332154519300731,0.0
2024-09-05 07:00:00+00:00,10.332154519300731,0.0
2024-09-05 08:00:00+00:00,10.332154519300731,0.0
2024-09-05 09:00:00+00:00,10.332154519300731,0.0
2024-09-05 10:00:00+00:00,10.332154519300731,0.0
2024-09-05 11:00:00+00:00,10.332154519300731,0.0
2024-09-05 12:00:00+00:00,10.332154519300731,0.0
2024-09-05 13:00:00+00:00,10.332154519300731,0.0
2024-09-05 14:00:00+00:00,10.332154519300731,0.0
2024-09-05 15:00:00+00:00,10.332154519300731,0.0
2024-09-05 16:00:00+00:00,10.332154519300731,0.0
2024-09-05 17:00:00+00:00,10.332154519300731,0.0
2024-09-05 18:00:00+00:00,10.332154519300731,0.0
2024-09-05 19:00:00+00:00,10.332154519300731,0.0
2024-09-05 20:00:00+00:00,10.332154519300731,0.0
2024-09-05 21:00:00+00:00,10.332154519300731,0.0
2024-09-05 22:00:00+00:00,10.332154519300731,0.0
2024-09-05 23:00:00+00:00,10.332154519300731,0.0
2024-09-06 00:00:00+00:00,10.01141651962863,245711605.12318537
2024-09-06 01:00:00+00:00,10.01141651962863,0.0
2024-09-06 02:00:00+00:00,10.01141651962863,0.0
2024-09-06 03:00:00+00:00,10.01141651962863,0.0
2024-09-06 04:00:00+00:00,10.01141651962863,0.0
2024-09-06 05:00:00+00:00,10.01141651962863,0.0
2024-09-06 06:00:00+00:00,10.01141651962863,0.0
2024-09-06 07:00:00+00:00,10.01141651962863,0.0
2024-09-06 08:00:00+00:00,10.01141651962863,0.0
2024-09-06 09:00:00+00:00,10.01141651962863,0.0
2024-09-06 10:00:00+00:00,10.01141651962863,0.0
2024-09-06 11:00:00+00:00,10.01141651962863,0.0
2024-09-06 12:00:00+00:00,10.01141651962863,0.0
2024-09-06 13:00:00+00:00,10.01141651962863,0.0
2024-09-06 14:00:00+00:00,10.01141651962863,0.0
2024-09-06 15:00:00+00:00,10.01141651962863,0.0
2024-09-06 16:00:00+00:00,10.01141651962863,0.0
2024-09-06 17:00:00+00:00,10.01141651962863,0.0
2024-09-06 18:00:00+00:00,10.01141651962863,0.0
2024-09-06 19:00:00+00:00,10.01141651962863,0.0
2024-09-06 20:00:00+00:00,10.01141651962863,0.0
2024-09-06 21:00:00+00:00,10.01141651962863,0.0
2024-09-06 22:00:00+00:00,10.01141651962863,0.0
2024-09-06 23:00:00+00:00,10.01141651962863,0.0
2024-09-07 00:00:00+00:00,9.572582086870808,390009815.73161364
2024-09-07 01:00:00+00:00,9.572582086870808,0.0
2024-09-07 02:00:00+00:00,9.572582086870808,0.0
2024-09-07 03:00:00+00:00,9.572582086870808,0.0
2024-09-07 04:00:00+00:00,9.572582086870808,0.0
2024-09-07 05:00:00+00:00,9.572582086870808,0.0
2024-09-07 06:00:00+00:00,9.572582086870808,0.0
2024-09-07 07:00:00+00:00,9.572582086870808,0.0
2024-09-07 08:00:00+00:00,9.572582086870808,0.0
2024-09-07 09:00:00+00:00,9.572582086870808,0.0
2024-09-07 10:00:00+00:00,9.572582086870808,0.0
2024-09-07 11:00:00+00:00,9.572582086870808,0.0
2024-09-07 12:00:00+00:00,9.572582086870808,0.0
2024-09-07 13:00:00+00:00,9.572582086870808,0.0
2024-09-07 14:00:00+00:00,9.572582086870808,0.0
2024-09-07 15:00:00+00:00,9.572582086870808,0.0
2024-09-07 16:00:00+00:00,9.572582086870808,0.0
2024-09-07 17:00:00+00:00,9.572582086870808,0.0
2024-09-07 18:00:00+00:00,9.572582086870808,0.0
2024-09-07 19:00:00+00:00,9.572582086870808,0.0
2024-09-07 20:00:00+00:00,9.572582086870808,0.0
2024-09-07 21:00:00+00:00,9.572582086870808,0.0
2024-09-07 22:00:00+00:00,9.572582086870808,0.0
2024-09-07 23:00:00+00:00,9.572582086870808,0.0
2024-09-08 00:00:00+00:00,10.018743551715446,258034307.26886082
2024-09-08 01:00:00+00:00,10.018743551715446,0.0
2024-09-08 02:00:00+00:00,10.018743551715446,0.0
2024-09-08 03:00:00+00:00,10.018743551715446,0.0
2024-09-08 04:00:00+00:00,10.018743551715446,0.0
2024-09-08 05:00:00+00:00,10.018743551715446,0.0
2024-09-08 06:00:00+00:00,10.018743551715446,0.0
2024-09-08 07:00:00+00:00,10.018743551715446,0.0
2024-09-08 08:00:00+00:00,10.018743551715446,0.0
2024-09-08 09:00:00+00:00,10.018743551715446,0.0
2024-09-08 10:00:00+00:00,10.018743551715446,0.0
2024-09-08 11:00:00+00:00,10.018743551715446,0.0
2024-09-08 12:00:00+00:00,10.018743551715446,0.0
2024-09-08 13:00:00+00:00,10.018743551715446,0.0
2024-09-08 14:00:00+00:00,10.018743551715446,0.0
2024-09-08 15:00:00+00:00,10.018743551715446,0.0
2024-09-08 16:00:00+00:00,10.018743551715446,0.0
2024-09-08 17:00:00+00:00,10.018743551715446,0.0
2024-09-08 18:00:00+00:00,10.018743551715446,0.0
2024-09-08 19:00:00+00:00,10.018743551715446,0.0
2024-09-08 20:00:00+00:00,10.018743551715446,0.0
2024-09-08 21:00:00+00:00,10.018743551715446,0.0
2024-09-08 22:00:00+00:00,10.018743551715446,0.0
2024-09-08 23:00:00+00:00,10.018743551715446,0.0
2024-09-09 00:00:00+00:00,10.320515154717347,257035874.13970318
2024-09-09 01:00:00+00:00,10.320515154717347,0.0
2024-09-09 02:00:00+00:00,10.320515154717347,0.0
2024-09-09 03:00:00+00:00,10.320515154717347,0.0
2024-09-09 04:00:00+00:00,10.320515154717347,0.0
2024-09-09 05:00:00+00:00,10.320515154717347,0.0
2024-09-09 06:00:00+00:00,10.320515154717347,0.0
2024-09-09 07:00:00+00:00,10.320515154717347,0.0
2024-09-09 08:00:00+00:00,10.320515154717347,0.0
2024-09-09 09:00:00+00:00,10.320515154717347,0.0
2024-09-09 10:00:00+00:00,10.320515154717347,0.0
2024-09-09 11:00:00+00:00,10.320515154717347,0.0
2024-09-09 12:00:00+00:00,10.320515154717347,0.0
2024-09-09 13:00:00+00:00,10.320515154717347,0.0
2024-09-09 14:00:00+00:00,10.320515154717347,0.0
2024-09-09 15:00:00+00:00,10.320515154717347,0.0
2024-09-09 16:00:00+00:00,10.320515154717347,0.0
2024-09-09 17:00:00+00:00,10.320515154717347,0.0
2024-09-09 18:00:00+00:00,10.320515154717347,0.0
2024-09-09 19:00:00+00:00,10.320515154717347,0.0
2024-09-09 20:00:00+00:00,10.320515154717347,0.0
2024-09-09 21:00:00+00:00,10.320515154717347,0.0
2024-09-09 22:00:00+00:00,10.320515154717347,0.0
2024-09-09 23:00:00+00:00,10.320515154717347,0.0
2024-09-10 00:00:00+00:00,10.55516779842031,386618313.7632623
2024-09-10 01:00:00+00:00,10.55516779842031,0.0
2024-09-10 02:00:00+00:00,10.55516779842031,0.0
2024-09-10 03:00:00+00:00,10.55516779842031,0.0
2024-09-10 04:00:00+00:00,10.55516779842031,0.0
2024-09-10 05:00:00+00:00,10.55516779842031,0.0
2024-09-10 06:00:00+00:00,10.55516779842031,0.0
2024-09-10 07:00:00+00:00,10.55516779842031,0.0
2024-09-10 08:00:00+00:00,10.55516779842031,0.0
2024-09-10 09:00:00+00:00,10.55516779842031,0.0
2024-09-10 10:00:00+00:00,10.55516779842031,0.0
2024-09-10 11:00:00+00:00,10.55516779842031,0.0
2024-09-10 12:00:00+00:00,10.55516779842031,0.0
2024-09-10 13:00:00+00:00,10.55516779842031,0.0
2024-09-10 14:00:00+00:00,10.55516779842031,0.0
2024-09-10 15:00:00+00:00,10.55516779842031,0.0
2024-09-10 16:00:00+00:00,10.55516779842031,0.0
2024-09-10 17:00:00+00:00,10.55516779842031,0.0
2024-09-10 18:00:00+00:00,10.55516779842031,0.0
2024-09-10 19:00:00+00:00,10.55516779842031,0.0
2024-09-10 20:00:00+00:00,10.55516779842031,0.0
2024-09-10 21:00:00+00:00,10.55516779842031,0.0
2024-09-10 22:00:00+00:00,10.55516779842031,0.0
2024-09-10 23:00:00+00:00,10.55516779842031,0.0
2024-09-11 00:00:00+00:00,10.59370781361708,277835072.02982175
2024-09-11 01:00:00+00:00,10.59370781361708,0.0
2024-09-11 02:00:00+00:00,10.59370781361708,0.0
2024-09-11 03:00:00+00:00,10.59370781361708,0.0
2024-09-11 04:00:00+00:00,10.59370781361708,0.0
2024-09-11 05:00:00+00:00,10.59370781361708,0.0
2024-09-11 06:00:00+00:00,10.59370781361708,0.0
2024-09-11 07:00:00+00:00,10.59370781361708,0.0
2024-09-11 08:00:00+00:00,10.59370781361708,0.0
2024-09-11 09:00:00+00:00,10.59370781361708,0.0
2024-09-11 10:00:00+00:00,10.59370781361708,0.0
2024-09-11 11:00:00+00:00,10.59370781361708,0.0
2024-09-11 12:00:00+00:00,10.59370781361708,0.0
2024-09-11 13:00:00+00:00,10.59370781361708,0.0
2024-09-11 14:00:00+00:00,10.59370781361708,0.0
2024-09-11 15:00:00+00:00,10.59370781361708,0.0
2024-09-11 16:00:00+00:00,10.59370781361708,0.0
2024-09-11 17:00:00+00:00,10.59370781361708,0.0
2024-09-11 18:00:00+00:00,10.59370781361708,0.0
2024-09-11 19:00:00+00:00,10.59370781361708,0.0
2024-09-11 20:00:00+00:00,10.59370781361708,0.0
2024-09-11 21:00:00+00:00,10.59370781361708,0.0
2024-09-11 22:00:00+00:00,10.59370781361708,0.0
2024-09-11 23:00:00+00:00,10.59370781361708,0.0
2024-09-12 00:00:00+00:00,10.408250885893944,291815268.03344995
2024-09-12 01:00:00+00:00,10.408250885893944,0.0
2024-09-12 02:00:00+00:00,10.408250885893944,0.0
2024-09-12 03:00:00+00:00,10.408250885893944,0.0
2024-09-12 04:00:00+00:00,10.408250885893944,0.0
2024-09-12 05:00:00+00:00,10.408250885893944,0.0
2024-09-12 06:00:00+00:00,10.408250885893944,0.0
2024-09-12 07:00:00+00:00,10.408250885893944,0.0
2024-09-12 08:00:00+00:00,10.408250885893944,0.0
2024-09-12 09:00:00+00:00,10.408250885893944,0.0
2024-09-12 10:00:00+00:00,10.408250885893944,0.0
2024-09-12 11:00:00+00:00,10.408250885893944,0.0
2024-09-12 12:00:00+00:00,10.408250885893944,0.0
2024-09-12 13:00:00+00:00,10.408250885893944,0.0
2024-09-12 14:00:00+00:00,10.408250885893944,0.0
2024-09-12 15:00:00+00:00,10.408250885893944,0.0
2024-09-12 16:00:00+00:00,10.408250885893944,0.0
2024-09-12 17:00:00+00:00,10.408250885893944,0.0
2024-09-12 18:00:00+00:00,10.408250885893944,0.0
2024-09-12 19:00:00+00:00,10.408250885893944,0.0
2024-09-12 20:00:00+00:00,10.408250885893944,0.0
2024-09-12 21:00:00+00:00,10.408250885893944,0.0
2024-09-12 22:00:00+00:00,10.408250885893944,0.0
2024-09-12 23:00:00+00:00,10.408250885893944,0.0
2024-09-13 00:00:00+00:00,10.785397562867118,260280078.9572759
2024-09-13 01:00:00+00:00,10.785397562867118,0.0
2024-09-13 02:00:00+00:00,10.785397562867118,0.0
2024-09-13 03:00:00+00:00,10.785397562867118,0.0
2024-09-13 04:00:00+00:00,10.785397562867118,0.0
2024-09-13 05:00:00+00:00,10.785397562867118,0.0
2024-09-13 06:00:00+00:00,10.785397562867118,0.0
2024-09-13 07:00:00+00:00,10.785397562867118,0.0
2024-09-13 08:00:00+00:00,10.785397562867118,0.0
2024-09-13 09:00:00+00:00,10.785397562867118,0.0
2024-09-13 10:00:00+00:00,10.785397562867118,0.0
2024-09-13 11:00:00+00:00,10.785397562867118,0.0
2024-09-13 12:00:00+00:00,10.785397562867118,0.0
2024-09-13 13:00:00+00:00,10.785397562867118,0.0
2024-09-13 14:00:00+00:00,10.785397562867118,0.0
2024-09-13 15:00:00+00:00,10.785397562867118,0.0
2024-09-13 16:00:00+00:00,10.785397562867118,0.0
2024-09-13 17:00:00+00:00,10.785397562867118,0.0
2024-09-13 18:00:00+00:00,10.785397562867118,0.0
2024-09-13 19:00:00+00:00,10.785397562867118,0.0
2024-09-13 20:00:00+00:00,10.785397562867118,0.0
2024-09-13 21:00:00+00:00,10.785397562867118,0.0
2024-09-13 22:00:00+00:00,10.785397562867118,0.0
2024-09-13 23:00:00+00:00,10.785397562867118,0.0
2024-09-14 00:00:00+00:00,11.460326071592545,380293841.3190656
2024-09-14 01:00:00+00:00,11.460326071592545,0.0
2024-09-14 02:00:00+00:00,11.460326071592545,0.0
2024-09-14 03:00:00+00:00,11.460326071592545,0.0
2024-09-14 04:00:00+00:00,11.460326071592545,0.0
2024-09-14 05:00:00+00:00,11.460326071592545,0.0
2024-09-14 06:00:00+00:00,11.460326071592545,0.0
2024-09-14 07:00:00+00:00,11.460326071592545,0.0
2024-09-14 08:00:00+00:00,11.460326071592545,0.0
2024-09-14 09:00:00+00:00,11.460326071592545,0.0
2024-09-14 10:00:00+00:00,11.460326071592545,0.0
2024-09-14 11:00:00+00:00,11.460326071592545,0.0
2024-09-14 12:00:00+00:00,11.460326071592545,0.0
2024-09-14 13:00:00+00:00,11.460326071592545,0.0
2024-09-14 14:00:00+00:00,11.460326071592545,0.0
2024-09-14 15:00:00+00:00,11.460326071592545,0.0
2024-09-14 16:00:00+00:00,11.460326071592545,0.0
2024-09-14 17:00:00+00:00,11.460326071592545,0.0
2024-09-14 18:00:00+00:00,11.460326071592545,0.0
2024-09-14 19:00:00+00:00,11.460326071592545,0.0
2024-09-14 20:00:00+00:00,11.460326071592545,0.0
2024-09-14 21:00:00+00:00,11.460326071592545,0.0
2024-09-14 22:00:00+00:00,11.460326071592545,0.0
2024-09-14 23:00:00+00:00,11.460326071592545,0.0
2024-09-15 00:00:00+00:00,11.294692796592269,198655711.79866734
2024-09-15 01:00:00+00:00,11.294692796592269,0.0
2024-09-15 02:00:00+00:00,11.294692796592269,0.0
2024-09-15 03:00:00+00:00,11.294692796592269,0.0
2024-09-15 04:00:00+00:00,11.294692796592269,0.0
2024-09-15 05:00:00+00:00,11.294692796592269,0.0
2024-09-15 06:00:00+00:00,11.294692796592269,0.0
2024-09-15 07:00:00+00:00,11.294692796592269,0.0
2024-09-15 08:00:00+00:00,11.294692796592269,0.0
2024-09-15 09:00:00+00:00,11.294692796592269,0.0
2024-09-15 10:00:00+00:00,11.294692796592269,0.0
2024-09-15 11:00:00+00:00,11.294692796592269,0.0
2024-09-15 12:00:00+00:00,11.294692796592269,0.0
2024-09-15 13:00:00+00:00,11.294692796592269,0.0
2024-09-15 14:00:00+00:00,11.294692796592269,0.0
2024-09-15 15:00:00+00:00,11.294692796592269,0.0
2024-09-15 16:00:00+00:00,11.294692796592269,0.0
2024-09-15 17:00:00+00:00,11.294692796592269,0.0
2024-09-15 18:00:00+00:00,11.294692796592269,0.0
2024-09-15 19:00:00+00:00,11.294692796592269,0.0
2024-09-15 20:00:00+00:00,11.294692796592269,0.0
2024-09-15 21:00:00+00:00,11.294692796592269,0.0
2024-09-15 22:00:00+00:00,11.294692796592269,0.0
2024-09-15 23:00:00+00:00,11.294692796592269,0.0
2024-09-16 00:00:00+00:00,10.83231761139754,202417078.3314439
2024-09-16 01:00:00+00:00,10.83231761139754,0.0
2024-09-16 02:00:00+00:00,10.83231761139754,0.0
2024-09-16 03:00:00+00:00,10.83231761139754,0.0
2024-09-16 04:00:00+00:00,10.83231761139754,0.0
2024-09-16 05:00:00+00:00,10.83231761139754,0.0
2024-09-16 06:00:00+00:00,10.83231761139754,0.0
2024-09-16 07:00:00+00:00,10.83231761139754,0.0
2024-09-16 08:00:00+00:00,10.83231761139754,0.0
2024-09-16 09:00:00+00:00,10.83231761139754,0.0
2024-09-16 10:00:00+00:00,10.83231761139754,0.0
2024-09-16 11:00:00+00:00,10.83231761139754,0.0
2024-09-16 12:00:00+00:00,10.83231761139754,0.0
2024-09-16 13:00:00+00:00,10.83231761139754,0.0
2024-09-16 14:00:00+00:00,10.83231761139754,0.0
2024-09-16 15:00:00+00:00,10.83231761139754,0.0
2024-09-16 16:00:00+00:00,10.83231761139754,0.0
2024-09-16 17:00:00+00:00,10.83231761139754,0.0
2024-09-16 18:00:00+00:00,10.83231761139754,0.0
2024-09-16 19:00:00+00:00,10.83231761139754,0.0
2024-09-16 20:00:00+00:00,10.83231761139754,0.0
2024-09-16 21:00:00+00:00,10.83231761139754,0.0
2024-09-16 22:00:00+00:00,10.83231761139754,0.0
2024-09-16 23:00:00+00:00,10.83231761139754,0.0
2024-09-17 00:00:00+00:00,10.55733677337876,294362571.129223
2024-09-17 01:00:00+00:00,10.55733677337876,0.0
2024-09-17 02:00:00+00:00,10.55733677337876,0.0
2024-09-17 03:00:00+00:00,10.55733677337876,0.0
2024-09-17 04:00:00+00:00,10.55733677337876,0.0
2024-09-17 05:00:00+00:00,10.55733677337876,0.0
2024-09-17 06:00:00+00:00,10.55733677337876,0.0
2024-09-17 07:00:00+00:00,10.55733677337876,0.0
2024-09-17 08:00:00+00:00,10.55733677337876,0.0
2024-09-17 09:00:00+00:00,10.55733677337876,0.0
2024-09-17 10:00:00+00:00,10.55733677337876,0.0
2024-09-17 11:00:00+00:00,10.55733677337876,0.0
2024-09-17 12:00:00+00:00,10.55733677337876,0.0
2024-09-17 13:00:00+00:00,10.55733677337876,0.0
2024-09-17 14:00:00+00:00,10.55733677337876,0.0
2024-09-17 15:00:00+00:00,10.55733677337876,0.0
2024-09-17 16:00:00+00:00,10.55733677337876,0.0
2024-09-17 17:00:00+00:00,10.55733677337876,0.0
2024-09-17 18:00:00+00:00,10.55733677337876,0.0
2024-09-17 19:00:00+00:00,10.55733677337876,0.0
2024-09-17 20:00:00+00:00,10.55733677337876,0.0
2024-09-17 21:00:00+00:00,10.55733677337876,0.0
2024-09-17 22:00:00+00:00,10.55733677337876,0.0
2024-09-17 23:00:00+00:00,10.55733677337876,0.0
2024-09-18 00:00:00+00:00,10.630092618371155,284058712.56309116
2024-09-18 01:00:00+00:00,10.630092618371155,0.0
2024-09-18 02:00:00+00:00,10.630092618371155,0.0
2024-09-18 03:00:00+00:00,10.630092618371155,0.0
2024-09-18 04:00:00+00:00,10.630092618371155,0.0
2024-09-18 05:00:00+00:00,10.630092618371155,0.0
2024-09-18 06:00:00+00:00,10.630092618371155,0.0
2024-09-18 07:00:00+00:00,10.630092618371155,0.0
2024-09-18 08:00:00+00:00,10.630092618371155,0.0
2024-09-18 09:00:00+00:00,10.630092618371155,0.0
2024-09-18 10:00:00+00:00,10.630092618371155,0.0
2024-09-18 11:00:00+00:00,10.630092618371155,0.0
2024-09-18 12:00:00+00:00,10.630092618371155,0.0
2024-09-18 13:00:00+00:00,10.630092618371155,0.0
2024-09-18 14:00:00+00:00,10.630092618371155,0.0
2024-09-18 15:00:00+00:00,10.630092618371155,0.0
2024-09-18 16:00:00+00:00,10.630092618371155,0.0
2024-09-18 17:00:00+00:00,10.630092618371155,0.0
2024-09-18 18:00:00+00:00,10.630092618371155,0.0
2024-09-18 19:00:00+00:00,10.630092618371155,0.0
2024-09-18 20:00:00+00:00,10.630092618371155,0.0
2024-09-18 21:00:00+00:00,10.630092618371155,0.0
2024-09-18 22:00:00+00:00,10.630092618371155,0.0
2024-09-18 23:00:00+00:00,10.630092618371155,0.0
2024-09-19 00:00:00+00:00,10.838544888751215,349324703.14094514
2024-09-19 01:00:00+00:00,10.838544888751215,0.0
2024-09-19 02:00:00+00:00,10.838544888751215,0.0
2024-09-19 03:00:00+00:00,10.838544888751215,0.0
2024-09-19 04:00:00+00:00,10.838544888751215,0.0
2024-09-19 05:00:00+00:00,10.838544888751215,0.0
2024-09-19 06:00:00+00:00,10.838544888751215,0.0
2024-09-19 07:00:00+00:00,10.838544888751215,0.0
2024-09-19 08:00:00+00:00,10.838544888751215,0.0
2024-09-19 09:00:00+00:00,10.838544888751215,0.0
2024-09-19 10:00:00+00:00,10.838544888751215,0.0
2024-09-19 11:00:00+00:00,10.838544888751215,0.0
2024-09-19 12:00:00+00:00,10.838544888751215,0.0
2024-09-19 13:00:00+00:00,10.838544888751215,0.0
2024-09-19 14:00:00+00:00,10.838544888751215,0.0
2024-09-19 15:00:00+00:00,10.838544888751215,0.0
2024-09-19 16:00:00+00:00,10.838544888751215,0.0
2024-09-19 17:00:00+00:00,10.838544888751215,0.0
2024-09-19 18:00:00+00:00,10.838544888751215,0.0
2024-09-19 19:00:00+00:00,10.838544888751215,0.0
2024-09-19 20:00:00+00:00,10.838544888751215,0.0
2024-09-19 21:00:00+00:00,10.838544888751215,0.0
2024-09-19 22:00:00+00:00,10.838544888751215,0.0
2024-09-19 23:00:00+00:00,10.838544888751215,0.0
2024-09-20 00:00:00+00:00,11.209996946047928,408356439.32661414
2024-09-20 01:00:00+00:00,11.209996946047928,0.0
2024-09-20 02:00:00+00:00,11.209996946047928,0.0
2024-09-20 03:00:00+00:00,11.209996946047928,0.0
2024-09-20 04:00:00+00:00,11.209996946047928,0.0
2024-09-20 05:00:00+00:00,11.209996946047928,0.0
2024-09-20 06:00:00+00:00,11.209996946047928,0.0
2024-09-20 07:00:00+00:00,11.209996946047928,0.0
2024-09-20 08:00:00+00:00,11.209996946047928,0.0
2024-09-20 09:00:00+00:00,11.209996946047928,0.0
2024-09-20 10:00:00+00:00,11.209996946047928,0.0
2024-09-20 11:00:00+00:00,11.209996946047928,0.0
2024-09-20 12:00:00+00:00,11.209996946047928,0.0
2024-09-20 13:00:00+00:00,11.209996946047928,0.0
2024-09-20 14:00:00+00:00,11.209996946047928,0.0
2024-09-20 15:00:00+00:00,11.209996946047928,0.0
2024-09-20 16:00:00+00:00,11.209996946047928,0.0
2024-09-20 17:00:00+00:00,11.209996946047928,0.0
2024-09-20 18:00:00+00:00,11.209996946047928,0.0
2024-09-20 19:00:00+00:00,11.209996946047928,0.0
2024-09-20 20:00:00+00:00,11.209996946047928,0.0
2024-09-20 21:00:00+00:00,11.209996946047928,0.0
2024-09-20 22:00:00+00:00,11.209996946047928,0.0
2024-09-20 23:00:00+00:00,11.209996946047928,0.0
2024-09-21 00:00:00+00:00,11.419768784074291,394372354.27301466
2024-09-21 01:00:00+00:00,11.419768784074291,0.0
2024-09-21 02:00:00+00:00,11.419768784074291,0.0
2024-09-21 03:00:00+00:00,11.419768784074291,0.0
2024-09-21 04:00:00+00:00,11.419768784074291,0.0
2024-09-21 05:00:00+00:00,11.419768784074291,0.0
2024-09-21 06:00:00+00:00,11.419768784074291,0.0
2024-09-21 07:00:00+00:00,11.419768784074291,0.0
2024-09-21 08:00:00+00:00,11.419768784074291,0.0
2024-09-21 09:00:00+00:00,11.419768784074291,0.0
2024-09-21 10:00:00+00:00,11.419768784074291,0.0
2024-09-21 11:00:00+00:00,11.419768784074291,0.0
2024-09-21 12:00:00+00:00,11.419768784074291,0.0
2024-09-21 13:00:00+00:00,11.419768784074291,0.0
2024-09-21 14:00:00+00:00,11.419768784074291,0.0
2024-09-21 15:00:00+00:00,11.419768784074291,0.0
2024-09-21 16:00:00+00:00,11.419768784074291,0.0
2024-09-21 17:00:00+00:00,11.419768784074291,0.0
2024-09-21 18:00:00+00:00,11.419768784074291,0.0
2024-09-21 19:00:00+00:00,11.419768784074291,0.0
2024-09-21 20:00:00+00:00,11.419768784074291,0.0
2024-09-21 21:00:00+00:00,11.419768784074291,0.0
2024-09-21 22:00:00+00:00,11.419768784074291,0.0
2024-09-21 23:00:00+00:00,11.419768784074291,0.0
2024-09-22 00:00:00+00:00,11.510451178564104,241794045.04811296
2024-09-22 01:00:00+00:00,11.510451178564104,0.0
2024-09-22 02:00:00+00:00,11.510451178564104,0.0
2024-09-22 03:00:00+00:00,11.510451178564104,0.0
2024-09-22 04:00:00+00:00,11.510451178564104,0.0
2024-09-22 05:00:00+00:00,11.510451178564104,0.0
2024-09-22 06:00:00+00:00,11.510451178564104,0.0
2024-09-22 07:00:00+00:00,11.510451178564104,0.0
2024-09-22 08:00:00+00:00,11.510451178564104,0.0
2024-09-22 09:00:00+00:00,11.510451178564104,0.0
2024-09-22 10:00:00+00:00,11.510451178564104,0.0
2024-09-22 11:00:00+00:00,11.510451178564104,0.0
2024-09-22 12:00:00+00:00,11.510451178564104,0.0
2024-09-22 13:00:00+00:00,11.510451178564104,0.0
2024-09-22 14:00:00+00:00,11.510451178564104,0.0
2024-09-22 15:00:00+00:00,11.510451178564104,0.0
2024-09-22 16:00:00+00:00,11.510451178564104,0.0
2024-09-22 17:00:00+00:00,11.510451178564104,0.0
2024-09-22 18:00:00+00:00,11.510451178564104,0.0
2024-09-22 19:00:00+00:00,11.510451178564104,0.0
2024-09-22 20:00:00+00:00,11.510451178564104,0.0
2024-09-22 21:00:00+00:00,11.510451178564104,0.0
2024-09-22 22:00:00+00:00,11.510451178564104,0.0
2024-09-22 23:00:00+00:00,11.510451178564104,0.0
2024-09-23 00:00:00+00:00,11.125041890502196,283753079.1397459
2024-09-23 01:00:00+00:00,11.125041890502196,0.0
2024-09-23 02:00:00+00:00,11.125041890502196,0.0
2024-09-23 03:00:00+00:00,11.125041890502196,0.0
2024-09-23 04:00:00+00:00,11.125041890502196,0.0
2024-09-23 05:00:00+00:00,11.125041890502196,0.0
2024-09-23 06:00:00+00:00,11.125041890502196,0.0
2024-09-23 07:00:00+00:00,11.125041890502196,0.0
2024-09-23 08:00:00+00:00,11.125041890502196,0.0
2024-09-23 09:00:00+00:00,11.125041890502196,0.0
2024-09-23 10:00:00+00:00,11.125041890502196,0.0
2024-09-23 11:00:00+00:00,11.125041890502196,0.0
2024-09-23 12:00:00+00:00,11.125041890502196,0.0
2024-09-23 13:00:00+00:00,11.125041890502196,0.0
2024-09-23 14:00:00+00:00,11.125041890502196,0.0
2024-09-23 15:00:00+00:00,11.125041890502196,0.0
2024-09-23 16:00:00+00:00,11.125041890502196,0.0
2024-09-23 17:00:00+00:00,11.125041890502196,0.0
2024-09-23 18:00:00+00:00,11.125041890502196,0.0
2024-09-23 19:00:00+00:00,11.125041890502196,0.0
2024-09-23 20:00:00+00:00,11.125041890502196,0.0
2024-09-23 21:00:00+00:00,11.125041890502196,0.0
2024-09-23 22:00:00+00:00,11.125041890502196,0.0
2024-09-23 23:00:00+00:00,11.125041890502196,0.0
2024-09-24 00:00:00+00:00,11.390828244529487,368763231.15261513
2024-09-24 01:00:00+00:00,11.390828244529487,0.0
2024-09-24 02:00:00+00:00,11.390828244529487,0.0
2024-09-24 03:00:00+00:00,11.390828244529487,0.0
2024-09-24 04:00:00+00:00,11.390828244529487,0.0
2024-09-24 05:00:00+00:00,11.390828244529487,0.0
2024-09-24 06:00:00+00:00,11.390828244529487,0.0
2024-09-24 07:00:00+00:00,11.390828244529487,0.0
2024-09-24 08:00:00+00:00,11.390828244529487,0.0
2024-09-24 09:00:00+00:00,11.390828244529487,0.0
2024-09-24 10:00:00+00:00,11.390828244529487,0.0
2024-09-24 11:00:00+00:00,11.390828244529487,0.0
2024-09-24 12:00:00+00:00,11.390828244529487,0.0
2024-09-24 13:00:00+00:00,11.390828244529487,0.0
2024-09-24 14:00:00+00:00,11.390828244529487,0.0
2024-09-24 15:00:00+00:00,11.390828244529487,0.0
2024-09-24 16:00:00+00:00,11.390828244529487,0.0
2024-09-24 17:00:00+00:00,11.390828244529487,0.0
2024-09-24 18:00:00+00:00,11.390828244529487,0.0
2024-09-24 19:00:00+00:00,11.390828244529487,0.0
2024-09-24 20:00:00+00:00,11.390828244529487,0.0
2024-09-24 21:00:00+00:00,11.390828244529487,0.0
2024-09-24 22:00:00+00:00,11.390828244529487,0.0
2024-09-24 23:00:00+00:00,11.390828244529487,0.0
2024-09-25 00:00:00+00:00,12.152140169453862,442053212.5403479
2024-09-25 01:00:00+00:00,12.152140169453862,0.0
2024-09-25 02:00:00+00:00,12.152140169453862,0.0
2024-09-25 03:00:00+00:00,12.152140169453862,0.0
2024-09-25 04:00:00+00:00,12.152140169453862,0.0
2024-09-25 05:00:00+00:00,12.152140169453862,0.0
2024-09-25 06:00:00+00:00,12.152140169453862,0.0
2024-09-25 07:00:00+00:00,12.152140169453862,0.0
2024-09-25 08:00:00+00:00,12.152140169453862,0.0
2024-09-25 09:00:00+00:00,12.152140169453862,0.0
2024-09-25 10:00:00+00:00,12.152140169453862,0.0
2024-09-25 11:00:00+00:00,12.152140169453862,0.0
2024-09-25 12:00:00+00:00,12.152140169453862,0.0
2024-09-25 13:00:00+00:00,12.152140169453862,0.0
2024-09-25 14:00:00+00:00,12.152140169453862,0.0
2024-09-25 15:00:00+00:00,12.152140169453862,0.0
2024-09-25 16:00:00+00:00,12.152140169453862,0.0
2024-09-25 17:00:00+00:00,12.152140169453862,0.0
2024-09-25 18:00:00+00:00,12.152140169453862,0.0
2024-09-25 19:00:00+00:00,12.152140169453862,0.0
2024-09-25 20:00:00+00:00,12.152140169453862,0.0
2024-09-25 21:00:00+00:00,12.152140169453862,0.0
2024-09-25 22:00:00+00:00,12.152140169453862,0.0
2024-09-25 23:00:00+00:00,12.152140169453862,0.0
2024-09-26 00:00:00+00:00,12.110821788032887,452255945.58290523
2024-09-26 01:00:00+00:00,12.110821788032887,0.0
2024-09-26 02:00:00+00:00,12.110821788032887,0.0
2024-09-26 03:00:00+00:00,12.110821788032887,0.0
2024-09-26 04:00:00+00:00,12.110821788032887,0.0
2024-09-26 05:00:00+00:00,12.110821788032887,0.0
2024-09-26 06:00:00+00:00,12.110821788032887,0.0
2024-09-26 07:00:00+00:00,12.110821788032887,0.0
2024-09-26 08:00:00+00:00,12.110821788032887,0.0
2024-09-26 09:00:00+00:00,12.110821788032887,0.0
2024-09-26 10:00:00+00:00,12.110821788032887,0.0
2024-09-26 11:00:00+00:00,12.110821788032887,0.0
2024-09-26 12:00:00+00:00,12.110821788032887,0.0
2024-09-26 13:00:00+00:00,12.110821788032887,0.0
2024-09-26 14:00:00+00:00,12.110821788032887,0.0
2024-09-26 15:00:00+00:00,12.110821788032887,0.0
2024-09-26 16:00:00+00:00,12.110821788032887,0.0
2024-09-26 17:00:00+00:00,12.110821788032887,0.0
2024-09-26 18:00:00+00:00,12.110821788032887,0.0
2024-09-26 19:00:00+00:00,12.110821788032887,0.0
2024-09-26 20:00:00+00:00,12.110821788032887,0.0
2024-09-26 21:00:00+00:00,12.110821788032887,0.0
2024-09-26 22:00:00+00:00,12.110821788032887,0.0
2024-09-26 23:00:00+00:00,12.110821788032887,0.0
2024-09-27 00:00:00+00:00,12.540296276103817,530447206.86174285
2024-09-27 01:00:00+00:00,12.540296276103817,0.0
2024-09-27 02:00:00+00:00,12.540296276103817,0.0
2024-09-27 03:00:00+00:00,12.540296276103817,0.0
2024-09-27 04:00:00+00:00,12.540296276103817,0.0
2024-09-27 05:00:00+00:00,12.540296276103817,0.0
2024-09-27 06:00:00+00:00,12.540296276103817,0.0
2024-09-27 07:00:00+00:00,12.540296276103817,0.0
2024-09-27 08:00:00+00:00,12.540296276103817,0.0
2024-09-27 09:00:00+00:00,12.540296276103817,0.0
2024-09-27 10:00:00+00:00,12.540296276103817,0.0
2024-09-27 11:00:00+00:00,12.540296276103817,0.0
2024-09-27 12:00:00+00:00,12.540296276103817,0.0
2024-09-27 13:00:00+00:00,12.540296276103817,0.0
2024-09-27 14:00:00+00:00,12.540296276103817,0.0
2024-09-27 15:00:00+00:00,12.540296276103817,0.0
2024-09-27 16:00:00+00:00,12.540296276103817,0.0
2024-09-27 17:00:00+00:00,12.540296276103817,0.0
2024-09-27 18:00:00+00:00,12.540296276103817,0.0
2024-09-27 19:00:00+00:00,12.540296276103817,0.0
2024-09-27 20:00:00+00:00,12.540296276103817,0.0
2024-09-27 21:00:00+00:00,12.540296276103817,0.0
2024-09-27 22:00:00+00:00,12.540296276103817,0.0
2024-09-27 23:00:00+00:00,12.540296276103817,0.0
2024-09-28 00:00:00+00:00,12.689564819773134,475107557.9624503
2024-09-28 01:00:00+00:00,12.689564819773134,0.0
2024-09-28 02:00:00+00:00,12.689564819773134,0.0
2024-09-28 03:00:00+00:00,12.689564819773134,0.0
2024-09-28 04:00:00+00:00,12.689564819773134,0.0
2024-09-28 05:00:00+00:00,12.689564819773134,0.0
2024-09-28 06:00:00+00:00,12.689564819773134,0.0
2024-09-28 07:00:00+00:00,12.689564819773134,0.0
2024-09-28 08:00:00+00:00,12.689564819773134,0.0
2024-09-28 09:00:00+00:00,12.689564819773134,0.0
2024-09-28 10:00:00+00:00,12.689564819773134,0.0
2024-09-28 11:00:00+00:00,12.689564819773134,0.0
2024-09-28 12:00:00+00:00,12.689564819773134,0.0
2024-09-28 13:00:00+00:00,12.689564819773134,0.0
2024-09-28 14:00:00+00:00,12.689564819773134,0.0
2024-09-28 15:00:00+00:00,12.689564819773134,0.0
2024-09-28 16:00:00+00:00,12.689564819773134,0.0
2024-09-28 17:00:00+00:00,12.689564819773134,0.0
2024-09-28 18:00:00+00:00,12.689564819773134,0.0
2024-09-28 19:00:00+00:00,12.689564819773134,0.0
2024-09-28 20:00:00+00:00,12.689564819773134,0.0
2024-09-28 21:00:00+00:00,12.689564819773134,0.0
2024-09-28 22:00:00+00:00,12.689564819773134,0.0
2024-09-28 23:00:00+00:00,12.689564819773134,0.0
2024-09-29 00:00:00+00:00,12.94715593758486,402161254.12656033
2024-09-29 01:00:00+00:00,12.94715593758486,0.0
2024-09-29 02:00:00+00:00,12.94715593758486,0.0
2024-09-29 03:00:00+00:00,12.94715593758486,0.0
2024-09-29 04:00:00+00:00,12.94715593758486,0.0
2024-09-29 05:00:00+00:00,12.94715593758486,0.0
2024-09-29 06:00:00+00:00,12.94715593758486,0.0
2024-09-29 07:00:00+00:00,12.94715593758486,0.0
2024-09-29 08:00:00+00:00,12.94715593758486,0.0
2024-09-29 09:00:00+00:00,12.94715593758486,0.0
2024-09-29 10:00:00+00:00,12.94715593758486,0.0
2024-09-29 11:00:00+00:00,12.94715593758486,0.0
2024-09-29 12:00:00+00:00,12.94715593758486,0.0
2024-09-29 13:00:00+00:00,12.94715593758486,0.0
2024-09-29 14:00:00+00:00,12.94715593758486,0.0
2024-09-29 15:00:00+00:00,12.94715593758486,0.0
2024-09-29 16:00:00+00:00,12.94715593758486,0.0
2024-09-29 17:00:00+00:00,12.94715593758486,0.0
2024-09-29 18:00:00+00:00,12.94715593758486,0.0
2024-09-29 19:00:00+00:00,12.94715593758486,0.0
2024-09-29 20:00:00+00:00,12.94715593758486,0.0
2024-09-29 21:00:00+00:00,12.94715593758486,0.0
2024-09-29 22:00:00+00:00,12.94715593758486,0.0
2024-09-29 23:00:00+00:00,12.94715593758486,0.0
2024-09-30 00:00:00+00:00,12.47775128975984,311801113.4974806
2024-09-30 01:00:00+00:00,12.47775128975984,0.0
2024-09-30 02:00:00+00:00,12.47775128975984,0.0
2024-09-30 03:00:00+00:00,12.47775128975984,0.0
2024-09-30 04:00:00+00:00,12.47775128975984,0.0
2024-09-30 05:00:00+00:00,12.47775128975984,0.0
2024-09-30 06:00:00+00:00,12.47775128975984,0.0
2024-09-30 07:00:00+00:00,12.47775128975984,0.0
2024-09-30 08:00:00+00:00,12.47775128975984,0.0
2024-09-30 09:00:00+00:00,12.47775128975984,0.0
2024-09-30 10:00:00+00:00,12.47775128975984,0.0
2024-09-30 11:00:00+00:00,12.47775128975984,0.0
2024-09-30 12:00:00+00:00,12.47775128975984,0.0
2024-09-30 13:00:00+00:00,12.47775128975984,0.0
2024-09-30 14:00:00+00:00,12.47775128975984,0.0
2024-09-30 15:00:00+00:00,12.47775128975984,0.0
2024-09-30 16:00:00+00:00,12.47775128975984,0.0
2024-09-30 17:00:00+00:00,12.47775128975984,0.0
2024-09-30 18:00:00+00:00,12.47775128975984,0.0
2024-09-30 19:00:00+00:00,12.47775128975984,0.0
2024-09-30 20:00:00+00:00,12.47775128975984,0.0
2024-09-30 21:00:00+00:00,12.47775128975984,0.0
2024-09-30 22:00:00+00:00,12.47775128975984,0.0
2024-09-30 23:00:00+00:00,12.47775128975984,0.0
2024-10-01 00:00:00+00:00,11.831798810207578,388334902.7915176
2024-10-01 01:00:00+00:00,11.831798810207578,0.0
2024-10-01 02:00:00+00:00,11.831798810207578,0.0
2024-10-01 03:00:00+00:00,11.831798810207578,0.0
2024-10-01 04:00:00+00:00,11.831798810207578,0.0
2024-10-01 05:00:00+00:00,11.831798810207578,0.0
2024-10-01 06:00:00+00:00,11.831798810207578,0.0
2024-10-01 07:00:00+00:00,11.831798810207578,0.0
2024-10-01 08:00:00+00:00,11.831798810207578,0.0
2024-10-01 09:00:00+00:00,11.831798810207578,0.0
2024-10-01 10:00:00+00:00,11.831798810207578,0.0
2024-10-01 11:00:00+00:00,11.831798810207578,0.0
2024-10-01 12:00:00+00:00,11.831798810207578,0.0
2024-10-01 13:00:00+00:00,11.831798810207578,0.0
2024-10-01 14:00:00+00:00,11.831798810207578,0.0
2024-10-01 15:00:00+00:00,11.831798810207578,0.0
2024-10-01 16:00:00+00:00,11.831798810207578,0.0
2024-10-01 17:00:00+00:00,11.831798810207578,0.0
2024-10-01 18:00:00+00:00,11.831798810207578,0.0
2024-10-01 19:00:00+00:00,11.831798810207578,0.0
2024-10-01 20:00:00+00:00,11.831798810207578,0.0
2024-10-01 21:00:00+00:00,11.831798810207578,0.0
2024-10-01 22:00:00+00:00,11.831798810207578,0.0
2024-10-01 23:00:00+00:00,11.831798810207578,0.0
2024-10-02 00:00:00+00:00,11.02491432348998,578732550.085649
2024-10-02 01:00:00+00:00,11.02491432348998,0.0
2024-10-02 02:00:00+00:00,11.02491432348998,0.0
2024-10-02 03:00:00+00:00,11.02491432348998,0.0
2024-10-02 04:00:00+00:00,11.02491432348998,0.0
2024-10-02 05:00:00+00:00,11.02491432348998,0.0
2024-10-02 06:00:00+00:00,11.02491432348998,0.0
2024-10-02 07:00:00+00:00,11.02491432348998,0.0
2024-10-02 08:00:00+00:00,11.02491432348998,0.0
2024-10-02 09:00:00+00:00,11.02491432348998,0.0
2024-10-02 10:00:00+00:00,11.02491432348998,0.0
2024-10-02 11:00:00+00:00,11.02491432348998,0.0
2024-10-02 12:00:00+00:00,11.02491432348998,0.0
2024-10-02 13:00:00+00:00,11.02491432348998,0.0
2024-10-02 14:00:00+00:00,11.02491432348998,0.0
2024-10-02 15:00:00+00:00,11.02491432348998,0.0
2024-10-02 16:00:00+00:00,11.02491432348998,0.0
2024-10-02 17:00:00+00:00,11.02491432348998,0.0
2024-10-02 18:00:00+00:00,11.02491432348998,0.0
2024-10-02 19:00:00+00:00,11.02491432348998,0.0
2024-10-02 20:00:00+00:00,11.02491432348998,0.0
2024-10-02 21:00:00+00:00,11.02491432348998,0.0
2024-10-02 22:00:00+00:00,11.02491432348998,0.0
2024-10-02 23:00:00+00:00,11.02491432348998,0.0
2024-10-03 00:00:00+00:00,10.658017643127371,501655769.04893714
2024-10-03 01:00:00+00:00,10.658017643127371,0.0
2024-10-03 02:00:00+00:00,10.658017643127371,0.0
2024-10-03 03:00:00+00:00,10.658017643127371,0.0
2024-10-03 04:00:00+00:00,10.658017643127371,0.0
2024-10-03 05:00:00+00:00,10.658017643127371,0.0
2024-10-03 06:00:00+00:00,10.658017643127371,0.0
2024-10-03 07:00:00+00:00,10.658017643127371,0.0
2024-10-03 08:00:00+00:00,10.658017643127371,0.0
2024-10-03 09:00:00+00:00,10.658017643127371,0.0
2024-10-03 10:00:00+00:00,10.658017643127371,0.0
2024-10-03 11:00:00+00:00,10.658017643127371,0.0
2024-10-03 12:00:00+00:00,10.658017643127371,0.0
2024-10-03 13:00:00+00:00,10.658017643127371,0.0
2024-10-03 14:00:00+00:00,10.658017643127371,0.0
2024-10-03 15:00:00+00:00,10.658017643127371,0.0
2024-10-03 16:00:00+00:00,10.658017643127371,0.0
2024-10-03 17:00:00+00:00,10.658017643127371,0.0
2024-10-03 18:00:00+00:00,10.658017643127371,0.0
2024-10-03 19:00:00+00:00,10.658017643127371,0.0
2024-10-03 20:00:00+00:00,10.658017643127371,0.0
2024-10-03 21:00:00+00:00,10.658017643127371,0.0
2024-10-03 22:00:00+00:00,10.658017643127371,0.0
2024-10-03 23:00:00+00:00,10.658017643127371,0.0
2024-10-04 00:00:00+00:00,10.641512377161675,440296510.59426534
2024-10-04 01:00:00+00:00,10.641512377161675,0.0
2024-10-04 02:00:00+00:00,10.641512377161675,0.0
2024-10-04 03:00:00+00:00,10.641512377161675,0.0
2024-10-04 04:00:00+00:00,10.641512377161675,0.0
2024-10-04 05:00:00+00:00,10.641512377161675,0.0
2024-10-04 06:00:00+00:00,10.641512377161675,0.0
2024-10-04 07:00:00+00:00,10.641512377161675,0.0
2024-10-04 08:00:00+00:00,10.641512377161675,0.0
2024-10-04 09:00:00+00:00,10.641512377161675,0.0
2024-10-04 10:00:00+00:00,10.641512377161675,0.0
2024-10-04 11:00:00+00:00,10.641512377161675,0.0
2024-10-04 12:00:00+00:00,10.641512377161675,0.0
2024-10-04 13:00:00+00:00,10.641512377161675,0.0
2024-10-04 14:00:00+00:00,10.641512377161675,0.0
2024-10-04 15:00:00+00:00,10.641512377161675,0.0
2024-10-04 16:00:00+00:00,10.641512377161675,0.0
2024-10-04 17:00:00+00:00,10.641512377161675,0.0
2024-10-04 18:00:00+00:00,10.641512377161675,0.0
2024-10-04 19:00:00+00:00,10.641512377161675,0.0
2024-10-04 20:00:00+00:00,10.641512377161675,0.0
2024-10-04 21:00:00+00:00,10.641512377161675,0.0
2024-10-04 22:00:00+00:00,10.641512377161675,0.0
2024-10-04 23:00:00+00:00,10.641512377161675,0.0
2024-10-05 00:00:00+00:00,11.071502588475301,369902921.6356432
2024-10-05 01:00:00+00:00,11.071502588475301,0.0
2024-10-05 02:00:00+00:00,11.071502588475301,0.0
2024-10-05 03:00:00+00:00,11.071502588475301,0.0
2024-10-05 04:00:00+00:00,11.071502588475301,0.0
2024-10-05 05:00:00+00:00,11.071502588475301,0.0
2024-10-05 06:00:00+00:00,11.071502588475301,0.0
2024-10-05 07:00:00+00:00,11.071502588475301,0.0
2024-10-05 08:00:00+00:00,11.071502588475301,0.0
2024-10-05 09:00:00+00:00,11.071502588475301,0.0
2024-10-05 10:00:00+00:00,11.071502588475301,0.0
2024-10-05 11:00:00+00:00,11.071502588475301,0.0
2024-10-05 12:00:00+00:00,11.071502588475301,0.0
2024-10-05 13:00:00+00:00,11.071502588475301,0.0
2024-10-05 14:00:00+00:00,11.071502588475301,0.0
2024-10-05 15:00:00+00:00,11.071502588475301,0.0
2024-10-05 16:00:00+00:00,11.071502588475301,0.0
2024-10-05 17:00:00+00:00,11.071502588475301,0.0
2024-10-05 18:00:00+00:00,11.071502588475301,0.0
2024-10-05 19:00:00+00:00,11.071502588475301,0.0
2024-10-05 20:00:00+00:00,11.071502588475301,0.0
2024-10-05 21:00:00+00:00,11.071502588475301,0.0
2024-10-05 22:00:00+00:00,11.071502588475301,0.0
2024-10-05 23:00:00+00:00,11.071502588475301,0.0
2024-10-06 00:00:00+00:00,11.263979404590376,261364753.15232667
2024-10-06 01:00:00+00:00,11.263979404590376,0.0
2024-10-06 02:00:00+00:00,11.263979404590376,0.0
2024-10-06 03:00:00+00:00,11.263979404590376,0.0
2024-10-06 04:00:00+00:00,11.263979404590376,0.0
2024-10-06 05:00:00+00:00,11.263979404590376,0.0
2024-10-06 06:00:00+00:00,11.263979404590376,0.0
2024-10-06 07:00:00+00:00,11.263979404590376,0.0
2024-10-06 08:00:00+00:00,11.263979404590376,0.0
2024-10-06 09:00:00+00:00,11.263979404590376,0.0
2024-10-06 10:00:00+00:00,11.263979404590376,0.0
2024-10-06 11:00:00+00:00,11.263979404590376,0.0
2024-10-06 12:00:00+00:00,11.263979404590376,0.0
2024-10-06 13:00:00+00:00,11.263979404590376,0.0
2024-10-06 14:00:00+00:00,11.263979404590376,0.0
2024-10-06 15:00:00+00:00,11.263979404590376,0.0
2024-10-06 16:00:00+00:00,11.263979404590376,0.0
2024-10-06 17:00:00+00:00,11.263979404590376,0.0
2024-10-06 18:00:00+00:00,11.263979404590376,0.0
2024-10-06 19:00:00+00:00,11.263979404590376,0.0
2024-10-06 20:00:00+00:00,11.263979404590376,0.0
2024-10-06 21:00:00+00:00,11.263979404590376,0.0
2024-10-06 22:00:00+00:00,11.263979404590376,0.0
2024-10-06 23:00:00+00:00,11.263979404590376,0.0
2024-10-07 00:00:00+00:00,11.274263719915655,290846055.5566603
2024-10-07 01:00:00+00:00,11.274263719915655,0.0
2024-10-07 02:00:00+00:00,11.274263719915655,0.0
2024-10-07 03:00:00+00:00,11.274263719915655,0.0
2024-10-07 04:00:00+00:00,11.274263719915655,0.0
2024-10-07 05:00:00+00:00,11.274263719915655,0.0
2024-10-07 06:00:00+00:00,11.274263719915655,0.0
2024-10-07 07:00:00+00:00,11.274263719915655,0.0
2024-10-07 08:00:00+00:00,11.274263719915655,0.0
2024-10-07 09:00:00+00:00,11.274263719915655,0.0
2024-10-07 10:00:00+00:00,11.274263719915655,0.0
2024-10-07 11:00:00+00:00,11.274263719915655,0.0
2024-10-07 12:00:00+00:00,11.274263719915655,0.0
2024-10-07 13:00:00+00:00,11.274263719915655,0.0
2024-10-07 14:00:00+00:00,11.274263719915655,0.0
2024-10-07 15:00:00+00:00,11.274263719915655,0.0
2024-10-07 16:00:00+00:00,11.274263719915655,0.0
2024-10-07 17:00:00+00:00,11.274263719915655,0.0
2024-10-07 18:00:00+00:00,11.274263719915655,0.0
2024-10-07 19:00:00+00:00,11.274263719915655,0.0
2024-10-07 20:00:00+00:00,11.274263719915655,0.0
2024-10-07 21:00:00+00:00,11.274263719915655,0.0
2024-10-07 22:00:00+00:00,11.274263719915655,0.0
2024-10-07 23:00:00+00:00,11.274263719915655,0.0
2024-10-08 00:00:00+00:00,11.143595789932492,429607204.0458049
2024-10-08 01:00:00+00:00,11.143595789932492,0.0
2024-10-08 02:00:00+00:00,11.143595789932492,0.0
2024-10-08 03:00:00+00:00,11.143595789932492,0.0
2024-10-08 04:00:00+00:00,11.143595789932492,0.0
2024-10-08 05:00:00+00:00,11.143595789932492,0.0
2024-10-08 06:00:00+00:00,11.143595789932492,0.0
2024-10-08 07:00:00+00:00,11.143595789932492,0.0
2024-10-08 08:00:00+00:00,11.143595789932492,0.0
2024-10-08 09:00:00+00:00,11.143595789932492,0.0
2024-10-08 10:00:00+00:00,11.143595789932492,0.0
2024-10-08 11:00:00+00:00,11.143595789932492,0.0
2024-10-08 12:00:00+00:00,11.143595789932492,0.0
2024-10-08 13:00:00+00:00,11.143595789932492,0.0
2024-10-08 14:00:00+00:00,11.143595789932492,0.0
2024-10-08 15:00:00+00:00,11.143595789932492,0.0
2024-10-08 16:00:00+00:00,11.143595789932492,0.0
2024-10-08 17:00:00+00:00,11.143595789932492,0.0
2024-10-08 18:00:00+00:00,11.143595789932492,0.0
2024-10-08 19:00:00+00:00,11.143595789932492,0.0
2024-10-08 20:00:00+00:00,11.143595789932492,0.0
2024-10-08 21:00:00+00:00,11.143595789932492,0.0
2024-10-08 22:00:00+00:00,11.143595789932492,0.0
2024-10-08 23:00:00+00:00,11.143595789932492,0.0
2024-10-09 00:00:00+00:00,10.829249973888427,386254751.49698544
2024-10-09 01:00:00+00:00,10.829249973888427,0.0
2024-10-09 02:00:00+00:00,10.829249973888427,0.0
2024-10-09 03:00:00+00:00,10.829249973888427,0.0
2024-10-09 04:00:00+00:00,10.829249973888427,0.0
2024-10-09 05:00:00+00:00,10.829249973888427,0.0
2024-10-09 06:00:00+00:00,10.829249973888427,0.0
2024-10-09 07:00:00+00:00,10.829249973888427,0.0
2024-10-09 08:00:00+00:00,10.829249973888427,0.0
2024-10-09 09:00:00+00:00,10.829249973888427,0.0
2024-10-09 10:00:00+00:00,10.829249973888427,0.0
2024-10-09 11:00:00+00:00,10.829249973888427,0.0
2024-10-09 12:00:00+00:00,10.829249973888427,0.0
2024-10-09 13:00:00+00:00,10.829249973888427,0.0
2024-10-09 14:00:00+00:00,10.829249973888427,0.0
2024-10-09 15:00:00+00:00,10.829249973888427,0.0
2024-10-09 16:00:00+00:00,10.829249973888427,0.0
2024-10-09 17:00:00+00:00,10.829249973888427,0.0
2024-10-09 18:00:00+00:00,10.829249973888427,0.0
2024-10-09 19:00:00+00:00,10.829249973888427,0.0
2024-10-09 20:00:00+00:00,10.829249973888427,0.0
2024-10-09 21:00:00+00:00,10.829249973888427,0.0
2024-10-09 22:00:00+00:00,10.829249973888427,0.0
2024-10-09 23:00:00+00:00,10.829249973888427,0.0
2024-10-10 00:00:00+00:00,10.531620439208679,384363943.2877791
2024-10-10 01:00:00+00:00,10.531620439208679,0.0
2024-10-10 02:00:00+00:00,10.531620439208679,0.0
2024-10-10 03:00:00+00:00,10.531620439208679,0.0
2024-10-10 04:00:00+00:00,10.531620439208679,0.0
2024-10-10 05:00:00+00:00,10.531620439208679,0.0
2024-10-10 06:00:00+00:00,10.531620439208679,0.0
2024-10-10 07:00:00+00:00,10.531620439208679,0.0
2024-10-10 08:00:00+00:00,10.531620439208679,0.0
2024-10-10 09:00:00+00:00,10.531620439208679,0.0
2024-10-10 10:00:00+00:00,10.531620439208679,0.0
2024-10-10 11:00:00+00:00,10.531620439208679,0.0
2024-10-10 12:00:00+00:00,10.531620439208679,0.0
2024-10-10 13:00:00+00:00,10.531620439208679,0.0
2024-10-10 14:00:00+00:00,10.531620439208679,0.0
2024-10-10 15:00:00+00:00,10.531620439208679,0.0
2024-10-10 16:00:00+00:00,10.531620439208679,0.0
2024-10-10 17:00:00+00:00,10.531620439208679,0.0
2024-10-10 18:00:00+00:00,10.531620439208679,0.0
2024-10-10 19:00:00+00:00,10.531620439208679,0.0
2024-10-10 20:00:00+00:00,10.531620439208679,0.0
2024-10-10 21:00:00+00:00,10.531620439208679,0.0
2024-10-10 22:00:00+00:00,10.531620439208679,0.0
2024-10-10 23:00:00+00:00,10.531620439208679,0.0
2024-10-11 00:00:00+00:00,10.527626659385998,368445346.7013576
2024-10-11 01:00:00+00:00,10.527626659385998,0.0
2024-10-11 02:00:00+00:00,10.527626659385998,0.0
2024-10-11 03:00:00+00:00,10.527626659385998,0.0
2024-10-11 04:00:00+00:00,10.527626659385998,0.0
2024-10-11 05:00:00+00:00,10.527626659385998,0.0
2024-10-11 06:00:00+00:00,10.527626659385998,0.0
2024-10-11 07:00:00+00:00,10.527626659385998,0.0
2024-10-11 08:00:00+00:00,10.527626659385998,0.0
2024-10-11 09:00:00+00:00,10.527626659385998,0.0
2024-10-11 10:00:00+00:00,10.527626659385998,0.0
2024-10-11 11:00:00+00:00,10.527626659385998,0.0
2024-10-11 12:00:00+00:00,10.527626659385998,0.0
2024-10-11 13:00:00+00:00,10.527626659385998,0.0
2024-10-11 14:00:00+00:00,10.527626659385998,0.0
2024-10-11 15:00:00+00:00,10.527626659385998,0.0
2024-10-11 16:00:00+00:00,10.527626659385998,0.0
2024-10-11 17:00:00+00:00,10.527626659385998,0.0
2024-10-11 18:00:00+00:00,10.527626659385998,0.0
2024-10-11 19:00:00+00:00,10.527626659385998,0.0
2024-10-11 20:00:00+00:00,10.527626659385998,0.0
2024-10-11 21:00:00+00:00,10.527626659385998,0.0
2024-10-11 22:00:00+00:00,10.527626659385998,0.0
2024-10-11 23:00:00+00:00,10.527626659385998,0.0
2024-10-12 00:00:00+00:00,10.896744100765417,325448141.4007835
2024-10-12 01:00:00+00:00,10.896744100765417,0.0
2024-10-12 02:00:00+00:00,10.896744100765417,0.0
2024-10-12 03:00:00+00:00,10.896744100765417,0.0
2024-10-12 04:00:00+00:00,10.896744100765417,0.0
2024-10-12 05:00:00+00:00,10.896744100765417,0.0
2024-10-12 06:00:00+00:00,10.896744100765417,0.0
2024-10-12 07:00:00+00:00,10.896744100765417,0.0
2024-10-12 08:00:00+00:00,10.896744100765417,0.0
2024-10-12 09:00:00+00:00,10.896744100765417,0.0
2024-10-12 10:00:00+00:00,10.896744100765417,0.0
2024-10-12 11:00:00+00:00,10.896744100765417,0.0
2024-10-12 12:00:00+00:00,10.896744100765417,0.0
2024-10-12 13:00:00+00:00,10.896744100765417,0.0
2024-10-12 14:00:00+00:00,10.896744100765417,0.0
2024-10-12 15:00:00+00:00,10.896744100765417,0.0
2024-10-12 16:00:00+00:00,10.896744100765417,0.0
2024-10-12 17:00:00+00:00,10.896744100765417,0.0
2024-10-12 18:00:00+00:00,10.896744100765417,0.0
2024-10-12 19:00:00+00:00,10.896744100765417,0.0
2024-10-12 20:00:00+00:00,10.896744100765417,0.0
2024-10-12 21:00:00+00:00,10.896744100765417,0.0
2024-10-12 22:00:00+00:00,10.896744100765417,0.0
2024-10-12 23:00:00+00:00,10.896744100765417,0.0
2024-10-13 00:00:00+00:00,11.016579923560098,288479704.88580334
2024-10-13 01:00:00+00:00,11.016579923560098,0.0
2024-10-13 02:00:00+00:00,11.016579923560098,0.0
2024-10-13 03:00:00+00:00,11.016579923560098,0.0
2024-10-13 04:00:00+00:00,11.016579923560098,0.0
2024-10-13 05:00:00+00:00,11.016579923560098,0.0
2024-10-13 06:00:00+00:00,11.016579923560098,0.0
2024-10-13 07:00:00+00:00,11.016579923560098,0.0
2024-10-13 08:00:00+00:00,11.016579923560098,0.0
2024-10-13 09:00:00+00:00,11.016579923560098,0.0
2024-10-13 10:00:00+00:00,11.016579923560098,0.0
2024-10-13 11:00:00+00:00,11.016579923560098,0.0
2024-10-13 12:00:00+00:00,11.016579923560098,0.0
2024-10-13 13:00:00+00:00,11.016579923560098,0.0
2024-10-13 14:00:00+00:00,11.016579923560098,0.0
2024-10-13 15:00:00+00:00,11.016579923560098,0.0
2024-10-13 16:00:00+00:00,11.016579923560098,0.0
2024-10-13 17:00:00+00:00,11.016579923560098,0.0
2024-10-13 18:00:00+00:00,11.016579923560098,0.0
2024-10-13 19:00:00+00:00,11.016579923560098,0.0
2024-10-13 20:00:00+00:00,11.016579923560098,0.0
2024-10-13 21:00:00+00:00,11.016579923560098,0.0
2024-10-13 22:00:00+00:00,11.016579923560098,0.0
2024-10-13 23:00:00+00:00,11.016579923560098,0.0
2024-10-14 00:00:00+00:00,10.726703952342138,279594452.99890864
2024-10-14 01:00:00+00:00,10.726703952342138,0.0
2024-10-14 02:00:00+00:00,10.726703952342138,0.0
2024-10-14 03:00:00+00:00,10.726703952342138,0.0
2024-10-14 04:00:00+00:00,10.726703952342138,0.0
2024-10-14 05:00:00+00:00,10.726703952342138,0.0
2024-10-14 06:00:00+00:00,10.726703952342138,0.0
2024-10-14 07:00:00+00:00,10.726703952342138,0.0
2024-10-14 08:00:00+00:00,10.726703952342138,0.0
2024-10-14 09:00:00+00:00,10.726703952342138,0.0
2024-10-14 10:00:00+00:00,10.726703952342138,0.0
2024-10-14 11:00:00+00:00,10.726703952342138,0.0
2024-10-14 12:00:00+00:00,10.726703952342138,0.0
2024-10-14 13:00:00+00:00,10.726703952342138,0.0
2024-10-14 14:00:00+00:00,10.726703952342138,0.0
2024-10-14 15:00:00+00:00,10.726703952342138,0.0
2024-10-14 16:00:00+00:00,10.726703952342138,0.0
2024-10-14 17:00:00+00:00,10.726703952342138,0.0
2024-10-14 18:00:00+00:00,10.726703952342138,0.0
2024-10-14 19:00:00+00:00,10.726703952342138,0.0
2024-10-14 20:00:00+00:00,10.726703952342138,0.0
2024-10-14 21:00:00+00:00,10.726703952342138,0.0
2024-10-14 22:00:00+00:00,10.726703952342138,0.0
2024-10-14 23:00:00+00:00,10.726703952342138,0.0
2024-10-15 00:00:00+00:00,11.25945951633864,413162114.56795686
2024-10-15 01:00:00+00:00,11.25945951633864,0.0
2024-10-15 02:00:00+00:00,11.25945951633864,0.0
2024-10-15 03:00:00+00:00,11.25945951633864,0.0
2024-10-15 04:00:00+00:00,11.25945951633864,0.0
2024-10-15 05:00:00+00:00,11.25945951633864,0.0
2024-10-15 06:00:00+00:00,11.25945951633864,0.0
2024-10-15 07:00:00+00:00,11.25945951633864,0.0
2024-10-15 08:00:00+00:00,11.25945951633864,0.0
2024-10-15 09:00:00+00:00,11.25945951633864,0.0
2024-10-15 10:00:00+00:00,11.25945951633864,0.0
2024-10-15 11:00:00+00:00,11.25945951633864,0.0
2024-10-15 12:00:00+00:00,11.25945951633864,0.0
2024-10-15 13:00:00+00:00,11.25945951633864,0.0
2024-10-15 14:00:00+00:00,11.25945951633864,0.0
2024-10-15 15:00:00+00:00,11.25945951633864,0.0
2024-10-15 16:00:00+00:00,11.25945951633864,0.0
2024-10-15 17:00:00+00:00,11.25945951633864,0.0
2024-10-15 18:00:00+00:00,11.25945951633864,0.0
2024-10-15 19:00:00+00:00,11.25945951633864,0.0
2024-10-15 20:00:00+00:00,11.25945951633864,0.0
2024-10-15 21:00:00+00:00,11.25945951633864,0.0
2024-10-15 22:00:00+00:00,11.25945951633864,0.0
2024-10-15 23:00:00+00:00,11.25945951633864,0.0
2024-10-16 00:00:00+00:00,11.417463129055553,604933528.4077946
2024-10-16 01:00:00+00:00,11.417463129055553,0.0
2024-10-16 02:00:00+00:00,11.417463129055553,0.0
2024-10-16 03:00:00+00:00,11.417463129055553,0.0
2024-10-16 04:00:00+00:00,11.417463129055553,0.0
2024-10-16 05:00:00+00:00,11.417463129055553,0.0
2024-10-16 06:00:00+00:00,11.417463129055553,0.0
2024-10-16 07:00:00+00:00,11.417463129055553,0.0
2024-10-16 08:00:00+00:00,11.417463129055553,0.0
2024-10-16 09:00:00+00:00,11.417463129055553,0.0
2024-10-16 10:00:00+00:00,11.417463129055553,0.0
2024-10-16 11:00:00+00:00,11.417463129055553,0.0
2024-10-16 12:00:00+00:00,11.417463129055553,0.0
2024-10-16 13:00:00+00:00,11.417463129055553,0.0
2024-10-16 14:00:00+00:00,11.417463129055553,0.0
2024-10-16 15:00:00+00:00,11.417463129055553,0.0
2024-10-16 16:00:00+00:00,11.417463129055553,0.0
2024-10-16 17:00:00+00:00,11.417463129055553,0.0
2024-10-16 18:00:00+00:00,11.417463129055553,0.0
2024-10-16 19:00:00+00:00,11.417463129055553,0.0
2024-10-16 20:00:00+00:00,11.417463129055553,0.0
2024-10-16 21:00:00+00:00,11.417463129055553,0.0
2024-10-16 22:00:00+00:00,11.417463129055553,0.0
2024-10-16 23:00:00+00:00,11.417463129055553,0.0
2024-10-17 00:00:00+00:00,11.234930291052555,353038227.4603728
2024-10-17 01:00:00+00:00,11.234930291052555,0.0
2024-10-17 02:00:00+00:00,11.234930291052555,0.0
2024-10-17 03:00:00+00:00,11.234930291052555,0.0
2024-10-17 04:00:00+00:00,11.234930291052555,0.0
2024-10-17 05:00:00+00:00,11.234930291052555,0.0
2024-10-17 06:00:00+00:00,11.234930291052555,0.0
2024-10-17 07:00:00+00:00,11.234930291052555,0.0
2024-10-17 08:00:00+00:00,11.234930291052555,0.0
2024-10-17 09:00:00+00:00,11.234930291052555,0.0
2024-10-17 10:00:00+00:00,11.234930291052555,0.0
2024-10-17 11:00:00+00:00,11.234930291052555,0.0
2024-10-17 12:00:00+00:00,11.234930291052555,0.0
2024-10-17 13:00:00+00:00,11.234930291052555,0.0
2024-10-17 14:00:00+00:00,11.234930291052555,0.0
2024-10-17 15:00:00+00:00,11.234930291052555,0.0
2024-10-17 16:00:00+00:00,11.234930291052555,0.0
2024-10-17 17:00:00+00:00,11.234930291052555,0.0
2024-10-17 18:00:00+00:00,11.234930291052555,0.0
2024-10-17 19:00:00+00:00,11.234930291052555,0.0
2024-10-17 20:00:00+00:00,11.234930291052555,0.0
2024-10-17 21:00:00+00:00,11.234930291052555,0.0
2024-10-17 22:00:00+00:00,11.234930291052555,0.0
2024-10-17 23:00:00+00:00,11.234930291052555,0.0
2024-10-18 00:00:00+00:00,11.018568111395599,300189904.05876005
2024-10-18 01:00:00+00:00,11.018568111395599,0.0
2024-10-18 02:00:00+00:00,11.018568111395599,0.0
2024-10-18 03:00:00+00:00,11.018568111395599,0.0
2024-10-18 04:00:00+00:00,11.018568111395599,0.0
2024-10-18 05:00:00+00:00,11.018568111395599,0.0
2024-10-18 06:00:00+00:00,11.018568111395599,0.0
2024-10-18 07:00:00+00:00,11.018568111395599,0.0
2024-10-18 08:00:00+00:00,11.018568111395599,0.0
2024-10-18 09:00:00+00:00,11.018568111395599,0.0
2024-10-18 10:00:00+00:00,11.018568111395599,0.0
2024-10-18 11:00:00+00:00,11.018568111395599,0.0
2024-10-18 12:00:00+00:00,11.018568111395599,0.0
2024-10-18 13:00:00+00:00,11.018568111395599,0.0
2024-10-18 14:00:00+00:00,11.018568111395599,0.0
2024-10-18 15:00:00+00:00,11.018568111395599,0.0
2024-10-18 16:00:00+00:00,11.018568111395599,0.0
2024-10-18 17:00:00+00:00,11.018568111395599,0.0
2024-10-18 18:00:00+00:00,11.018568111395599,0.0
2024-10-18 19:00:00+00:00,11.018568111395599,0.0
2024-10-18 20:00:00+00:00,11.018568111395599,0.0
2024-10-18 21:00:00+00:00,11.018568111395599,0.0
2024-10-18 22:00:00+00:00,11.018568111395599,0.0
2024-10-18 23:00:00+00:00,11.018568111395599,0.0
2024-10-19 00:00:00+00:00,11.47544920944706,327565100.17350256
2024-10-19 01:00:00+00:00,11.47544920944706,0.0
2024-10-19 02:00:00+00:00,11.47544920944706,0.0
2024-10-19 03:00:00+00:00,11.47544920944706,0.0
2024-10-19 04:00:00+00:00,11.47544920944706,0.0
2024-10-19 05:00:00+00:00,11.47544920944706,0.0
2024-10-19 06:00:00+00:00,11.47544920944706,0.0
2024-10-19 07:00:00+00:00,11.47544920944706,0.0
2024-10-19 08:00:00+00:00,11.47544920944706,0.0
2024-10-19 09:00:00+00:00,11.47544920944706,0.0
2024-10-19 10:00:00+00:00,11.47544920944706,0.0
2024-10-19 11:00:00+00:00,11.47544920944706,0.0
2024-10-19 12:00:00+00:00,11.47544920944706,0.0
2024-10-19 13:00:00+00:00,11.47544920944706,0.0
2024-10-19 14:00:00+00:00,11.47544920944706,0.0
2024-10-19 15:00:00+00:00,11.47544920944706,0.0
2024-10-19 16:00:00+00:00,11.47544920944706,0.0
2024-10-19 17:00:00+00:00,11.47544920944706,0.0
2024-10-19 18:00:00+00:00,11.47544920944706,0.0
2024-10-19 19:00:00+00:00,11.47544920944706,0.0
2024-10-19 20:00:00+00:00,11.47544920944706,0.0
2024-10-19 21:00:00+00:00,11.47544920944706,0.0
2024-10-19 22:00:00+00:00,11.47544920944706,0.0
2024-10-19 23:00:00+00:00,11.47544920944706,0.0
2024-10-20 00:00:00+00:00,11.426706000774576,215261023.90486133
2024-10-20 01:00:00+00:00,11.426706000774576,0.0
2024-10-20 02:00:00+00:00,11.426706000774576,0.0
2024-10-20 03:00:00+00:00,11.426706000774576,0.0
2024-10-20 04:00:00+00:00,11.426706000774576,0.0
2024-10-20 05:00:00+00:00,11.426706000774576,0.0
2024-10-20 06:00:00+00:00,11.426706000774576,0.0
2024-10-20 07:00:00+00:00,11.426706000774576,0.0
2024-10-20 08:00:00+00:00,11.426706000774576,0.0
2024-10-20 09:00:00+00:00,11.426706000774576,0.0
2024-10-20 10:00:00+00:00,11.426706000774576,0.0
2024-10-20 11:00:00+00:00,11.426706000774576,0.0
2024-10-20 12:00:00+00:00,11.426706000774576,0.0
2024-10-20 13:00:00+00:00,11.426706000774576,0.0
2024-10-20 14:00:00+00:00,11.426706000774576,0.0
2024-10-20 15:00:00+00:00,11.426706000774576,0.0
2024-10-20 16:00:00+00:00,11.426706000774576,0.0
2024-10-20 17:00:00+00:00,11.426706000774576,0.0
2024-10-20 18:00:00+00:00,11.426706000774576,0.0
2024-10-20 19:00:00+00:00,11.426706000774576,0.0
2024-10-20 20:00:00+00:00,11.426706000774576,0.0
2024-10-20 21:00:00+00:00,11.426706000774576,0.0
2024-10-20 22:00:00+00:00,11.426706000774576,0.0
2024-10-20 23:00:00+00:00,11.426706000774576,0.0
2024-10-21 00:00:00+00:00,11.94909849285891,330385859.8601031
2024-10-21 01:00:00+00:00,11.94909849285891,0.0
2024-10-21 02:00:00+00:00,11.94909849285891,0.0
2024-10-21 03:00:00+00:00,11.94909849285891,0.0
2024-10-21 04:00:00+00:00,11.94909849285891,0.0
2024-10-21 05:00:00+00:00,11.94909849285891,0.0
2024-10-21 06:00:00+00:00,11.94909849285891,0.0
2024-10-21 07:00:00+00:00,11.94909849285891,0.0
2024-10-21 08:00:00+00:00,11.94909849285891,0.0
2024-10-21 09:00:00+00:00,11.94909849285891,0.0
2024-10-21 10:00:00+00:00,11.94909849285891,0.0
2024-10-21 11:00:00+00:00,11.94909849285891,0.0
2024-10-21 12:00:00+00:00,11.94909849285891,0.0
2024-10-21 13:00:00+00:00,11.94909849285891,0.0
2024-10-21 14:00:00+00:00,11.94909849285891,0.0
2024-10-21 15:00:00+00:00,11.94909849285891,0.0
2024-10-21 16:00:00+00:00,11.94909849285891,0.0
2024-10-21 17:00:00+00:00,11.94909849285891,0.0
2024-10-21 18:00:00+00:00,11.94909849285891,0.0
2024-10-21 19:00:00+00:00,11.94909849285891,0.0
2024-10-21 20:00:00+00:00,11.94909849285891,0.0
2024-10-21 21:00:00+00:00,11.94909849285891,0.0
2024-10-21 22:00:00+00:00,11.94909849285891,0.0
2024-10-21 23:00:00+00:00,11.94909849285891,0.0
2024-10-22 00:00:00+00:00,11.710468056596369,322860532.8966193
2024-10-22 01:00:00+00:00,11.710468056596369,0.0
2024-10-22 02:00:00+00:00,11.710468056596369,0.0
2024-10-22 03:00:00+00:00,11.710468056596369,0.0
2024-10-22 04:00:00+00:00,11.710468056596369,0.0
2024-10-22 05:00:00+00:00,11.710468056596369,0.0
2024-10-22 06:00:00+00:00,11.710468056596369,0.0
2024-10-22 07:00:00+00:00,11.710468056596369,0.0
2024-10-22 08:00:00+00:00,11.710468056596369,0.0
2024-10-22 09:00:00+00:00,11.710468056596369,0.0
2024-10-22 10:00:00+00:00,11.710468056596369,0.0
2024-10-22 11:00:00+00:00,11.710468056596369,0.0
2024-10-22 12:00:00+00:00,11.710468056596369,0.0
2024-10-22 13:00:00+00:00,11.710468056596369,0.0
2024-10-22 14:00:00+00:00,11.710468056596369,0.0
2024-10-22 15:00:00+00:00,11.710468056596369,0.0
2024-10-22 16:00:00+00:00,11.710468056596369,0.0
2024-10-22 17:00:00+00:00,11.710468056596369,0.0
2024-10-22 18:00:00+00:00,11.710468056596369,0.0
2024-10-22 19:00:00+00:00,11.710468056596369,0.0
2024-10-22 20:00:00+00:00,11.710468056596369,0.0
2024-10-22 21:00:00+00:00,11.710468056596369,0.0
2024-10-22 22:00:00+00:00,11.710468056596369,0.0
2024-10-22 23:00:00+00:00,11.710468056596369,0.0
2024-10-23 00:00:00+00:00,11.959023540360274,533710692.7812833
2024-10-23 01:00:00+00:00,11.959023540360274,0.0
2024-10-23 02:00:00+00:00,11.959023540360274,0.0
2024-10-23 03:00:00+00:00,11.959023540360274,0.0
2024-10-23 04:00:00+00:00,11.959023540360274,0.0
2024-10-23 05:00:00+00:00,11.959023540360274,0.0
2024-10-23 06:00:00+00:00,11.959023540360274,0.0
2024-10-23 07:00:00+00:00,11.959023540360274,0.0
2024-10-23 08:00:00+00:00,11.959023540360274,0.0
2024-10-23 09:00:00+00:00,11.959023540360274,0.0
2024-10-23 10:00:00+00:00,11.959023540360274,0.0
2024-10-23 11:00:00+00:00,11.959023540360274,0.0
2024-10-23 12:00:00+00:00,11.959023540360274,0.0
2024-10-23 13:00:00+00:00,11.959023540360274,0.0
2024-10-23 14:00:00+00:00,11.959023540360274,0.0
2024-10-23 15:00:00+00:00,11.959023540360274,0.0
2024-10-23 16:00:00+00:00,11.959023540360274,0.0
2024-10-23 17:00:00+00:00,11.959023540360274,0.0
2024-10-23 18:00:00+00:00,11.959023540360274,0.0
2024-10-23 19:00:00+00:00,11.959023540360274,0.0
2024-10-23 20:00:00+00:00,11.959023540360274,0.0
2024-10-23 21:00:00+00:00,11.959023540360274,0.0
2024-10-23 22:00:00+00:00,11.959023540360274,0.0
2024-10-23 23:00:00+00:00,11.959023540360274,0.0
2024-10-24 00:00:00+00:00,11.32982221237481,416443654.696685
2024-10-24 01:00:00+00:00,11.32982221237481,0.0
2024-10-24 02:00:00+00:00,11.32982221237481,0.0
2024-10-24 03:00:00+00:00,11.32982221237481,0.0
2024-10-24 04:00:00+00:00,11.32982221237481,0.0
2024-10-24 05:00:00+00:00,11.32982221237481,0.0
2024-10-24 06:00:00+00:00,11.32982221237481,0.0
2024-10-24 07:00:00+00:00,11.32982221237481,0.0
2024-10-24 08:00:00+00:00,11.32982221237481,0.0
2024-10-24 09:00:00+00:00,11.32982221237481,0.0
2024-10-24 10:00:00+00:00,11.32982221237481,0.0
2024-10-24 11:00:00+00:00,11.32982221237481,0.0
2024-10-24 12:00:00+00:00,11.32982221237481,0.0
2024-10-24 13:00:00+00:00,11.32982221237481,0.0
2024-10-24 14:00:00+00:00,11.32982221237481,0.0
2024-10-24 15:00:00+00:00,11.32982221237481,0.0
2024-10-24 16:00:00+00:00,11.32982221237481,0.0
2024-10-24 17:00:00+00:00,11.32982221237481,0.0
2024-10-24 18:00:00+00:00,11.32982221237481,0.0
2024-10-24 19:00:00+00:00,11.32982221237481,0.0
2024-10-24 20:00:00+00:00,11.32982221237481,0.0
2024-10-24 21:00:00+00:00,11.32982221237481,0.0
2024-10-24 22:00:00+00:00,11.32982221237481,0.0
2024-10-24 23:00:00+00:00,11.32982221237481,0.0
2024-10-25 00:00:00+00:00,11.577437685190871,333022281.5088616
2024-10-25 01:00:00+00:00,11.577437685190871,0.0
2024-10-25 02:00:00+00:00,11.577437685190871,0.0
2024-10-25 03:00:00+00:00,11.577437685190871,0.0
2024-10-25 04:00:00+00:00,11.577437685190871,0.0
2024-10-25 05:00:00+00:00,11.577437685190871,0.0
2024-10-25 06:00:00+00:00,11.577437685190871,0.0
2024-10-25 07:00:00+00:00,11.577437685190871,0.0
2024-10-25 08:00:00+00:00,11.577437685190871,0.0
2024-10-25 09:00:00+00:00,11.577437685190871,0.0
2024-10-25 10:00:00+00:00,11.577437685190871,0.0
2024-10-25 11:00:00+00:00,11.577437685190871,0.0
2024-10-25 12:00:00+00:00,11.577437685190871,0.0
2024-10-25 13:00:00+00:00,11.577437685190871,0.0
2024-10-25 14:00:00+00:00,11.577437685190871,0.0
2024-10-25 15:00:00+00:00,11.577437685190871,0.0
2024-10-25 16:00:00+00:00,11.577437685190871,0.0
2024-10-25 17:00:00+00:00,11.577437685190871,0.0
2024-10-25 18:00:00+00:00,11.577437685190871,0.0
2024-10-25 19:00:00+00:00,11.577437685190871,0.0
2024-10-25 20:00:00+00:00,11.577437685190871,0.0
2024-10-25 21:00:00+00:00,11.577437685190871,0.0
2024-10-25 22:00:00+00:00,11.577437685190871,0.0
2024-10-25 23:00:00+00:00,11.577437685190871,0.0
2024-10-26 00:00:00+00:00,11.034578912517459,593538190.6508963
2024-10-26 01:00:00+00:00,11.034578912517459,0.0
2024-10-26 02:00:00+00:00,11.034578912517459,0.0
2024-10-26 03:00:00+00:00,11.034578912517459,0.0
2024-10-26 04:00:00+00:00,11.034578912517459,0.0
2024-10-26 05:00:00+00:00,11.034578912517459,0.0
2024-10-26 06:00:00+00:00,11.034578912517459,0.0
2024-10-26 07:00:00+00:00,11.034578912517459,0.0
2024-10-26 08:00:00+00:00,11.034578912517459,0.0
2024-10-26 09:00:00+00:00,11.034578912517459,0.0
2024-10-26 10:00:00+00:00,11.034578912517459,0.0
2024-10-26 11:00:00+00:00,11.034578912517459,0.0
2024-10-26 12:00:00+00:00,11.034578912517459,0.0
2024-10-26 13:00:00+00:00,11.034578912517459,0.0
2024-10-26 14:00:00+00:00,11.034578912517459,0.0
2024-10-26 15:00:00+00:00,11.034578912517459,0.0
2024-10-26 16:00:00+00:00,11.034578912517459,0.0
2024-10-26 17:00:00+00:00,11.034578912517459,0.0
2024-10-26 18:00:00+00:00,11.034578912517459,0.0
2024-10-26 19:00:00+00:00,11.034578912517459,0.0
2024-10-26 20:00:00+00:00,11.034578912517459,0.0
2024-10-26 21:00:00+00:00,11.034578912517459,0.0
2024-10-26 22:00:00+00:00,11.034578912517459,0.0
2024-10-26 23:00:00+00:00,11.034578912517459,0.0
2024-10-27 00:00:00+00:00,11.00674736166847,411124249.55658424
2024-10-27 01:00:00+00:00,11.00674736166847,0.0
2024-10-27 02:00:00+00:00,11.00674736166847,0.0
2024-10-27 03:00:00+00:00,11.00674736166847,0.0
2024-10-27 04:00:00+00:00,11.00674736166847,0.0
2024-10-27 05:00:00+00:00,11.00674736166847,0.0
2024-10-27 06:00:00+00:00,11.00674736166847,0.0
2024-10-27 07:00:00+00:00,11.00674736166847,0.0
2024-10-27 08:00:00+00:00,11.00674736166847,0.0
2024-10-27 09:00:00+00:00,11.00674736166847,0.0
2024-10-27 10:00:00+00:00,11.00674736166847,0.0
2024-10-27 11:00:00+00:00,11.00674736166847,0.0
2024-10-27 12:00:00+00:00,11.00674736166847,0.0
2024-10-27 13:00:00+00:00,11.00674736166847,0.0
2024-10-27 14:00:00+00:00,11.00674736166847,0.0
2024-10-27 15:00:00+00:00,11.00674736166847,0.0
2024-10-27 16:00:00+00:00,11.00674736166847,0.0
2024-10-27 17:00:00+00:00,11.00674736166847,0.0
2024-10-27 18:00:00+00:00,11.00674736166847,0.0
2024-10-27 19:00:00+00:00,11.00674736166847,0.0
2024-10-27 20:00:00+00:00,11.00674736166847,0.0
2024-10-27 21:00:00+00:00,11.00674736166847,0.0
2024-10-27 22:00:00+00:00,11.00674736166847,0.0
2024-10-27 23:00:00+00:00,11.00674736166847,0.0
2024-10-28 00:00:00+00:00,10.965061040635616,310696120.6427753
2024-10-28 01:00:00+00:00,10.965061040635616,0.0
2024-10-28 02:00:00+00:00,10.965061040635616,0.0
2024-10-28 03:00:00+00:00,10.965061040635616,0.0
2024-10-28 04:00:00+00:00,10.965061040635616,0.0
2024-10-28 05:00:00+00:00,10.965061040635616,0.0
2024-10-28 06:00:00+00:00,10.965061040635616,0.0
2024-10-28 07:00:00+00:00,10.965061040635616,0.0
2024-10-28 08:00:00+00:00,10.965061040635616,0.0
2024-10-28 09:00:00+00:00,10.965061040635616,0.0
2024-10-28 10:00:00+00:00,10.965061040635616,0.0
2024-10-28 11:00:00+00:00,10.965061040635616,0.0
2024-10-28 12:00:00+00:00,10.965061040635616,0.0
2024-10-28 13:00:00+00:00,10.965061040635616,0.0
2024-10-28 14:00:00+00:00,10.965061040635616,0.0
2024-10-28 15:00:00+00:00,10.965061040635616,0.0
2024-10-28 16:00:00+00:00,10.965061040635616,0.0
2024-10-28 17:00:00+00:00,10.965061040635616,0.0
2024-10-28 18:00:00+00:00,10.965061040635616,0.0
2024-10-28 19:00:00+00:00,10.965061040635616,0.0
2024-10-28 20:00:00+00:00,10.965061040635616,0.0
2024-10-28 21:00:00+00:00,10.965061040635616,0.0
2024-10-28 22:00:00+00:00,10.965061040635616,0.0
2024-10-28 23:00:00+00:00,10.965061040635616,0.0
2024-10-29 00:00:00+00:00,11.181179129191147,396005685.22487444
2024-10-29 01:00:00+00:00,11.181179129191147,0.0
2024-10-29 02:00:00+00:00,11.181179129191147,0.0
2024-10-29 03:00:00+00:00,11.181179129191147,0.0
2024-10-29 04:00:00+00:00,11.181179129191147,0.0
2024-10-29 05:00:00+00:00,11.181179129191147,0.0
2024-10-29 06:00:00+00:00,11.181179129191147,0.0
2024-10-29 07:00:00+00:00,11.181179129191147,0.0
2024-10-29 08:00:00+00:00,11.181179129191147,0.0
2024-10-29 09:00:00+00:00,11.181179129191147,0.0
2024-10-29 10:00:00+00:00,11.181179129191147,0.0
2024-10-29 11:00:00+00:00,11.181179129191147,0.0
2024-10-29 12:00:00+00:00,11.181179129191147,0.0
2024-10-29 13:00:00+00:00,11.181179129191147,0.0
2024-10-29 14:00:00+00:00,11.181179129191147,0.0
2024-10-29 15:00:00+00:00,11.181179129191147,0.0
2024-10-29 16:00:00+00:00,11.181179129191147,0.0
2024-10-29 17:00:00+00:00,11.181179129191147,0.0
2024-10-29 18:00:00+00:00,11.181179129191147,0.0
2024-10-29 19:00:00+00:00,11.181179129191147,0.0
2024-10-29 20:00:00+00:00,11.181179129191147,0.0
2024-10-29 21:00:00+00:00,11.181179129191147,0.0
2024-10-29 22:00:00+00:00,11.181179129191147,0.0
2024-10-29 23:00:00+00:00,11.181179129191147,0.0
2024-10-30 00:00:00+00:00,11.795774676667621,410396344.84749067
2024-10-30 01:00:00+00:00,11.795774676667621,0.0
2024-10-30 02:00:00+00:00,11.795774676667621,0.0
2024-10-30 03:00:00+00:00,11.795774676667621,0.0
2024-10-30 04:00:00+00:00,11.795774676667621,0.0
2024-10-30 05:00:00+00:00,11.795774676667621,0.0
2024-10-30 06:00:00+00:00,11.795774676667621,0.0
2024-10-30 07:00:00+00:00,11.795774676667621,0.0
2024-10-30 08:00:00+00:00,11.795774676667621,0.0
2024-10-30 09:00:00+00:00,11.795774676667621,0.0
2024-10-30 10:00:00+00:00,11.795774676667621,0.0
2024-10-30 11:00:00+00:00,11.795774676667621,0.0
2024-10-30 12:00:00+00:00,11.795774676667621,0.0
2024-10-30 13:00:00+00:00,11.795774676667621,0.0
2024-10-30 14:00:00+00:00,11.795774676667621,0.0
2024-10-30 15:00:00+00:00,11.795774676667621,0.0
2024-10-30 16:00:00+00:00,11.795774676667621,0.0
2024-10-30 17:00:00+00:00,11.795774676667621,0.0
2024-10-30 18:00:00+00:00,11.795774676667621,0.0
2024-10-30 19:00:00+00:00,11.795774676667621,0.0
2024-10-30 20:00:00+00:00,11.795774676667621,0.0
2024-10-30 21:00:00+00:00,11.795774676667621,0.0
2024-10-30 22:00:00+00:00,11.795774676667621,0.0
2024-10-30 23:00:00+00:00,11.795774676667621,0.0
2024-10-31 00:00:00+00:00,12.381973881811629,494180793.44213843
2024-10-31 01:00:00+00:00,12.381973881811629,0.0
2024-10-31 02:00:00+00:00,12.381973881811629,0.0
2024-10-31 03:00:00+00:00,12.381973881811629,0.0
2024-10-31 04:00:00+00:00,12.381973881811629,0.0
2024-10-31 05:00:00+00:00,12.381973881811629,0.0
2024-10-31 06:00:00+00:00,12.381973881811629,0.0
2024-10-31 07:00:00+00:00,12.381973881811629,0.0
2024-10-31 08:00:00+00:00,12.381973881811629,0.0
2024-10-31 09:00:00+00:00,12.381973881811629,0.0
2024-10-31 10:00:00+00:00,12.381973881811629,0.0
2024-10-31 11:00:00+00:00,12.381973881811629,0.0
2024-10-31 12:00:00+00:00,12.381973881811629,0.0
2024-10-31 13:00:00+00:00,12.381973881811629,0.0
2024-10-31 14:00:00+00:00,12.381973881811629,0.0
2024-10-31 15:00:00+00:00,12.381973881811629,0.0
2024-10-31 16:00:00+00:00,12.381973881811629,0.0
2024-10-31 17:00:00+00:00,12.381973881811629,0.0
2024-10-31 18:00:00+00:00,12.381973881811629,0.0
2024-10-31 19:00:00+00:00,12.381973881811629,0.0
2024-10-31 20:00:00+00:00,12.381973881811629,0.0
2024-10-31 21:00:00+00:00,12.381973881811629,0.0
2024-10-31 22:00:00+00:00,12.381973881811629,0.0
2024-10-31 23:00:00+00:00,12.381973881811629,0.0
2024-11-01 00:00:00+00:00,11.42698522254423,426366778.46347594
2024-11-01 01:00:00+00:00,11.42698522254423,0.0
2024-11-01 02:00:00+00:00,11.42698522254423,0.0
2024-11-01 03:00:00+00:00,11.42698522254423,0.0
2024-11-01 04:00:00+00:00,11.42698522254423,0.0
2024-11-01 05:00:00+00:00,11.42698522254423,0.0
2024-11-01 06:00:00+00:00,11.42698522254423,0.0
2024-11-01 07:00:00+00:00,11.42698522254423,0.0
2024-11-01 08:00:00+00:00,11.42698522254423,0.0
2024-11-01 09:00:00+00:00,11.42698522254423,0.0
2024-11-01 10:00:00+00:00,11.42698522254423,0.0
2024-11-01 11:00:00+00:00,11.42698522254423,0.0
2024-11-01 12:00:00+00:00,11.42698522254423,0.0
2024-11-01 13:00:00+00:00,11.42698522254423,0.0
2024-11-01 14:00:00+00:00,11.42698522254423,0.0
2024-11-01 15:00:00+00:00,11.42698522254423,0.0
2024-11-01 16:00:00+00:00,11.42698522254423,0.0
2024-11-01 17:00:00+00:00,11.42698522254423,0.0
2024-11-01 18:00:00+00:00,11.42698522254423,0.0
2024-11-01 19:00:00+00:00,11.42698522254423,0.0
2024-11-01 20:00:00+00:00,11.42698522254423,0.0
2024-11-01 21:00:00+00:00,11.42698522254423,0.0
2024-11-01 22:00:00+00:00,11.42698522254423,0.0
2024-11-01 23:00:00+00:00,11.42698522254423,0.0
2024-11-02 00:00:00+00:00,11.259680940500882,457097414.22493374
2024-11-02 01:00:00+00:00,11.259680940500882,0.0
2024-11-02 02:00:00+00:00,11.259680940500882,0.0
2024-11-02 03:00:00+00:00,11.259680940500882,0.0
2024-11-02 04:00:00+00:00,11.259680940500882,0.0
2024-11-02 05:00:00+00:00,11.259680940500882,0.0
2024-11-02 06:00:00+00:00,11.259680940500882,0.0
2024-11-02 07:00:00+00:00,11.259680940500882,0.0
2024-11-02 08:00:00+00:00,11.259680940500882,0.0
2024-11-02 09:00:00+00:00,11.259680940500882,0.0
2024-11-02 10:00:00+00:00,11.259680940500882,0.0
2024-11-02 11:00:00+00:00,11.259680940500882,0.0
2024-11-02 12:00:00+00:00,11.259680940500882,0.0
2024-11-02 13:00:00+00:00,11.259680940500882,0.0
2024-11-02 14:00:00+00:00,11.259680940500882,0.0
2024-11-02 15:00:00+00:00,11.259680940500882,0.0
2024-11-02 16:00:00+00:00,11.259680940500882,0.0
2024-11-02 17:00:00+00:00,11.259680940500882,0.0
2024-11-02 18:00:00+00:00,11.259680940500882,0.0
2024-11-02 19:00:00+00:00,11.259680940500882,0.0
2024-11-02 20:00:00+00:00,11.259680940500882,0.0
2024-11-02 21:00:00+00:00,11.259680940500882,0.0
2024-11-02 22:00:00+00:00,11.259680940500882,0.0
2024-11-02 23:00:00+00:00,11.259680940500882,0.0
2024-11-03 00:00:00+00:00,11.170879810582914,336237163.40477514
2024-11-03 01:00:00+00:00,11.170879810582914,0.0
2024-11-03 02:00:00+00:00,11.170879810582914,0.0
2024-11-03 03:00:00+00:00,11.170879810582914,0.0
2024-11-03 04:00:00+00:00,11.170879810582914,0.0
2024-11-03 05:00:00+00:00,11.170879810582914,0.0
2024-11-03 06:00:00+00:00,11.170879810582914,0.0
2024-11-03 07:00:00+00:00,11.170879810582914,0.0
2024-11-03 08:00:00+00:00,11.170879810582914,0.0
2024-11-03 09:00:00+00:00,11.170879810582914,0.0
2024-11-03 10:00:00+00:00,11.170879810582914,0.0
2024-11-03 11:00:00+00:00,11.170879810582914,0.0
2024-11-03 12:00:00+00:00,11.170879810582914,0.0
2024-11-03 13:00:00+00:00,11.170879810582914,0.0
2024-11-03 14:00:00+00:00,11.170879810582914,0.0
2024-11-03 15:00:00+00:00,11.170879810582914,0.0
2024-11-03 16:00:00+00:00,11.170879810582914,0.0
2024-11-03 17:00:00+00:00,11.170879810582914,0.0
2024-11-03 18:00:00+00:00,11.170879810582914,0.0
2024-11-03 19:00:00+00:00,11.170879810582914,0.0
2024-11-03 20:00:00+00:00,11.170879810582914,0.0
2024-11-03 21:00:00+00:00,11.170879810582914,0.0
2024-11-03 22:00:00+00:00,11.170879810582914,0.0
2024-11-03 23:00:00+00:00,11.170879810582914,0.0
2024-11-04 00:00:00+00:00,10.764078174644837,434587886.7951566
2024-11-04 01:00:00+00:00,10.764078174644837,0.0
2024-11-04 02:00:00+00:00,10.764078174644837,0.0
2024-11-04 03:00:00+00:00,10.764078174644837,0.0
2024-11-04 04:00:00+00:00,10.764078174644837,0.0
2024-11-04 05:00:00+00:00,10.764078174644837,0.0
2024-11-04 06:00:00+00:00,10.764078174644837,0.0
2024-11-04 07:00:00+00:00,10.764078174644837,0.0
2024-11-04 08:00:00+00:00,10.764078174644837,0.0
2024-11-04 09:00:00+00:00,10.764078174644837,0.0
2024-11-04 10:00:00+00:00,10.764078174644837,0.0
2024-11-04 11:00:00+00:00,10.764078174644837,0.0
2024-11-04 12:00:00+00:00,10.764078174644837,0.0
2024-11-04 13:00:00+00:00,10.764078174644837,0.0
2024-11-04 14:00:00+00:00,10.764078174644837,0.0
2024-11-04 15:00:00+00:00,10.764078174644837,0.0
2024-11-04 16:00:00+00:00,10.764078174644837,0.0
2024-11-04 17:00:00+00:00,10.764078174644837,0.0
2024-11-04 18:00:00+00:00,10.764078174644837,0.0
2024-11-04 19:00:00+00:00,10.764078174644837,0.0
2024-11-04 20:00:00+00:00,10.764078174644837,0.0
2024-11-04 21:00:00+00:00,10.764078174644837,0.0
2024-11-04 22:00:00+00:00,10.764078174644837,0.0
2024-11-04 23:00:00+00:00,10.764078174644837,0.0
2024-11-05 00:00:00+00:00,10.250359883543032,458893489.58371884
2024-11-05 01:00:00+00:00,10.250359883543032,0.0
2024-11-05 02:00:00+00:00,10.250359883543032,0.0
2024-11-05 03:00:00+00:00,10.250359883543032,0.0
2024-11-05 04:00:00+00:00,10.250359883543032,0.0
2024-11-05 05:00:00+00:00,10.250359883543032,0.0
2024-11-05 06:00:00+00:00,10.250359883543032,0.0
2024-11-05 07:00:00+00:00,10.250359883543032,0.0
2024-11-05 08:00:00+00:00,10.250359883543032,0.0
2024-11-05 09:00:00+00:00,10.250359883543032,0.0
2024-11-05 10:00:00+00:00,10.250359883543032,0.0
2024-11-05 11:00:00+00:00,10.250359883543032,0.0
2024-11-05 12:00:00+00:00,10.250359883543032,0.0
2024-11-05 13:00:00+00:00,10.250359883543032,0.0
2024-11-05 14:00:00+00:00,10.250359883543032,0.0
2024-11-05 15:00:00+00:00,10.250359883543032,0.0
2024-11-05 16:00:00+00:00,10.250359883543032,0.0
2024-11-05 17:00:00+00:00,10.250359883543032,0.0
2024-11-05 18:00:00+00:00,10.250359883543032,0.0
2024-11-05 19:00:00+00:00,10.250359883543032,0.0
2024-11-05 20:00:00+00:00,10.250359883543032,0.0
2024-11-05 21:00:00+00:00,10.250359883543032,0.0
2024-11-05 22:00:00+00:00,10.250359883543032,0.0
2024-11-05 23:00:00+00:00,10.250359883543032,0.0
2024-11-06 00:00:00+00:00,10.83099397093907,395853326.2913938
2024-11-06 01:00:00+00:00,10.83099397093907,0.0
2024-11-06 02:00:00+00:00,10.83099397093907,0.0
2024-11-06 03:00:00+00:00,10.83099397093907,0.0
2024-11-06 04:00:00+00:00,10.83099397093907,0.0
2024-11-06 05:00:00+00:00,10.83099397093907,0.0
2024-11-06 06:00:00+00:00,10.83099397093907,0.0
2024-11-06 07:00:00+00:00,10.83099397093907,0.0
2024-11-06 08:00:00+00:00,10.83099397093907,0.0
2024-11-06 09:00:00+00:00,10.83099397093907,0.0
2024-11-06 10:00:00+00:00,10.83099397093907,0.0
2024-11-06 11:00:00+00:00,10.83099397093907,0.0
2024-11-06 12:00:00+00:00,10.83099397093907,0.0
2024-11-06 13:00:00+00:00,10.83099397093907,0.0
2024-11-06 14:00:00+00:00,10.83099397093907,0.0
2024-11-06 15:00:00+00:00,10.83099397093907,0.0
2024-11-06 16:00:00+00:00,10.83099397093907,0.0
2024-11-06 17:00:00+00:00,10.83099397093907,0.0
2024-11-06 18:00:00+00:00,10.83099397093907,0.0
2024-11-06 19:00:00+00:00,10.83099397093907,0.0
2024-11-06 20:00:00+00:00,10.83099397093907,0.0
2024-11-06 21:00:00+00:00,10.83099397093907,0.0
2024-11-06 22:00:00+00:00,10.83099397093907,0.0
2024-11-06 23:00:00+00:00,10.83099397093907,0.0
2024-11-07 00:00:00+00:00,12.155657551065481,853694483.1941317
2024-11-07 01:00:00+00:00,12.155657551065481,0.0
2024-11-07 02:00:00+00:00,12.155657551065481,0.0
2024-11-07 03:00:00+00:00,12.155657551065481,0.0
2024-11-07 04:00:00+00:00,12.155657551065481,0.0
2024-11-07 05:00:00+00:00,12.155657551065481,0.0
2024-11-07 06:00:00+00:00,12.155657551065481,0.0
2024-11-07 07:00:00+00:00,12.155657551065481,0.0
2024-11-07 08:00:00+00:00,12.155657551065481,0.0
2024-11-07 09:00:00+00:00,12.155657551065481,0.0
2024-11-07 10:00:00+00:00,12.155657551065481,0.0
2024-11-07 11:00:00+00:00,12.155657551065481,0.0
2024-11-07 12:00:00+00:00,12.155657551065481,0.0
2024-11-07 13:00:00+00:00,12.155657551065481,0.0
2024-11-07 14:00:00+00:00,12.155657551065481,0.0
2024-11-07 15:00:00+00:00,12.155657551065481,0.0
2024-11-07 16:00:00+00:00,12.155657551065481,0.0
2024-11-07 17:00:00+00:00,12.155657551065481,0.0
2024-11-07 18:00:00+00:00,12.155657551065481,0.0
2024-11-07 19:00:00+00:00,12.155657551065481,0.0
2024-11-07 20:00:00+00:00,12.155657551065481,0.0
2024-11-07 21:00:00+00:00,12.155657551065481,0.0
2024-11-07 22:00:00+00:00,12.155657551065481,0.0
2024-11-07 23:00:00+00:00,12.155657551065481,0.0
2024-11-08 00:00:00+00:00,12.60547062524993,658818411.081662
2024-11-08 01:00:00+00:00,12.60547062524993,0.0
2024-11-08 02:00:00+00:00,12.60547062524993,0.0
2024-11-08 03:00:00+00:00,12.60547062524993,0.0
2024-11-08 04:00:00+00:00,12.60547062524993,0.0
2024-11-08 05:00:00+00:00,12.60547062524993,0.0
2024-11-08 06:00:00+00:00,12.60547062524993,0.0
2024-11-08 07:00:00+00:00,12.60547062524993,0.0
2024-11-08 08:00:00+00:00,12.60547062524993,0.0
2024-11-08 09:00:00+00:00,12.60547062524993,0.0
2024-11-08 10:00:00+00:00,12.60547062524993,0.0
2024-11-08 11:00:00+00:00,12.60547062524993,0.0
2024-11-08 12:00:00+00:00,12.60547062524993,0.0
2024-11-08 13:00:00+00:00,12.60547062524993,0.0
2024-11-08 14:00:00+00:00,12.60547062524993,0.0
2024-11-08 15:00:00+00:00,12.60547062524993,0.0
2024-11-08 16:00:00+00:00,12.60547062524993,0.0
2024-11-08 17:00:00+00:00,12.60547062524993,0.0
2024-11-08 18:00:00+00:00,12.60547062524993,0.0
2024-11-08 19:00:00+00:00,12.60547062524993,0.0
2024-11-08 20:00:00+00:00,12.60547062524993,0.0
2024-11-08 21:00:00+00:00,12.60547062524993,0.0
2024-11-08 22:00:00+00:00,12.60547062524993,0.0
2024-11-08 23:00:00+00:00,12.60547062524993,0.0
2024-11-09 00:00:00+00:00,13.734265365755736,910813099.0707632
2024-11-09 01:00:00+00:00,13.734265365755736,0.0
2024-11-09 02:00:00+00:00,13.734265365755736,0.0
2024-11-09 03:00:00+00:00,13.734265365755736,0.0
2024-11-09 04:00:00+00:00,13.734265365755736,0.0
2024-11-09 05:00:00+00:00,13.734265365755736,0.0
2024-11-09 06:00:00+00:00,13.734265365755736,0.0
2024-11-09 07:00:00+00:00,13.734265365755736,0.0
2024-11-09 08:00:00+00:00,13.734265365755736,0.0
2024-11-09 09:00:00+00:00,13.734265365755736,0.0
2024-11-09 10:00:00+00:00,13.734265365755736,0.0
2024-11-09 11:00:00+00:00,13.734265365755736,0.0
2024-11-09 12:00:00+00:00,13.734265365755736,0.0
2024-11-09 13:00:00+00:00,13.734265365755736,0.0
2024-11-09 14:00:00+00:00,13.734265365755736,0.0
2024-11-09 15:00:00+00:00,13.734265365755736,0.0
2024-11-09 16:00:00+00:00,13.734265365755736,0.0
2024-11-09 17:00:00+00:00,13.734265365755736,0.0
2024-11-09 18:00:00+00:00,13.734265365755736,0.0
2024-11-09 19:00:00+00:00,13.734265365755736,0.0
2024-11-09 20:00:00+00:00,13.734265365755736,0.0
2024-11-09 21:00:00+00:00,13.734265365755736,0.0
2024-11-09 22:00:00+00:00,13.734265365755736,0.0
2024-11-09 23:00:00+00:00,13.734265365755736,0.0
2024-11-10 00:00:00+00:00,13.734359518558897,593020036.3621207
2024-11-10 01:00:00+00:00,13.734359518558897,0.0
2024-11-10 02:00:00+00:00,13.734359518558897,0.0
2024-11-10 03:00:00+00:00,13.734359518558897,0.0
2024-11-10 04:00:00+00:00,13.734359518558897,0.0
2024-11-10 05:00:00+00:00,13.734359518558897,0.0
2024-11-10 06:00:00+00:00,13.734359518558897,0.0
2024-11-10 07:00:00+00:00,13.734359518558897,0.0
2024-11-10 08:00:00+00:00,13.734359518558897,0.0
2024-11-10 09:00:00+00:00,13.734359518558897,0.0
2024-11-10 10:00:00+00:00,13.734359518558897,0.0
2024-11-10 11:00:00+00:00,13.734359518558897,0.0
2024-11-10 12:00:00+00:00,13.734359518558897,0.0
2024-11-10 13:00:00+00:00,13.734359518558897,0.0
2024-11-10 14:00:00+00:00,13.734359518558897,0.0
2024-11-10 15:00:00+00:00,13.734359518558897,0.0
2024-11-10 16:00:00+00:00,13.734359518558897,0.0
2024-11-10 17:00:00+00:00,13.734359518558897,0.0
2024-11-10 18:00:00+00:00,13.734359518558897,0.0
2024-11-10 19:00:00+00:00,13.734359518558897,0.0
2024-11-10 20:00:00+00:00,13.734359518558897,0.0
2024-11-10 21:00:00+00:00,13.734359518558897,0.0
2024-11-10 22:00:00+00:00,13.734359518558897,0.0
2024-11-10 23:00:00+00:00,13.734359518558897,0.0
2024-11-11 00:00:00+00:00,14.286252023636477,1259053750.2075183
2024-11-11 01:00:00+00:00,14.286252023636477,0.0
2024-11-11 02:00:00+00:00,14.286252023636477,0.0
2024-11-11 03:00:00+00:00,14.286252023636477,0.0
2024-11-11 04:00:00+00:00,14.286252023636477,0.0
2024-11-11 05:00:00+00:00,14.286252023636477,0.0
2024-11-11 06:00:00+00:00,14.286252023636477,0.0
2024-11-11 07:00:00+00:00,14.286252023636477,0.0
2024-11-11 08:00:00+00:00,14.286252023636477,0.0
2024-11-11 09:00:00+00:00,14.286252023636477,0.0
2024-11-11 10:00:00+00:00,14.286252023636477,0.0
2024-11-11 11:00:00+00:00,14.286252023636477,0.0
2024-11-11 12:00:00+00:00,14.286252023636477,0.0
2024-11-11 13:00:00+00:00,14.286252023636477,0.0
2024-11-11 14:00:00+00:00,14.286252023636477,0.0
2024-11-11 15:00:00+00:00,14.286252023636477,0.0
2024-11-11 16:00:00+00:00,14.286252023636477,0.0
2024-11-11 17:00:00+00:00,14.286252023636477,0.0
2024-11-11 18:00:00+00:00,14.286252023636477,0.0
2024-11-11 19:00:00+00:00,14.286252023636477,0.0
2024-11-11 20:00:00+00:00,14.286252023636477,0.0
2024-11-11 21:00:00+00:00,14.286252023636477,0.0
2024-11-11 22:00:00+00:00,14.286252023636477,0.0
2024-11-11 23:00:00+00:00,14.286252023636477,0.0
2024-11-12 00:00:00+00:00,14.871726148454197,1191038326.0841708
2024-11-12 01:00:00+00:00,14.871726148454197,0.0
2024-11-12 02:00:00+00:00,14.871726148454197,0.0
2024-11-12 03:00:00+00:00,14.871726148454197,0.0
2024-11-12 04:00:00+00:00,14.871726148454197,0.0
2024-11-12 05:00:00+00:00,14.871726148454197,0.0
2024-11-12 06:00:00+00:00,14.871726148454197,0.0
2024-11-12 07:00:00+00:00,14.871726148454197,0.0
2024-11-12 08:00:00+00:00,14.871726148454197,0.0
2024-11-12 09:00:00+00:00,14.871726148454197,0.0
2024-11-12 10:00:00+00:00,14.871726148454197,0.0
2024-11-12 11:00:00+00:00,14.871726148454197,0.0
2024-11-12 12:00:00+00:00,14.871726148454197,0.0
2024-11-12 13:00:00+00:00,14.871726148454197,0.0
2024-11-12 14:00:00+00:00,14.871726148454197,0.0
2024-11-12 15:00:00+00:00,14.871726148454197,0.0
2024-11-12 16:00:00+00:00,14.871726148454197,0.0
2024-11-12 17:00:00+00:00,14.871726148454197,0.0
2024-11-12 18:00:00+00:00,14.871726148454197,0.0
2024-11-12 19:00:00+00:00,14.871726148454197,0.0
2024-11-12 20:00:00+00:00,14.871726148454197,0.0
2024-11-12 21:00:00+00:00,14.871726148454197,0.0
2024-11-12 22:00:00+00:00,14.871726148454197,0.0
2024-11-12 23:00:00+00:00,14.871726148454197,0.0
2024-11-13 00:00:00+00:00,14.066977777275245,1445743835.6735685
2024-11-13 01:00:00+00:00,14.066977777275245,0.0
2024-11-13 02:00:00+00:00,14.066977777275245,0.0
2024-11-13 03:00:00+00:00,14.066977777275245,0.0
2024-11-13 04:00:00+00:00,14.066977777275245,0.0
2024-11-13 05:00:00+00:00,14.066977777275245,0.0
2024-11-13 06:00:00+00:00,14.066977777275245,0.0
2024-11-13 07:00:00+00:00,14.066977777275245,0.0
2024-11-13 08:00:00+00:00,14.066977777275245,0.0
2024-11-13 09:00:00+00:00,14.066977777275245,0.0
2024-11-13 10:00:00+00:00,14.066977777275245,0.0
2024-11-13 11:00:00+00:00,14.066977777275245,0.0
2024-11-13 12:00:00+00:00,14.066977777275245,0.0
2024-11-13 13:00:00+00:00,14.066977777275245,0.0
2024-11-13 14:00:00+00:00,14.066977777275245,0.0
2024-11-13 15:00:00+00:00,14.066977777275245,0.0
2024-11-13 16:00:00+00:00,14.066977777275245,0.0
2024-11-13 17:00:00+00:00,14.066977777275245,0.0
2024-11-13 18:00:00+00:00,14.066977777275245,0.0
2024-11-13 19:00:00+00:00,14.066977777275245,0.0
2024-11-13 20:00:00+00:00,14.066977777275245,0.0
2024-11-13 21:00:00+00:00,14.066977777275245,0.0
2024-11-13 22:00:00+00:00,14.066977777275245,0.0
2024-11-13 23:00:00+00:00,14.066977777275245,0.0
2024-11-14 00:00:00+00:00,13.46073495381475,1192854617.7709634
2024-11-14 01:00:00+00:00,13.46073495381475,0.0
2024-11-14 02:00:00+00:00,13.46073495381475,0.0
2024-11-14 03:00:00+00:00,13.46073495381475,0.0
2024-11-14 04:00:00+00:00,13.46073495381475,0.0
2024-11-14 05:00:00+00:00,13.46073495381475,0.0
2024-11-14 06:00:00+00:00,13.46073495381475,0.0
2024-11-14 07:00:00+00:00,13.46073495381475,0.0
2024-11-14 08:00:00+00:00,13.46073495381475,0.0
2024-11-14 09:00:00+00:00,13.46073495381475,0.0
2024-11-14 10:00:00+00:00,13.46073495381475,0.0
2024-11-14 11:00:00+00:00,13.46073495381475,0.0
2024-11-14 12:00:00+00:00,13.46073495381475,0.0
2024-11-14 13:00:00+00:00,13.46073495381475,0.0
2024-11-14 14:00:00+00:00,13.46073495381475,0.0
2024-11-14 15:00:00+00:00,13.46073495381475,0.0
2024-11-14 16:00:00+00:00,13.46073495381475,0.0
2024-11-14 17:00:00+00:00,13.46073495381475,0.0
2024-11-14 18:00:00+00:00,13.46073495381475,0.0
2024-11-14 19:00:00+00:00,13.46073495381475,0.0
2024-11-14 20:00:00+00:00,13.46073495381475,0.0
2024-11-14 21:00:00+00:00,13.46073495381475,0.0
2024-11-14 22:00:00+00:00,13.46073495381475,0.0
2024-11-14 23:00:00+00:00,13.46073495381475,0.0
2024-11-15 00:00:00+00:00,12.953640865093654,878701964.8861617
2024-11-15 01:00:00+00:00,12.953640865093654,0.0
2024-11-15 02:00:00+00:00,12.953640865093654,0.0
2024-11-15 03:00:00+00:00,12.953640865093654,0.0
2024-11-15 04:00:00+00:00,12.953640865093654,0.0
2024-11-15 05:00:00+00:00,12.953640865093654,0.0
2024-11-15 06:00:00+00:00,12.953640865093654,0.0
2024-11-15 07:00:00+00:00,12.953640865093654,0.0
2024-11-15 08:00:00+00:00,12.953640865093654,0.0
2024-11-15 09:00:00+00:00,12.953640865093654,0.0
2024-11-15 10:00:00+00:00,12.953640865093654,0.0
2024-11-15 11:00:00+00:00,12.953640865093654,0.0
2024-11-15 12:00:00+00:00,12.953640865093654,0.0
2024-11-15 13:00:00+00:00,12.953640865093654,0.0
2024-11-15 14:00:00+00:00,12.953640865093654,0.0
2024-11-15 15:00:00+00:00,12.953640865093654,0.0
2024-11-15 16:00:00+00:00,12.953640865093654,0.0
2024-11-15 17:00:00+00:00,12.953640865093654,0.0
2024-11-15 18:00:00+00:00,12.953640865093654,0.0
2024-11-15 19:00:00+00:00,12.953640865093654,0.0
2024-11-15 20:00:00+00:00,12.953640865093654,0.0
2024-11-15 21:00:00+00:00,12.953640865093654,0.0
2024-11-15 22:00:00+00:00,12.953640865093654,0.0
2024-11-15 23:00:00+00:00,12.953640865093654,0.0
2024-11-16 00:00:00+00:00,13.816647750231462,818168584.6263208
2024-11-16 01:00:00+00:00,13.816647750231462,0.0
2024-11-16 02:00:00+00:00,13.816647750231462,0.0
2024-11-16 03:00:00+00:00,13.816647750231462,0.0
2024-11-16 04:00:00+00:00,13.816647750231462,0.0
2024-11-16 05:00:00+00:00,13.816647750231462,0.0
2024-11-16 06:00:00+00:00,13.816647750231462,0.0
2024-11-16 07:00:00+00:00,13.816647750231462,0.0
2024-11-16 08:00:00+00:00,13.816647750231462,0.0
2024-11-16 09:00:00+00:00,13.816647750231462,0.0
2024-11-16 10:00:00+00:00,13.816647750231462,0.0
2024-11-16 11:00:00+00:00,13.816647750231462,0.0
2024-11-16 12:00:00+00:00,13.816647750231462,0.0
2024-11-16 13:00:00+00:00,13.816647750231462,0.0
2024-11-16 14:00:00+00:00,13.816647750231462,0.0
2024-11-16 15:00:00+00:00,13.816647750231462,0.0
2024-11-16 16:00:00+00:00,13.816647750231462,0.0
2024-11-16 17:00:00+00:00,13.816647750231462,0.0
2024-11-16 18:00:00+00:00,13.816647750231462,0.0
2024-11-16 19:00:00+00:00,13.816647750231462,0.0
2024-11-16 20:00:00+00:00,13.816647750231462,0.0
2024-11-16 21:00:00+00:00,13.816647750231462,0.0
2024-11-16 22:00:00+00:00,13.816647750231462,0.0
2024-11-16 23:00:00+00:00,13.816647750231462,0.0
2024-11-17 00:00:00+00:00,14.52248887444162,999217998.3802971
2024-11-17 01:00:00+00:00,14.52248887444162,0.0
2024-11-17 02:00:00+00:00,14.52248887444162,0.0
2024-11-17 03:00:00+00:00,14.52248887444162,0.0
2024-11-17 04:00:00+00:00,14.52248887444162,0.0
2024-11-17 05:00:00+00:00,14.52248887444162,0.0
2024-11-17 06:00:00+00:00,14.52248887444162,0.0
2024-11-17 07:00:00+00:00,14.52248887444162,0.0
2024-11-17 08:00:00+00:00,14.52248887444162,0.0
2024-11-17 09:00:00+00:00,14.52248887444162,0.0
2024-11-17 10:00:00+00:00,14.52248887444162,0.0
2024-11-17 11:00:00+00:00,14.52248887444162,0.0
2024-11-17 12:00:00+00:00,14.52248887444162,0.0
2024-11-17 13:00:00+00:00,14.52248887444162,0.0
2024-11-17 14:00:00+00:00,14.52248887444162,0.0
2024-11-17 15:00:00+00:00,14.52248887444162,0.0
2024-11-17 16:00:00+00:00,14.52248887444162,0.0
2024-11-17 17:00:00+00:00,14.52248887444162,0.0
2024-11-17 18:00:00+00:00,14.52248887444162,0.0
2024-11-17 19:00:00+00:00,14.52248887444162,0.0
2024-11-17 20:00:00+00:00,14.52248887444162,0.0
2024-11-17 21:00:00+00:00,14.52248887444162,0.0
2024-11-17 22:00:00+00:00,14.52248887444162,0.0
2024-11-17 23:00:00+00:00,14.52248887444162,0.0
2024-11-18 00:00:00+00:00,13.762374671764972,822037676.6543617
2024-11-18 01:00:00+00:00,13.762374671764972,0.0
2024-11-18 02:00:00+00:00,13.762374671764972,0.0
2024-11-18 03:00:00+00:00,13.762374671764972,0.0
2024-11-18 04:00:00+00:00,13.762374671764972,0.0
2024-11-18 05:00:00+00:00,13.762374671764972,0.0
2024-11-18 06:00:00+00:00,13.762374671764972,0.0
2024-11-18 07:00:00+00:00,13.762374671764972,0.0
2024-11-18 08:00:00+00:00,13.762374671764972,0.0
2024-11-18 09:00:00+00:00,13.762374671764972,0.0
2024-11-18 10:00:00+00:00,13.762374671764972,0.0
2024-11-18 11:00:00+00:00,13.762374671764972,0.0
2024-11-18 12:00:00+00:00,13.762374671764972,0.0
2024-11-18 13:00:00+00:00,13.762374671764972,0.0
2024-11-18 14:00:00+00:00,13.762374671764972,0.0
2024-11-18 15:00:00+00:00,13.762374671764972,0.0
2024-11-18 16:00:00+00:00,13.762374671764972,0.0
2024-11-18 17:00:00+00:00,13.762374671764972,0.0
2024-11-18 18:00:00+00:00,13.762374671764972,0.0
2024-11-18 19:00:00+00:00,13.762374671764972,0.0
2024-11-18 20:00:00+00:00,13.762374671764972,0.0
2024-11-18 21:00:00+00:00,13.762374671764972,0.0
2024-11-18 22:00:00+00:00,13.762374671764972,0.0
2024-11-18 23:00:00+00:00,13.762374671764972,0.0
2024-11-19 00:00:00+00:00,15.198935764106407,1266647839.0957053
2024-11-19 01:00:00+00:00,15.198935764106407,0.0
2024-11-19 02:00:00+00:00,15.198935764106407,0.0
2024-11-19 03:00:00+00:00,15.198935764106407,0.0
2024-11-19 04:00:00+00:00,15.198935764106407,0.0
2024-11-19 05:00:00+00:00,15.198935764106407,0.0
2024-11-19 06:00:00+00:00,15.198935764106407,0.0
2024-11-19 07:00:00+00:00,15.198935764106407,0.0
2024-11-19 08:00:00+00:00,15.198935764106407,0.0
2024-11-19 09:00:00+00:00,15.198935764106407,0.0
2024-11-19 10:00:00+00:00,15.198935764106407,0.0
2024-11-19 11:00:00+00:00,15.198935764106407,0.0
2024-11-19 12:00:00+00:00,15.198935764106407,0.0
2024-11-19 13:00:00+00:00,15.198935764106407,0.0
2024-11-19 14:00:00+00:00,15.198935764106407,0.0
2024-11-19 15:00:00+00:00,15.198935764106407,0.0
2024-11-19 16:00:00+00:00,15.198935764106407,0.0
2024-11-19 17:00:00+00:00,15.198935764106407,0.0
2024-11-19 18:00:00+00:00,15.198935764106407,0.0
2024-11-19 19:00:00+00:00,15.198935764106407,0.0
2024-11-19 20:00:00+00:00,15.198935764106407,0.0
2024-11-19 21:00:00+00:00,15.198935764106407,0.0
2024-11-19 22:00:00+00:00,15.198935764106407,0.0
2024-11-19 23:00:00+00:00,15.198935764106407,0.0
2024-11-20 00:00:00+00:00,14.659244613461984,831659823.0335064
2024-11-20 01:00:00+00:00,14.659244613461984,0.0
2024-11-20 02:00:00+00:00,14.659244613461984,0.0
2024-11-20 03:00:00+00:00,14.659244613461984,0.0
2024-11-20 04:00:00+00:00,14.659244613461984,0.0
2024-11-20 05:00:00+00:00,14.659244613461984,0.0
2024-11-20 06:00:00+00:00,14.659244613461984,0.0
2024-11-20 07:00:00+00:00,14.659244613461984,0.0
2024-11-20 08:00:00+00:00,14.659244613461984,0.0
2024-11-20 09:00:00+00:00,14.659244613461984,0.0
2024-11-20 10:00:00+00:00,14.659244613461984,0.0
2024-11-20 11:00:00+00:00,14.659244613461984,0.0
2024-11-20 12:00:00+00:00,14.659244613461984,0.0
2024-11-20 13:00:00+00:00,14.659244613461984,0.0
2024-11-20 14:00:00+00:00,14.659244613461984,0.0
2024-11-20 15:00:00+00:00,14.659244613461984,0.0
2024-11-20 16:00:00+00:00,14.659244613461984,0.0
2024-11-20 17:00:00+00:00,14.659244613461984,0.0
2024-11-20 18:00:00+00:00,14.659244613461984,0.0
2024-11-20 19:00:00+00:00,14.659244613461984,0.0
2024-11-20 20:00:00+00:00,14.659244613461984,0.0
2024-11-20 21:00:00+00:00,14.659244613461984,0.0
2024-11-20 22:00:00+00:00,14.659244613461984,0.0
2024-11-20 23:00:00+00:00,14.659244613461984,0.0
2024-11-21 00:00:00+00:00,14.28873214121168,992727690.0587865
2024-11-21 01:00:00+00:00,14.28873214121168,0.0
2024-11-21 02:00:00+00:00,14.28873214121168,0.0
2024-11-21 03:00:00+00:00,14.28873214121168,0.0
2024-11-21 04:00:00+00:00,14.28873214121168,0.0
2024-11-21 05:00:00+00:00,14.28873214121168,0.0
2024-11-21 06:00:00+00:00,14.28873214121168,0.0
2024-11-21 07:00:00+00:00,14.28873214121168,0.0
2024-11-21 08:00:00+00:00,14.28873214121168,0.0
2024-11-21 09:00:00+00:00,14.28873214121168,0.0
2024-11-21 10:00:00+00:00,14.28873214121168,0.0
2024-11-21 11:00:00+00:00,14.28873214121168,0.0
2024-11-21 12:00:00+00:00,14.28873214121168,0.0
2024-11-21 13:00:00+00:00,14.28873214121168,0.0
2024-11-21 14:00:00+00:00,14.28873214121168,0.0
2024-11-21 15:00:00+00:00,14.28873214121168,0.0
2024-11-21 16:00:00+00:00,14.28873214121168,0.0
2024-11-21 17:00:00+00:00,14.28873214121168,0.0
2024-11-21 18:00:00+00:00,14.28873214121168,0.0
2024-11-21 19:00:00+00:00,14.28873214121168,0.0
2024-11-21 20:00:00+00:00,14.28873214121168,0.0
2024-11-21 21:00:00+00:00,14.28873214121168,0.0
2024-11-21 22:00:00+00:00,14.28873214121168,0.0
2024-11-21 23:00:00+00:00,14.28873214121168,0.0
2024-11-22 00:00:00+00:00,14.92957372288328,1091712743.7407756
2024-11-22 01:00:00+00:00,14.92957372288328,0.0
2024-11-22 02:00:00+00:00,14.92957372288328,0.0
2024-11-22 03:00:00+00:00,14.92957372288328,0.0
2024-11-22 04:00:00+00:00,14.92957372288328,0.0
2024-11-22 05:00:00+00:00,14.92957372288328,0.0
2024-11-22 06:00:00+00:00,14.92957372288328,0.0
2024-11-22 07:00:00+00:00,14.92957372288328,0.0
2024-11-22 08:00:00+00:00,14.92957372288328,0.0
2024-11-22 09:00:00+00:00,14.92957372288328,0.0
2024-11-22 10:00:00+00:00,14.92957372288328,0.0
2024-11-22 11:00:00+00:00,14.92957372288328,0.0
2024-11-22 12:00:00+00:00,14.92957372288328,0.0
2024-11-22 13:00:00+00:00,14.92957372288328,0.0
2024-11-22 14:00:00+00:00,14.92957372288328,0.0
2024-11-22 15:00:00+00:00,14.92957372288328,0.0
2024-11-22 16:00:00+00:00,14.92957372288328,0.0
2024-11-22 17:00:00+00:00,14.92957372288328,0.0
2024-11-22 18:00:00+00:00,14.92957372288328,0.0
2024-11-22 19:00:00+00:00,14.92957372288328,0.0
2024-11-22 20:00:00+00:00,14.92957372288328,0.0
2024-11-22 21:00:00+00:00,14.92957372288328,0.0
2024-11-22 22:00:00+00:00,14.92957372288328,0.0
2024-11-22 23:00:00+00:00,14.92957372288328,0.0
2024-11-23 00:00:00+00:00,16.497521731642323,1799175581.7735133
2024-11-23 01:00:00+00:00,16.497521731642323,0.0
2024-11-23 02:00:00+00:00,16.497521731642323,0.0
2024-11-23 03:00:00+00:00,16.497521731642323,0.0
2024-11-23 04:00:00+00:00,16.497521731642323,0.0
2024-11-23 05:00:00+00:00,16.497521731642323,0.0
2024-11-23 06:00:00+00:00,16.497521731642323,0.0
2024-11-23 07:00:00+00:00,16.497521731642323,0.0
2024-11-23 08:00:00+00:00,16.497521731642323,0.0
2024-11-23 09:00:00+00:00,16.497521731642323,0.0
2024-11-23 10:00:00+00:00,16.497521731642323,0.0
2024-11-23 11:00:00+00:00,16.497521731642323,0.0
2024-11-23 12:00:00+00:00,16.497521731642323,0.0
2024-11-23 13:00:00+00:00,16.497521731642323,0.0
2024-11-23 14:00:00+00:00,16.497521731642323,0.0
2024-11-23 15:00:00+00:00,16.497521731642323,0.0
2024-11-23 16:00:00+00:00,16.497521731642323,0.0
2024-11-23 17:00:00+00:00,16.497521731642323,0.0
2024-11-23 18:00:00+00:00,16.497521731642323,0.0
2024-11-23 19:00:00+00:00,16.497521731642323,0.0
2024-11-23 20:00:00+00:00,16.497521731642323,0.0
2024-11-23 21:00:00+00:00,16.497521731642323,0.0
2024-11-23 22:00:00+00:00,16.497521731642323,0.0
2024-11-23 23:00:00+00:00,16.497521731642323,0.0
2024-11-24 00:00:00+00:00,17.38465355723506,2147403123.4926438
2024-11-24 01:00:00+00:00,17.38465355723506,0.0
2024-11-24 02:00:00+00:00,17.38465355723506,0.0
2024-11-24 03:00:00+00:00,17.38465355723506,0.0
2024-11-24 04:00:00+00:00,17.38465355723506,0.0
2024-11-24 05:00:00+00:00,17.38465355723506,0.0
2024-11-24 06:00:00+00:00,17.38465355723506,0.0
2024-11-24 07:00:00+00:00,17.38465355723506,0.0
2024-11-24 08:00:00+00:00,17.38465355723506,0.0
2024-11-24 09:00:00+00:00,17.38465355723506,0.0
2024-11-24 10:00:00+00:00,17.38465355723506,0.0
2024-11-24 11:00:00+00:00,17.38465355723506,0.0
2024-11-24 12:00:00+00:00,17.38465355723506,0.0
2024-11-24 13:00:00+00:00,17.38465355723506,0.0
2024-11-24 14:00:00+00:00,17.38465355723506,0.0
2024-11-24 15:00:00+00:00,17.38465355723506,0.0
2024-11-24 16:00:00+00:00,17.38465355723506,0.0
2024-11-24 17:00:00+00:00,17.38465355723506,0.0
2024-11-24 18:00:00+00:00,17.38465355723506,0.0
2024-11-24 19:00:00+00:00,17.38465355723506,0.0
2024-11-24 20:00:00+00:00,17.38465355723506,0.0
2024-11-24 21:00:00+00:00,17.38465355723506,0.0
2024-11-24 22:00:00+00:00,17.38465355723506,0.0
2024-11-24 23:00:00+00:00,17.38465355723506,0.0
2024-11-25 00:00:00+00:00,17.999392968374373,1720803013.8446205
2024-11-25 01:00:00+00:00,17.999392968374373,0.0
2024-11-25 02:00:00+00:00,17.999392968374373,0.0
2024-11-25 03:00:00+00:00,17.999392968374373,0.0
2024-11-25 04:00:00+00:00,17.999392968374373,0.0
2024-11-25 05:00:00+00:00,17.999392968374373,0.0
2024-11-25 06:00:00+00:00,17.999392968374373,0.0
2024-11-25 07:00:00+00:00,17.999392968374373,0.0
2024-11-25 08:00:00+00:00,17.999392968374373,0.0
2024-11-25 09:00:00+00:00,17.999392968374373,0.0
2024-11-25 10:00:00+00:00,17.999392968374373,0.0
2024-11-25 11:00:00+00:00,17.999392968374373,0.0
2024-11-25 12:00:00+00:00,17.999392968374373,0.0
2024-11-25 13:00:00+00:00,17.999392968374373,0.0
2024-11-25 14:00:00+00:00,17.999392968374373,0.0
2024-11-25 15:00:00+00:00,17.999392968374373,0.0
2024-11-25 16:00:00+00:00,17.999392968374373,0.0
2024-11-25 17:00:00+00:00,17.999392968374373,0.0
2024-11-25 18:00:00+00:00,17.999392968374373,0.0
2024-11-25 19:00:00+00:00,17.999392968374373,0.0
2024-11-25 20:00:00+00:00,17.999392968374373,0.0
2024-11-25 21:00:00+00:00,17.999392968374373,0.0
2024-11-25 22:00:00+00:00,17.999392968374373,0.0
2024-11-25 23:00:00+00:00,17.999392968374373,0.0
2024-11-26 00:00:00+00:00,17.40538710536907,1938106881.6318405
2024-11-26 01:00:00+00:00,17.40538710536907,0.0
2024-11-26 02:00:00+00:00,17.40538710536907,0.0
2024-11-26 03:00:00+00:00,17.40538710536907,0.0
2024-11-26 04:00:00+00:00,17.40538710536907,0.0
2024-11-26 05:00:00+00:00,17.40538710536907,0.0
2024-11-26 06:00:00+00:00,17.40538710536907,0.0
2024-11-26 07:00:00+00:00,17.40538710536907,0.0
2024-11-26 08:00:00+00:00,17.40538710536907,0.0
2024-11-26 09:00:00+00:00,17.40538710536907,0.0
2024-11-26 10:00:00+00:00,17.40538710536907,0.0
2024-11-26 11:00:00+00:00,17.40538710536907,0.0
2024-11-26 12:00:00+00:00,17.40538710536907,0.0
2024-11-26 13:00:00+00:00,17.40538710536907,0.0
2024-11-26 14:00:00+00:00,17.40538710536907,0.0
2024-11-26 15:00:00+00:00,17.40538710536907,0.0
2024-11-26 16:00:00+00:00,17.40538710536907,0.0
2024-11-26 17:00:00+00:00,17.40538710536907,0.0
2024-11-26 18:00:00+00:00,17.40538710536907,0.0
2024-11-26 19:00:00+00:00,17.40538710536907,0.0
2024-11-26 20:00:00+00:00,17.40538710536907,0.0
2024-11-26 21:00:00+00:00,17.40538710536907,0.0
2024-11-26 22:00:00+00:00,17.40538710536907,0.0
2024-11-26 23:00:00+00:00,17.40538710536907,0.0
2024-11-27 00:00:00+00:00,17.301010556831912,1328097228.0429657
2024-11-27 01:00:00+00:00,17.301010556831912,0.0
2024-11-27 02:00:00+00:00,17.301010556831912,0.0
2024-11-27 03:00:00+00:00,17.301010556831912,0.0
2024-11-27 04:00:00+00:00,17.301010556831912,0.0
2024-11-27 05:00:00+00:00,17.301010556831912,0.0
2024-11-27 06:00:00+00:00,17.301010556831912,0.0
2024-11-27 07:00:00+00:00,17.301010556831912,0.0
2024-11-27 08:00:00+00:00,17.301010556831912,0.0
2024-11-27 09:00:00+00:00,17.301010556831912,0.0
2024-11-27 10:00:00+00:00,17.301010556831912,0.0
2024-11-27 11:00:00+00:00,17.301010556831912,0.0
2024-11-27 12:00:00+00:00,17.301010556831912,0.0
2024-11-27 13:00:00+00:00,17.301010556831912,0.0
2024-11-27 14:00:00+00:00,17.301010556831912,0.0
2024-11-27 15:00:00+00:00,17.301010556831912,0.0
2024-11-27 16:00:00+00:00,17.301010556831912,0.0
2024-11-27 17:00:00+00:00,17.301010556831912,0.0
2024-11-27 18:00:00+00:00,17.301010556831912,0.0
2024-11-27 19:00:00+00:00,17.301010556831912,0.0
2024-11-27 20:00:00+00:00,17.301010556831912,0.0
2024-11-27 21:00:00+00:00,17.301010556831912,0.0
2024-11-27 22:00:00+00:00,17.301010556831912,0.0
2024-11-27 23:00:00+00:00,17.301010556831912,0.0
2024-11-28 00:00:00+00:00,18.68841628156209,1404036275.2537165
2024-11-28 01:00:00+00:00,18.68841628156209,0.0
2024-11-28 02:00:00+00:00,18.68841628156209,0.0
2024-11-28 03:00:00+00:00,18.68841628156209,0.0
2024-11-28 04:00:00+00:00,18.68841628156209,0.0
2024-11-28 05:00:00+00:00,18.68841628156209,0.0
2024-11-28 06:00:00+00:00,18.68841628156209,0.0
2024-11-28 07:00:00+00:00,18.68841628156209,0.0
2024-11-28 08:00:00+00:00,18.68841628156209,0.0
2024-11-28 09:00:00+00:00,18.68841628156209,0.0
2024-11-28 10:00:00+00:00,18.68841628156209,0.0
2024-11-28 11:00:00+00:00,18.68841628156209,0.0
2024-11-28 12:00:00+00:00,18.68841628156209,0.0
2024-11-28 13:00:00+00:00,18.68841628156209,0.0
2024-11-28 14:00:00+00:00,18.68841628156209,0.0
2024-11-28 15:00:00+00:00,18.68841628156209,0.0
2024-11-28 16:00:00+00:00,18.68841628156209,0.0
2024-11-28 17:00:00+00:00,18.68841628156209,0.0
2024-11-28 18:00:00+00:00,18.68841628156209,0.0
2024-11-28 19:00:00+00:00,18.68841628156209,0.0
2024-11-28 20:00:00+00:00,18.68841628156209,0.0
2024-11-28 21:00:00+00:00,18.68841628156209,0.0
2024-11-28 22:00:00+00:00,18.68841628156209,0.0
2024-11-28 23:00:00+00:00,18.68841628156209,0.0
2024-11-29 00:00:00+00:00,17.966291930915993,971343481.7218504
2024-11-29 01:00:00+00:00,17.966291930915993,0.0
2024-11-29 02:00:00+00:00,17.966291930915993,0.0
2024-11-29 03:00:00+00:00,17.966291930915993,0.0
2024-11-29 04:00:00+00:00,17.966291930915993,0.0
2024-11-29 05:00:00+00:00,17.966291930915993,0.0
2024-11-29 06:00:00+00:00,17.966291930915993,0.0
2024-11-29 07:00:00+00:00,17.966291930915993,0.0
2024-11-29 08:00:00+00:00,17.966291930915993,0.0
2024-11-29 09:00:00+00:00,17.966291930915993,0.0
2024-11-29 10:00:00+00:00,17.966291930915993,0.0
2024-11-29 11:00:00+00:00,17.966291930915993,0.0
2024-11-29 12:00:00+00:00,17.966291930915993,0.0
2024-11-29 13:00:00+00:00,17.966291930915993,0.0
2024-11-29 14:00:00+00:00,17.966291930915993,0.0
2024-11-29 15:00:00+00:00,17.966291930915993,0.0
2024-11-29 16:00:00+00:00,17.966291930915993,0.0
2024-11-29 17:00:00+00:00,17.966291930915993,0.0
2024-11-29 18:00:00+00:00,17.966291930915993,0.0
2024-11-29 19:00:00+00:00,17.966291930915993,0.0
2024-11-29 20:00:00+00:00,17.966291930915993,0.0
2024-11-29 21:00:00+00:00,17.966291930915993,0.0
2024-11-29 22:00:00+00:00,17.966291930915993,0.0
2024-11-29 23:00:00+00:00,17.966291930915993,0.0
2024-11-30 00:00:00+00:00,18.314884538081003,801665104.5143837
2024-11-30 01:00:00+00:00,18.314884538081003,0.0
2024-11-30 02:00:00+00:00,18.314884538081003,0.0
2024-11-30 03:00:00+00:00,18.314884538081003,0.0
2024-11-30 04:00:00+00:00,18.314884538081003,0.0
2024-11-30 05:00:00+00:00,18.314884538081003,0.0
2024-11-30 06:00:00+00:00,18.314884538081003,0.0
2024-11-30 07:00:00+00:00,18.314884538081003,0.0
2024-11-30 08:00:00+00:00,18.314884538081003,0.0
2024-11-30 09:00:00+00:00,18.314884538081003,0.0
2024-11-30 10:00:00+00:00,18.314884538081003,0.0
2024-11-30 11:00:00+00:00,18.314884538081003,0.0
2024-11-30 12:00:00+00:00,18.314884538081003,0.0
2024-11-30 13:00:00+00:00,18.314884538081003,0.0
2024-11-30 14:00:00+00:00,18.314884538081003,0.0
2024-11-30 15:00:00+00:00,18.314884538081003,0.0
2024-11-30 16:00:00+00:00,18.314884538081003,0.0
2024-11-30 17:00:00+00:00,18.314884538081003,0.0
2024-11-30 18:00:00+00:00,18.314884538081003,0.0
2024-11-30 19:00:00+00:00,18.314884538081003,0.0
2024-11-30 20:00:00+00:00,18.314884538081003,0.0
2024-11-30 21:00:00+00:00,18.314884538081003,0.0
2024-11-30 22:00:00+00:00,18.314884538081003,0.0
2024-11-30 23:00:00+00:00,18.314884538081003,0.0
2024-12-01 00:00:00+00:00,19.066451952393777,1086027249.8046203
2024-12-01 01:00:00+00:00,19.066451952393777,0.0
2024-12-01 02:00:00+00:00,19.066451952393777,0.0
2024-12-01 03:00:00+00:00,19.066451952393777,0.0
2024-12-01 04:00:00+00:00,19.066451952393777,0.0
2024-12-01 05:00:00+00:00,19.066451952393777,0.0
2024-12-01 06:00:00+00:00,19.066451952393777,0.0
2024-12-01 07:00:00+00:00,19.066451952393777,0.0
2024-12-01 08:00:00+00:00,19.066451952393777,0.0
2024-12-01 09:00:00+00:00,19.066451952393777,0.0
2024-12-01 10:00:00+00:00,19.066451952393777,0.0
2024-12-01 11:00:00+00:00,19.066451952393777,0.0
2024-12-01 12:00:00+00:00,19.066451952393777,0.0
2024-12-01 13:00:00+00:00,19.066451952393777,0.0
2024-12-01 14:00:00+00:00,19.066451952393777,0.0
2024-12-01 15:00:00+00:00,19.066451952393777,0.0
2024-12-01 16:00:00+00:00,19.066451952393777,0.0
2024-12-01 17:00:00+00:00,19.066451952393777,0.0
2024-12-01 18:00:00+00:00,19.066451952393777,0.0
2024-12-01 19:00:00+00:00,19.066451952393777,0.0
2024-12-01 20:00:00+00:00,19.066451952393777,0.0
2024-12-01 21:00:00+00:00,19.066451952393777,0.0
2024-12-01 22:00:00+00:00,19.066451952393777,0.0
2024-12-01 23:00:00+00:00,19.066451952393777,0.0
2024-12-02 00:00:00+00:00,18.905071536864135,926485236.1068816
2024-12-02 01:00:00+00:00,18.905071536864135,0.0
2024-12-02 02:00:00+00:00,18.905071536864135,0.0
2024-12-02 03:00:00+00:00,18.905071536864135,0.0
2024-12-02 04:00:00+00:00,18.905071536864135,0.0
2024-12-02 05:00:00+00:00,18.905071536864135,0.0
2024-12-02 06:00:00+00:00,18.905071536864135,0.0
2024-12-02 07:00:00+00:00,18.905071536864135,0.0
2024-12-02 08:00:00+00:00,18.905071536864135,0.0
2024-12-02 09:00:00+00:00,18.905071536864135,0.0
2024-12-02 10:00:00+00:00,18.905071536864135,0.0
2024-12-02 11:00:00+00:00,18.905071536864135,0.0
2024-12-02 12:00:00+00:00,18.905071536864135,0.0
2024-12-02 13:00:00+00:00,18.905071536864135,0.0
2024-12-02 14:00:00+00:00,18.905071536864135,0.0
2024-12-02 15:00:00+00:00,18.905071536864135,0.0
2024-12-02 16:00:00+00:00,18.905071536864135,0.0
2024-12-02 17:00:00+00:00,18.905071536864135,0.0
2024-12-02 18:00:00+00:00,18.905071536864135,0.0
2024-12-02 19:00:00+00:00,18.905071536864135,0.0
2024-12-02 20:00:00+00:00,18.905071536864135,0.0
2024-12-02 21:00:00+00:00,18.905071536864135,0.0
2024-12-02 22:00:00+00:00,18.905071536864135,0.0
2024-12-02 23:00:00+00:00,18.905071536864135,0.0
2024-12-03 00:00:00+00:00,24.990546025953066,12159425922.850971
2024-12-03 01:00:00+00:00,24.990546025953066,0.0
2024-12-03 02:00:00+00:00,24.990546025953066,0.0
2024-12-03 03:00:00+00:00,24.990546025953066,0.0
2024-12-03 04:00:00+00:00,24.990546025953066,0.0
2024-12-03 05:00:00+00:00,24.990546025953066,0.0
2024-12-03 06:00:00+00:00,24.990546025953066,0.0
2024-12-03 07:00:00+00:00,24.990546025953066,0.0
2024-12-03 08:00:00+00:00,24.990546025953066,0.0
2024-12-03 09:00:00+00:00,24.990546025953066,0.0
2024-12-03 10:00:00+00:00,24.990546025953066,0.0
2024-12-03 11:00:00+00:00,24.990546025953066,0.0
2024-12-03 12:00:00+00:00,24.990546025953066,0.0
2024-12-03 13:00:00+00:00,24.990546025953066,0.0
2024-12-03 14:00:00+00:00,24.990546025953066,0.0
2024-12-03 15:00:00+00:00,24.990546025953066,0.0
2024-12-03 16:00:00+00:00,24.990546025953066,0.0
2024-12-03 17:00:00+00:00,24.990546025953066,0.0
2024-12-03 18:00:00+00:00,24.990546025953066,0.0
2024-12-03 19:00:00+00:00,24.990546025953066,0.0
2024-12-03 20:00:00+00:00,24.990546025953066,0.0
2024-12-03 21:00:00+00:00,24.990546025953066,0.0
2024-12-03 22:00:00+00:00,24.990546025953066,0.0
2024-12-03 23:00:00+00:00,24.990546025953066,0.0
2024-12-04 00:00:00+00:00,24.278700273622007,4922110743.860059
2024-12-04 01:00:00+00:00,24.278700273622007,0.0
2024-12-04 02:00:00+00:00,24.278700273622007,0.0
2024-12-04 03:00:00+00:00,24.278700273622007,0.0
2024-12-04 04:00:00+00:00,24.278700273622007,0.0
2024-12-04 05:00:00+00:00,24.278700273622007,0.0
2024-12-04 06:00:00+00:00,24.278700273622007,0.0
2024-12-04 07:00:00+00:00,24.278700273622007,0.0
2024-12-04 08:00:00+00:00,24.278700273622007,0.0
2024-12-04 09:00:00+00:00,24.278700273622007,0.0
2024-12-04 10:00:00+00:00,24.278700273622007,0.0
2024-12-04 11:00:00+00:00,24.278700273622007,0.0
2024-12-04 12:00:00+00:00,24.278700273622007,0.0
2024-12-04 13:00:00+00:00,24.278700273622007,0.0
2024-12-04 14:00:00+00:00,24.278700273622007,0.0
2024-12-04 15:00:00+00:00,24.278700273622007,0.0
2024-12-04 16:00:00+00:00,24.278700273622007,0.0
2024-12-04 17:00:00+00:00,24.278700273622007,0.0
2024-12-04 18:00:00+00:00,24.278700273622007,0.0
2024-12-04 19:00:00+00:00,24.278700273622007,0.0
2024-12-04 20:00:00+00:00,24.278700273622007,0.0
2024-12-04 21:00:00+00:00,24.278700273622007,0.0
2024-12-04 22:00:00+00:00,24.278700273622007,0.0
2024-12-04 23:00:00+00:00,24.278700273622007,0.0
2024-12-05 00:00:00+00:00,24.053350368316433,3485126157.1845365
2024-12-05 01:00:00+00:00,24.053350368316433,0.0
2024-12-05 02:00:00+00:00,24.053350368316433,0.0
2024-12-05 03:00:00+00:00,24.053350368316433,0.0
2024-12-05 04:00:00+00:00,24.053350368316433,0.0
2024-12-05 05:00:00+00:00,24.053350368316433,0.0
2024-12-05 06:00:00+00:00,24.053350368316433,0.0
2024-12-05 07:00:00+00:00,24.053350368316433,0.0
2024-12-05 08:00:00+00:00,24.053350368316433,0.0
2024-12-05 09:00:00+00:00,24.053350368316433,0.0
2024-12-05 10:00:00+00:00,24.053350368316433,0.0
2024-12-05 11:00:00+00:00,24.053350368316433,0.0
2024-12-05 12:00:00+00:00,24.053350368316433,0.0
2024-12-05 13:00:00+00:00,24.053350368316433,0.0
2024-12-05 14:00:00+00:00,24.053350368316433,0.0
2024-12-05 15:00:00+00:00,24.053350368316433,0.0
2024-12-05 16:00:00+00:00,24.053350368316433,0.0
2024-12-05 17:00:00+00:00,24.053350368316433,0.0
2024-12-05 18:00:00+00:00,24.053350368316433,0.0
2024-12-05 19:00:00+00:00,24.053350368316433,0.0
2024-12-05 20:00:00+00:00,24.053350368316433,0.0
2024-12-05 21:00:00+00:00,24.053350368316433,0.0
2024-12-05 22:00:00+00:00,24.053350368316433,0.0
2024-12-05 23:00:00+00:00,24.053350368316433,0.0
2024-12-06 00:00:00+00:00,23.26535260161701,2440261734.8473496
2024-12-06 01:00:00+00:00,23.26535260161701,0.0
2024-12-06 02:00:00+00:00,23.26535260161701,0.0
2024-12-06 03:00:00+00:00,23.26535260161701,0.0
2024-12-06 04:00:00+00:00,23.26535260161701,0.0
2024-12-06 05:00:00+00:00,23.26535260161701,0.0
2024-12-06 06:00:00+00:00,23.26535260161701,0.0
2024-12-06 07:00:00+00:00,23.26535260161701,0.0
2024-12-06 08:00:00+00:00,23.26535260161701,0.0
2024-12-06 09:00:00+00:00,23.26535260161701,0.0
2024-12-06 10:00:00+00:00,23.26535260161701,0.0
2024-12-06 11:00:00+00:00,23.26535260161701,0.0
2024-12-06 12:00:00+00:00,23.26535260161701,0.0
2024-12-06 13:00:00+00:00,23.26535260161701,0.0
2024-12-06 14:00:00+00:00,23.26535260161701,0.0
2024-12-06 15:00:00+00:00,23.26535260161701,0.0
2024-12-06 16:00:00+00:00,23.26535260161701,0.0
2024-12-06 17:00:00+00:00,23.26535260161701,0.0
2024-12-06 18:00:00+00:00,23.26535260161701,0.0
2024-12-06 19:00:00+00:00,23.26535260161701,0.0
2024-12-06 20:00:00+00:00,23.26535260161701,0.0
2024-12-06 21:00:00+00:00,23.26535260161701,0.0
2024-12-06 22:00:00+00:00,23.26535260161701,0.0
2024-12-06 23:00:00+00:00,23.26535260161701,0.0
2024-12-07 00:00:00+00:00,25.816077858137163,2158426494.0245585
2024-12-07 01:00:00+00:00,25.816077858137163,0.0
2024-12-07 02:00:00+00:00,25.816077858137163,0.0
2024-12-07 03:00:00+00:00,25.816077858137163,0.0
2024-12-07 04:00:00+00:00,25.816077858137163,0.0
2024-12-07 05:00:00+00:00,25.816077858137163,0.0
2024-12-07 06:00:00+00:00,25.816077858137163,0.0
2024-12-07 07:00:00+00:00,25.816077858137163,0.0
2024-12-07 08:00:00+00:00,25.816077858137163,0.0
2024-12-07 09:00:00+00:00,25.816077858137163,0.0
2024-12-07 10:00:00+00:00,25.816077858137163,0.0
2024-12-07 11:00:00+00:00,25.816077858137163,0.0
2024-12-07 12:00:00+00:00,25.816077858137163,0.0
2024-12-07 13:00:00+00:00,25.816077858137163,0.0
2024-12-07 14:00:00+00:00,25.816077858137163,0.0
2024-12-07 15:00:00+00:00,25.816077858137163,0.0
2024-12-07 16:00:00+00:00,25.816077858137163,0.0
2024-12-07 17:00:00+00:00,25.816077858137163,0.0
2024-12-07 18:00:00+00:00,25.816077858137163,0.0
2024-12-07 19:00:00+00:00,25.816077858137163,0.0
2024-12-07 20:00:00+00:00,25.816077858137163,0.0
2024-12-07 21:00:00+00:00,25.816077858137163,0.0
2024-12-07 22:00:00+00:00,25.816077858137163,0.0
2024-12-07 23:00:00+00:00,25.816077858137163,0.0
2024-12-08 00:00:00+00:00,24.802040868628023,1723190438.5418847
2024-12-08 01:00:00+00:00,24.802040868628023,0.0
2024-12-08 02:00:00+00:00,24.802040868628023,0.0
2024-12-08 03:00:00+00:00,24.802040868628023,0.0
2024-12-08 04:00:00+00:00,24.802040868628023,0.0
2024-12-08 05:00:00+00:00,24.802040868628023,0.0
2024-12-08 06:00:00+00:00,24.802040868628023,0.0
2024-12-08 07:00:00+00:00,24.802040868628023,0.0
2024-12-08 08:00:00+00:00,24.802040868628023,0.0
2024-12-08 09:00:00+00:00,24.802040868628023,0.0
2024-12-08 10:00:00+00:00,24.802040868628023,0.0
2024-12-08 11:00:00+00:00,24.802040868628023,0.0
2024-12-08 12:00:00+00:00,24.802040868628023,0.0
2024-12-08 13:00:00+00:00,24.802040868628023,0.0
2024-12-08 14:00:00+00:00,24.802040868628023,0.0
2024-12-08 15:00:00+00:00,24.802040868628023,0.0
2024-12-08 16:00:00+00:00,24.802040868628023,0.0
2024-12-08 17:00:00+00:00,24.802040868628023,0.0
2024-12-08 18:00:00+00:00,24.802040868628023,0.0
2024-12-08 19:00:00+00:00,24.802040868628023,0.0
2024-12-08 20:00:00+00:00,24.802040868628023,0.0
2024-12-08 21:00:00+00:00,24.802040868628023,0.0
2024-12-08 22:00:00+00:00,24.802040868628023,0.0
2024-12-08 23:00:00+00:00,24.802040868628023,0.0
2024-12-09 00:00:00+00:00,26.264342629260376,2360743074.414925
2024-12-09 01:00:00+00:00,26.264342629260376,0.0
2024-12-09 02:00:00+00:00,26.264342629260376,0.0
2024-12-09 03:00:00+00:00,26.264342629260376,0.0
2024-12-09 04:00:00+00:00,26.264342629260376,0.0
2024-12-09 05:00:00+00:00,26.264342629260376,0.0
2024-12-09 06:00:00+00:00,26.264342629260376,0.0
2024-12-09 07:00:00+00:00,26.264342629260376,0.0
2024-12-09 08:00:00+00:00,26.264342629260376,0.0
2024-12-09 09:00:00+00:00,26.264342629260376,0.0
2024-12-09 10:00:00+00:00,26.264342629260376,0.0
2024-12-09 11:00:00+00:00,26.264342629260376,0.0
2024-12-09 12:00:00+00:00,26.264342629260376,0.0
2024-12-09 13:00:00+00:00,26.264342629260376,0.0
2024-12-09 14:00:00+00:00,26.264342629260376,0.0
2024-12-09 15:00:00+00:00,26.264342629260376,0.0
2024-12-09 16:00:00+00:00,26.264342629260376,0.0
2024-12-09 17:00:00+00:00,26.264342629260376,0.0
2024-12-09 18:00:00+00:00,26.264342629260376,0.0
2024-12-09 19:00:00+00:00,26.264342629260376,0.0
2024-12-09 20:00:00+00:00,26.264342629260376,0.0
2024-12-09 21:00:00+00:00,26.264342629260376,0.0
2024-12-09 22:00:00+00:00,26.264342629260376,0.0
2024-12-09 23:00:00+00:00,26.264342629260376,0.0
2024-12-10 00:00:00+00:00,22.313161734273404,4222253989.2893543
2024-12-10 01:00:00+00:00,22.313161734273404,0.0
2024-12-10 02:00:00+00:00,22.313161734273404,0.0
2024-12-10 03:00:00+00:00,22.313161734273404,0.0
2024-12-10 04:00:00+00:00,22.313161734273404,0.0
2024-12-10 05:00:00+00:00,22.313161734273404,0.0
2024-12-10 06:00:00+00:00,22.313161734273404,0.0
2024-12-10 07:00:00+00:00,22.313161734273404,0.0
2024-12-10 08:00:00+00:00,22.313161734273404,0.0
2024-12-10 09:00:00+00:00,22.313161734273404,0.0
2024-12-10 10:00:00+00:00,22.313161734273404,0.0
2024-12-10 11:00:00+00:00,22.313161734273404,0.0
2024-12-10 12:00:00+00:00,22.313161734273404,0.0
2024-12-10 13:00:00+00:00,22.313161734273404,0.0
2024-12-10 14:00:00+00:00,22.313161734273404,0.0
2024-12-10 15:00:00+00:00,22.313161734273404,0.0
2024-12-10 16:00:00+00:00,22.313161734273404,0.0
2024-12-10 17:00:00+00:00,22.313161734273404,0.0
2024-12-10 18:00:00+00:00,22.313161734273404,0.0
2024-12-10 19:00:00+00:00,22.313161734273404,0.0
2024-12-10 20:00:00+00:00,22.313161734273404,0.0
2024-12-10 21:00:00+00:00,22.313161734273404,0.0
2024-12-10 22:00:00+00:00,22.313161734273404,0.0
2024-12-10 23:00:00+00:00,22.313161734273404,0.0
2024-12-11 00:00:00+00:00,22.22594648396382,3348805004.349779
2024-12-11 01:00:00+00:00,22.22594648396382,0.0
2024-12-11 02:00:00+00:00,22.22594648396382,0.0
2024-12-11 03:00:00+00:00,22.22594648396382,0.0
2024-12-11 04:00:00+00:00,22.22594648396382,0.0
2024-12-11 05:00:00+00:00,22.22594648396382,0.0
2024-12-11 06:00:00+00:00,22.22594648396382,0.0
2024-12-11 07:00:00+00:00,22.22594648396382,0.0
2024-12-11 08:00:00+00:00,22.22594648396382,0.0
2024-12-11 09:00:00+00:00,22.22594648396382,0.0
2024-12-11 10:00:00+00:00,22.22594648396382,0.0
2024-12-11 11:00:00+00:00,22.22594648396382,0.0
2024-12-11 12:00:00+00:00,22.22594648396382,0.0
2024-12-11 13:00:00+00:00,22.22594648396382,0.0
2024-12-11 14:00:00+00:00,22.22594648396382,0.0
2024-12-11 15:00:00+00:00,22.22594648396382,0.0
2024-12-11 16:00:00+00:00,22.22594648396382,0.0
2024-12-11 17:00:00+00:00,22.22594648396382,0.0
2024-12-11 18:00:00+00:00,22.22594648396382,0.0
2024-12-11 19:00:00+00:00,22.22594648396382,0.0
2024-12-11 20:00:00+00:00,22.22594648396382,0.0
2024-12-11 21:00:00+00:00,22.22594648396382,0.0
2024-12-11 22:00:00+00:00,22.22594648396382,0.0
2024-12-11 23:00:00+00:00,22.22594648396382,0.0
2024-12-12 00:00:00+00:00,24.02797447372502,1918874667.412956
2024-12-12 01:00:00+00:00,24.02797447372502,0.0
2024-12-12 02:00:00+00:00,24.02797447372502,0.0
2024-12-12 03:00:00+00:00,24.02797447372502,0.0
2024-12-12 04:00:00+00:00,24.02797447372502,0.0
2024-12-12 05:00:00+00:00,24.02797447372502,0.0
2024-12-12 06:00:00+00:00,24.02797447372502,0.0
2024-12-12 07:00:00+00:00,24.02797447372502,0.0
2024-12-12 08:00:00+00:00,24.02797447372502,0.0
2024-12-12 09:00:00+00:00,24.02797447372502,0.0
2024-12-12 10:00:00+00:00,24.02797447372502,0.0
2024-12-12 11:00:00+00:00,24.02797447372502,0.0
2024-12-12 12:00:00+00:00,24.02797447372502,0.0
2024-12-12 13:00:00+00:00,24.02797447372502,0.0
2024-12-12 14:00:00+00:00,24.02797447372502,0.0
2024-12-12 15:00:00+00:00,24.02797447372502,0.0
2024-12-12 16:00:00+00:00,24.02797447372502,0.0
2024-12-12 17:00:00+00:00,24.02797447372502,0.0
2024-12-12 18:00:00+00:00,24.02797447372502,0.0
2024-12-12 19:00:00+00:00,24.02797447372502,0.0
2024-12-12 20:00:00+00:00,24.02797447372502,0.0
2024-12-12 21:00:00+00:00,24.02797447372502,0.0
2024-12-12 22:00:00+00:00,24.02797447372502,0.0
2024-12-12 23:00:00+00:00,24.02797447372502,0.0
2024-12-13 00:00:00+00:00,29.00106036775763,5312187772.976083
2024-12-13 01:00:00+00:00,29.00106036775763,0.0
2024-12-13 02:00:00+00:00,29.00106036775763,0.0
2024-12-13 03:00:00+00:00,29.00106036775763,0.0
2024-12-13 04:00:00+00:00,29.00106036775763,0.0
2024-12-13 05:00:00+00:00,29.00106036775763,0.0
2024-12-13 06:00:00+00:00,29.00106036775763,0.0
2024-12-13 07:00:00+00:00,29.00106036775763,0.0
2024-12-13 08:00:00+00:00,29.00106036775763,0.0
2024-12-13 09:00:00+00:00,29.00106036775763,0.0
2024-12-13 10:00:00+00:00,29.00106036775763,0.0
2024-12-13 11:00:00+00:00,29.00106036775763,0.0
2024-12-13 12:00:00+00:00,29.00106036775763,0.0
2024-12-13 13:00:00+00:00,29.00106036775763,0.0
2024-12-13 14:00:00+00:00,29.00106036775763,0.0
2024-12-13 15:00:00+00:00,29.00106036775763,0.0
2024-12-13 16:00:00+00:00,29.00106036775763,0.0
2024-12-13 17:00:00+00:00,29.00106036775763,0.0
2024-12-13 18:00:00+00:00,29.00106036775763,0.0
2024-12-13 19:00:00+00:00,29.00106036775763,0.0
2024-12-13 20:00:00+00:00,29.00106036775763,0.0
2024-12-13 21:00:00+00:00,29.00106036775763,0.0
2024-12-13 22:00:00+00:00,29.00106036775763,0.0
2024-12-13 23:00:00+00:00,29.00106036775763,0.0
2024-12-14 00:00:00+00:00,28.830892048351245,4011795141.233795
2024-12-14 01:00:00+00:00,28.830892048351245,0.0
2024-12-14 02:00:00+00:00,28.830892048351245,0.0
2024-12-14 03:00:00+00:00,28.830892048351245,0.0
2024-12-14 04:00:00+00:00,28.830892048351245,0.0
2024-12-14 05:00:00+00:00,28.830892048351245,0.0
2024-12-14 06:00:00+00:00,28.830892048351245,0.0
2024-12-14 07:00:00+00:00,28.830892048351245,0.0
2024-12-14 08:00:00+00:00,28.830892048351245,0.0
2024-12-14 09:00:00+00:00,28.830892048351245,0.0
2024-12-14 10:00:00+00:00,28.830892048351245,0.0
2024-12-14 11:00:00+00:00,28.830892048351245,0.0
2024-12-14 12:00:00+00:00,28.830892048351245,0.0
2024-12-14 13:00:00+00:00,28.830892048351245,0.0
2024-12-14 14:00:00+00:00,28.830892048351245,0.0
2024-12-14 15:00:00+00:00,28.830892048351245,0.0
2024-12-14 16:00:00+00:00,28.830892048351245,0.0
2024-12-14 17:00:00+00:00,28.830892048351245,0.0
2024-12-14 18:00:00+00:00,28.830892048351245,0.0
2024-12-14 19:00:00+00:00,28.830892048351245,0.0
2024-12-14 20:00:00+00:00,28.830892048351245,0.0
2024-12-14 21:00:00+00:00,28.830892048351245,0.0
2024-12-14 22:00:00+00:00,28.830892048351245,0.0
2024-12-14 23:00:00+00:00,28.830892048351245,0.0
2024-12-15 00:00:00+00:00,29.047002137637378,3268686212.3531666
2024-12-15 01:00:00+00:00,29.047002137637378,0.0
2024-12-15 02:00:00+00:00,29.047002137637378,0.0
2024-12-15 03:00:00+00:00,29.047002137637378,0.0
2024-12-15 04:00:00+00:00,29.047002137637378,0.0
2024-12-15 05:00:00+00:00,29.047002137637378,0.0
2024-12-15 06:00:00+00:00,29.047002137637378,0.0
2024-12-15 07:00:00+00:00,29.047002137637378,0.0
2024-12-15 08:00:00+00:00,29.047002137637378,0.0
2024-12-15 09:00:00+00:00,29.047002137637378,0.0
2024-12-15 10:00:00+00:00,29.047002137637378,0.0
2024-12-15 11:00:00+00:00,29.047002137637378,0.0
2024-12-15 12:00:00+00:00,29.047002137637378,0.0
2024-12-15 13:00:00+00:00,29.047002137637378,0.0
2024-12-15 14:00:00+00:00,29.047002137637378,0.0
2024-12-15 15:00:00+00:00,29.047002137637378,0.0
2024-12-15 16:00:00+00:00,29.047002137637378,0.0
2024-12-15 17:00:00+00:00,29.047002137637378,0.0
2024-12-15 18:00:00+00:00,29.047002137637378,0.0
2024-12-15 19:00:00+00:00,29.047002137637378,0.0
2024-12-15 20:00:00+00:00,29.047002137637378,0.0
2024-12-15 21:00:00+00:00,29.047002137637378,0.0
2024-12-15 22:00:00+00:00,29.047002137637378,0.0
2024-12-15 23:00:00+00:00,29.047002137637378,0.0
2024-12-16 00:00:00+00:00,29.432030859686797,2149766153.5531173
2024-12-16 01:00:00+00:00,29.432030859686797,0.0
2024-12-16 02:00:00+00:00,29.432030859686797,0.0
2024-12-16 03:00:00+00:00,29.432030859686797,0.0
2024-12-16 04:00:00+00:00,29.432030859686797,0.0
2024-12-16 05:00:00+00:00,29.432030859686797,0.0
2024-12-16 06:00:00+00:00,29.432030859686797,0.0
2024-12-16 07:00:00+00:00,29.432030859686797,0.0
2024-12-16 08:00:00+00:00,29.432030859686797,0.0
2024-12-16 09:00:00+00:00,29.432030859686797,0.0
2024-12-16 10:00:00+00:00,29.432030859686797,0.0
2024-12-16 11:00:00+00:00,29.432030859686797,0.0
2024-12-16 12:00:00+00:00,29.432030859686797,0.0
2024-12-16 13:00:00+00:00,29.432030859686797,0.0
2024-12-16 14:00:00+00:00,29.432030859686797,0.0
2024-12-16 15:00:00+00:00,29.432030859686797,0.0
2024-12-16 16:00:00+00:00,29.432030859686797,0.0
2024-12-16 17:00:00+00:00,29.432030859686797,0.0
2024-12-16 18:00:00+00:00,29.432030859686797,0.0
2024-12-16 19:00:00+00:00,29.432030859686797,0.0
2024-12-16 20:00:00+00:00,29.432030859686797,0.0
2024-12-16 21:00:00+00:00,29.432030859686797,0.0
2024-12-16 22:00:00+00:00,29.432030859686797,0.0
2024-12-16 23:00:00+00:00,29.432030859686797,0.0
2024-12-17 00:00:00+00:00,28.835921941331534,3277968310.661171
2024-12-17 01:00:00+00:00,28.835921941331534,0.0
2024-12-17 02:00:00+00:00,28.835921941331534,0.0
2024-12-17 03:00:00+00:00,28.835921941331534,0.0
2024-12-17 04:00:00+00:00,28.835921941331534,0.0
2024-12-17 05:00:00+00:00,28.835921941331534,0.0
2024-12-17 06:00:00+00:00,28.835921941331534,0.0
2024-12-17 07:00:00+00:00,28.835921941331534,0.0
2024-12-17 08:00:00+00:00,28.835921941331534,0.0
2024-12-17 09:00:00+00:00,28.835921941331534,0.0
2024-12-17 10:00:00+00:00,28.835921941331534,0.0
2024-12-17 11:00:00+00:00,28.835921941331534,0.0
2024-12-17 12:00:00+00:00,28.835921941331534,0.0
2024-12-17 13:00:00+00:00,28.835921941331534,0.0
2024-12-17 14:00:00+00:00,28.835921941331534,0.0
2024-12-17 15:00:00+00:00,28.835921941331534,0.0
2024-12-17 16:00:00+00:00,28.835921941331534,0.0
2024-12-17 17:00:00+00:00,28.835921941331534,0.0
2024-12-17 18:00:00+00:00,28.835921941331534,0.0
2024-12-17 19:00:00+00:00,28.835921941331534,0.0
2024-12-17 20:00:00+00:00,28.835921941331534,0.0
2024-12-17 21:00:00+00:00,28.835921941331534,0.0
2024-12-17 22:00:00+00:00,28.835921941331534,0.0
2024-12-17 23:00:00+00:00,28.835921941331534,0.0
2024-12-18 00:00:00+00:00,27.83951245964567,2051170800.6706471
2024-12-18 01:00:00+00:00,27.83951245964567,0.0
2024-12-18 02:00:00+00:00,27.83951245964567,0.0
2024-12-18 03:00:00+00:00,27.83951245964567,0.0
2024-12-18 04:00:00+00:00,27.83951245964567,0.0
2024-12-18 05:00:00+00:00,27.83951245964567,0.0
2024-12-18 06:00:00+00:00,27.83951245964567,0.0
2024-12-18 07:00:00+00:00,27.83951245964567,0.0
2024-12-18 08:00:00+00:00,27.83951245964567,0.0
2024-12-18 09:00:00+00:00,27.83951245964567,0.0
2024-12-18 10:00:00+00:00,27.83951245964567,0.0
2024-12-18 11:00:00+00:00,27.83951245964567,0.0
2024-12-18 12:00:00+00:00,27.83951245964567,0.0
2024-12-18 13:00:00+00:00,27.83951245964567,0.0
2024-12-18 14:00:00+00:00,27.83951245964567,0.0
2024-12-18 15:00:00+00:00,27.83951245964567,0.0
2024-12-18 16:00:00+00:00,27.83951245964567,0.0
2024-12-18 17:00:00+00:00,27.83951245964567,0.0
2024-12-18 18:00:00+00:00,27.83951245964567,0.0
2024-12-18 19:00:00+00:00,27.83951245964567,0.0
2024-12-18 20:00:00+00:00,27.83951245964567,0.0
2024-12-18 21:00:00+00:00,27.83951245964567,0.0
2024-12-18 22:00:00+00:00,27.83951245964567,0.0
2024-12-18 23:00:00+00:00,27.83951245964567,0.0
2024-12-19 00:00:00+00:00,24.9162054664826,2553461332.6238256
2024-12-19 01:00:00+00:00,24.9162054664826,0.0
2024-12-19 02:00:00+00:00,24.9162054664826,0.0
2024-12-19 03:00:00+00:00,24.9162054664826,0.0
2024-12-19 04:00:00+00:00,24.9162054664826,0.0
2024-12-19 05:00:00+00:00,24.9162054664826,0.0
2024-12-19 06:00:00+00:00,24.9162054664826,0.0
2024-12-19 07:00:00+00:00,24.9162054664826,0.0
2024-12-19 08:00:00+00:00,24.9162054664826,0.0
2024-12-19 09:00:00+00:00,24.9162054664826,0.0
2024-12-19 10:00:00+00:00,24.9162054664826,0.0
2024-12-19 11:00:00+00:00,24.9162054664826,0.0
2024-12-19 12:00:00+00:00,24.9162054664826,0.0
2024-12-19 13:00:00+00:00,24.9162054664826,0.0
2024-12-19 14:00:00+00:00,24.9162054664826,0.0
2024-12-19 15:00:00+00:00,24.9162054664826,0.0
2024-12-19 16:00:00+00:00,24.9162054664826,0.0
2024-12-19 17:00:00+00:00,24.9162054664826,0.0
2024-12-19 18:00:00+00:00,24.9162054664826,0.0
2024-12-19 19:00:00+00:00,24.9162054664826,0.0
2024-12-19 20:00:00+00:00,24.9162054664826,0.0
2024-12-19 21:00:00+00:00,24.9162054664826,0.0
2024-12-19 22:00:00+00:00,24.9162054664826,0.0
2024-12-19 23:00:00+00:00,24.9162054664826,0.0
2024-12-20 00:00:00+00:00,22.945741536922792,3004916082.570303
2024-12-20 01:00:00+00:00,22.945741536922792,0.0
2024-12-20 02:00:00+00:00,22.945741536922792,0.0
2024-12-20 03:00:00+00:00,22.945741536922792,0.0
2024-12-20 04:00:00+00:00,22.945741536922792,0.0
2024-12-20 05:00:00+00:00,22.945741536922792,0.0
2024-12-20 06:00:00+00:00,22.945741536922792,0.0
2024-12-20 07:00:00+00:00,22.945741536922792,0.0
2024-12-20 08:00:00+00:00,22.945741536922792,0.0
2024-12-20 09:00:00+00:00,22.945741536922792,0.0
2024-12-20 10:00:00+00:00,22.945741536922792,0.0
2024-12-20 11:00:00+00:00,22.945741536922792,0.0
2024-12-20 12:00:00+00:00,22.945741536922792,0.0
2024-12-20 13:00:00+00:00,22.945741536922792,0.0
2024-12-20 14:00:00+00:00,22.945741536922792,0.0
2024-12-20 15:00:00+00:00,22.945741536922792,0.0
2024-12-20 16:00:00+00:00,22.945741536922792,0.0
2024-12-20 17:00:00+00:00,22.945741536922792,0.0
2024-12-20 18:00:00+00:00,22.945741536922792,0.0
2024-12-20 19:00:00+00:00,22.945741536922792,0.0
2024-12-20 20:00:00+00:00,22.945741536922792,0.0
2024-12-20 21:00:00+00:00,22.945741536922792,0.0
2024-12-20 22:00:00+00:00,22.945741536922792,0.0
2024-12-20 23:00:00+00:00,22.945741536922792,0.0
2024-12-21 00:00:00+00:00,23.34283809376044,2654146182.687879
2024-12-21 01:00:00+00:00,23.34283809376044,0.0
2024-12-21 02:00:00+00:00,23.34283809376044,0.0
2024-12-21 03:00:00+00:00,23.34283809376044,0.0
2024-12-21 04:00:00+00:00,23.34283809376044,0.0
2024-12-21 05:00:00+00:00,23.34283809376044,0.0
2024-12-21 06:00:00+00:00,23.34283809376044,0.0
2024-12-21 07:00:00+00:00,23.34283809376044,0.0
2024-12-21 08:00:00+00:00,23.34283809376044,0.0
2024-12-21 09:00:00+00:00,23.34283809376044,0.0
2024-12-21 10:00:00+00:00,23.34283809376044,0.0
2024-12-21 11:00:00+00:00,23.34283809376044,0.0
2024-12-21 12:00:00+00:00,23.34283809376044,0.0
2024-12-21 13:00:00+00:00,23.34283809376044,0.0
2024-12-21 14:00:00+00:00,23.34283809376044,0.0
2024-12-21 15:00:00+00:00,23.34283809376044,0.0
2024-12-21 16:00:00+00:00,23.34283809376044,0.0
2024-12-21 17:00:00+00:00,23.34283809376044,0.0
2024-12-21 18:00:00+00:00,23.34283809376044,0.0
2024-12-21 19:00:00+00:00,23.34283809376044,0.0
2024-12-21 20:00:00+00:00,23.34283809376044,0.0
2024-12-21 21:00:00+00:00,23.34283809376044,0.0
2024-12-21 22:00:00+00:00,23.34283809376044,0.0
2024-12-21 23:00:00+00:00,23.34283809376044,0.0
2024-12-22 00:00:00+00:00,22.098652257793468,1763987563.7049081
2024-12-22 01:00:00+00:00,22.098652257793468,0.0
2024-12-22 02:00:00+00:00,22.098652257793468,0.0
2024-12-22 03:00:00+00:00,22.098652257793468,0.0
2024-12-22 04:00:00+00:00,22.098652257793468,0.0
2024-12-22 05:00:00+00:00,22.098652257793468,0.0
2024-12-22 06:00:00+00:00,22.098652257793468,0.0
2024-12-22 07:00:00+00:00,22.098652257793468,0.0
2024-12-22 08:00:00+00:00,22.098652257793468,0.0
2024-12-22 09:00:00+00:00,22.098652257793468,0.0
2024-12-22 10:00:00+00:00,22.098652257793468,0.0
2024-12-22 11:00:00+00:00,22.098652257793468,0.0
2024-12-22 12:00:00+00:00,22.098652257793468,0.0
2024-12-22 13:00:00+00:00,22.098652257793468,0.0
2024-12-22 14:00:00+00:00,22.098652257793468,0.0
2024-12-22 15:00:00+00:00,22.098652257793468,0.0
2024-12-22 16:00:00+00:00,22.098652257793468,0.0
2024-12-22 17:00:00+00:00,22.098652257793468,0.0
2024-12-22 18:00:00+00:00,22.098652257793468,0.0
2024-12-22 19:00:00+00:00,22.098652257793468,0.0
2024-12-22 20:00:00+00:00,22.098652257793468,0.0
2024-12-22 21:00:00+00:00,22.098652257793468,0.0
2024-12-22 22:00:00+00:00,22.098652257793468,0.0
2024-12-22 23:00:00+00:00,22.098652257793468,0.0
2024-12-23 00:00:00+00:00,22.030813911201832,1024410364.6555816
2024-12-23 01:00:00+00:00,22.030813911201832,0.0
2024-12-23 02:00:00+00:00,22.030813911201832,0.0
2024-12-23 03:00:00+00:00,22.030813911201832,0.0
2024-12-23 04:00:00+00:00,22.030813911201832,0.0
2024-12-23 05:00:00+00:00,22.030813911201832,0.0
2024-12-23 06:00:00+00:00,22.030813911201832,0.0
2024-12-23 07:00:00+00:00,22.030813911201832,0.0
2024-12-23 08:00:00+00:00,22.030813911201832,0.0
2024-12-23 09:00:00+00:00,22.030813911201832,0.0
2024-12-23 10:00:00+00:00,22.030813911201832,0.0
2024-12-23 11:00:00+00:00,22.030813911201832,0.0
2024-12-23 12:00:00+00:00,22.030813911201832,0.0
2024-12-23 13:00:00+00:00,22.030813911201832,0.0
2024-12-23 14:00:00+00:00,22.030813911201832,0.0
2024-12-23 15:00:00+00:00,22.030813911201832,0.0
2024-12-23 16:00:00+00:00,22.030813911201832,0.0
2024-12-23 17:00:00+00:00,22.030813911201832,0.0
2024-12-23 18:00:00+00:00,22.030813911201832,0.0
2024-12-23 19:00:00+00:00,22.030813911201832,0.0
2024-12-23 20:00:00+00:00,22.030813911201832,0.0
2024-12-23 21:00:00+00:00,22.030813911201832,0.0
2024-12-23 22:00:00+00:00,22.030813911201832,0.0
2024-12-23 23:00:00+00:00,22.030813911201832,0.0
2024-12-24 00:00:00+00:00,24.446403248251954,1918399048.720684
2024-12-24 01:00:00+00:00,24.446403248251954,0.0
2024-12-24 02:00:00+00:00,24.446403248251954,0.0
2024-12-24 03:00:00+00:00,24.446403248251954,0.0
2024-12-24 04:00:00+00:00,24.446403248251954,0.0
2024-12-24 05:00:00+00:00,24.446403248251954,0.0
2024-12-24 06:00:00+00:00,24.446403248251954,0.0
2024-12-24 07:00:00+00:00,24.446403248251954,0.0
2024-12-24 08:00:00+00:00,24.446403248251954,0.0
2024-12-24 09:00:00+00:00,24.446403248251954,0.0
2024-12-24 10:00:00+00:00,24.446403248251954,0.0
2024-12-24 11:00:00+00:00,24.446403248251954,0.0
2024-12-24 12:00:00+00:00,24.446403248251954,0.0
2024-12-24 13:00:00+00:00,24.446403248251954,0.0
2024-12-24 14:00:00+00:00,24.446403248251954,0.0
2024-12-24 15:00:00+00:00,24.446403248251954,0.0
2024-12-24 16:00:00+00:00,24.446403248251954,0.0
2024-12-24 17:00:00+00:00,24.446403248251954,0.0
2024-12-24 18:00:00+00:00,24.446403248251954,0.0
2024-12-24 19:00:00+00:00,24.446403248251954,0.0
2024-12-24 20:00:00+00:00,24.446403248251954,0.0
2024-12-24 21:00:00+00:00,24.446403248251954,0.0
2024-12-24 22:00:00+00:00,24.446403248251954,0.0
2024-12-24 23:00:00+00:00,24.446403248251954,0.0
2024-12-25 00:00:00+00:00,25.50346529911292,1767674535.7707214
2024-12-25 01:00:00+00:00,25.50346529911292,0.0
2024-12-25 02:00:00+00:00,25.50346529911292,0.0
2024-12-25 03:00:00+00:00,25.50346529911292,0.0
2024-12-25 04:00:00+00:00,25.50346529911292,0.0
2024-12-25 05:00:00+00:00,25.50346529911292,0.0
2024-12-25 06:00:00+00:00,25.50346529911292,0.0
2024-12-25 07:00:00+00:00,25.50346529911292,0.0
2024-12-25 08:00:00+00:00,25.50346529911292,0.0
2024-12-25 09:00:00+00:00,25.50346529911292,0.0
2024-12-25 10:00:00+00:00,25.50346529911292,0.0
2024-12-25 11:00:00+00:00,25.50346529911292,0.0
2024-12-25 12:00:00+00:00,25.50346529911292,0.0
2024-12-25 13:00:00+00:00,25.50346529911292,0.0
2024-12-25 14:00:00+00:00,25.50346529911292,0.0
2024-12-25 15:00:00+00:00,25.50346529911292,0.0
2024-12-25 16:00:00+00:00,25.50346529911292,0.0
2024-12-25 17:00:00+00:00,25.50346529911292,0.0
2024-12-25 18:00:00+00:00,25.50346529911292,0.0
2024-12-25 19:00:00+00:00,25.50346529911292,0.0
2024-12-25 20:00:00+00:00,25.50346529911292,0.0
2024-12-25 21:00:00+00:00,25.50346529911292,0.0
2024-12-25 22:00:00+00:00,25.50346529911292,0.0
2024-12-25 23:00:00+00:00,25.50346529911292,0.0
2024-12-26 00:00:00+00:00,24.446227028254604,1050992936.6918062
2024-12-26 01:00:00+00:00,24.446227028254604,0.0
2024-12-26 02:00:00+00:00,24.446227028254604,0.0
2024-12-26 03:00:00+00:00,24.446227028254604,0.0
2024-12-26 04:00:00+00:00,24.446227028254604,0.0
2024-12-26 05:00:00+00:00,24.446227028254604,0.0
2024-12-26 06:00:00+00:00,24.446227028254604,0.0
2024-12-26 07:00:00+00:00,24.446227028254604,0.0
2024-12-26 08:00:00+00:00,24.446227028254604,0.0
2024-12-26 09:00:00+00:00,24.446227028254604,0.0
2024-12-26 10:00:00+00:00,24.446227028254604,0.0
2024-12-26 11:00:00+00:00,24.446227028254604,0.0
2024-12-26 12:00:00+00:00,24.446227028254604,0.0
2024-12-26 13:00:00+00:00,24.446227028254604,0.0
2024-12-26 14:00:00+00:00,24.446227028254604,0.0
2024-12-26 15:00:00+00:00,24.446227028254604,0.0
2024-12-26 16:00:00+00:00,24.446227028254604,0.0
2024-12-26 17:00:00+00:00,24.446227028254604,0.0
2024-12-26 18:00:00+00:00,24.446227028254604,0.0
2024-12-26 19:00:00+00:00,24.446227028254604,0.0
2024-12-26 20:00:00+00:00,24.446227028254604,0.0
2024-12-26 21:00:00+00:00,24.446227028254604,0.0
2024-12-26 22:00:00+00:00,24.446227028254604,0.0
2024-12-26 23:00:00+00:00,24.446227028254604,0.0
2024-12-27 00:00:00+00:00,22.649079658759806,958462476.4008456
2024-12-27 01:00:00+00:00,22.649079658759806,0.0
2024-12-27 02:00:00+00:00,22.649079658759806,0.0
2024-12-27 03:00:00+00:00,22.649079658759806,0.0
2024-12-27 04:00:00+00:00,22.649079658759806,0.0
2024-12-27 05:00:00+00:00,22.649079658759806,0.0
2024-12-27 06:00:00+00:00,22.649079658759806,0.0
2024-12-27 07:00:00+00:00,22.649079658759806,0.0
2024-12-27 08:00:00+00:00,22.649079658759806,0.0
2024-12-27 09:00:00+00:00,22.649079658759806,0.0
2024-12-27 10:00:00+00:00,22.649079658759806,0.0
2024-12-27 11:00:00+00:00,22.649079658759806,0.0
2024-12-27 12:00:00+00:00,22.649079658759806,0.0
2024-12-27 13:00:00+00:00,22.649079658759806,0.0
2024-12-27 14:00:00+00:00,22.649079658759806,0.0
2024-12-27 15:00:00+00:00,22.649079658759806,0.0
2024-12-27 16:00:00+00:00,22.649079658759806,0.0
2024-12-27 17:00:00+00:00,22.649079658759806,0.0
2024-12-27 18:00:00+00:00,22.649079658759806,0.0
2024-12-27 19:00:00+00:00,22.649079658759806,0.0
2024-12-27 20:00:00+00:00,22.649079658759806,0.0
2024-12-27 21:00:00+00:00,22.649079658759806,0.0
2024-12-27 22:00:00+00:00,22.649079658759806,0.0
2024-12-27 23:00:00+00:00,22.649079658759806,0.0
2024-12-28 00:00:00+00:00,21.515004933727838,1076934792.5094852
2024-12-28 01:00:00+00:00,21.515004933727838,0.0
2024-12-28 02:00:00+00:00,21.515004933727838,0.0
2024-12-28 03:00:00+00:00,21.515004933727838,0.0
2024-12-28 04:00:00+00:00,21.515004933727838,0.0
2024-12-28 05:00:00+00:00,21.515004933727838,0.0
2024-12-28 06:00:00+00:00,21.515004933727838,0.0
2024-12-28 07:00:00+00:00,21.515004933727838,0.0
2024-12-28 08:00:00+00:00,21.515004933727838,0.0
2024-12-28 09:00:00+00:00,21.515004933727838,0.0
2024-12-28 10:00:00+00:00,21.515004933727838,0.0
2024-12-28 11:00:00+00:00,21.515004933727838,0.0
2024-12-28 12:00:00+00:00,21.515004933727838,0.0
2024-12-28 13:00:00+00:00,21.515004933727838,0.0
2024-12-28 14:00:00+00:00,21.515004933727838,0.0
2024-12-28 15:00:00+00:00,21.515004933727838,0.0
2024-12-28 16:00:00+00:00,21.515004933727838,0.0
2024-12-28 17:00:00+00:00,21.515004933727838,0.0
2024-12-28 18:00:00+00:00,21.515004933727838,0.0
2024-12-28 19:00:00+00:00,21.515004933727838,0.0
2024-12-28 20:00:00+00:00,21.515004933727838,0.0
2024-12-28 21:00:00+00:00,21.515004933727838,0.0
2024-12-28 22:00:00+00:00,21.515004933727838,0.0
2024-12-28 23:00:00+00:00,21.515004933727838,0.0
2024-12-29 00:00:00+00:00,21.96459131998318,930406155.1708531
2024-12-29 01:00:00+00:00,21.96459131998318,0.0
2024-12-29 02:00:00+00:00,21.96459131998318,0.0
2024-12-29 03:00:00+00:00,21.96459131998318,0.0
2024-12-29 04:00:00+00:00,21.96459131998318,0.0
2024-12-29 05:00:00+00:00,21.96459131998318,0.0
2024-12-29 06:00:00+00:00,21.96459131998318,0.0
2024-12-29 07:00:00+00:00,21.96459131998318,0.0
2024-12-29 08:00:00+00:00,21.96459131998318,0.0
2024-12-29 09:00:00+00:00,21.96459131998318,0.0
2024-12-29 10:00:00+00:00,21.96459131998318,0.0
2024-12-29 11:00:00+00:00,21.96459131998318,0.0
2024-12-29 12:00:00+00:00,21.96459131998318,0.0
2024-12-29 13:00:00+00:00,21.96459131998318,0.0
2024-12-29 14:00:00+00:00,21.96459131998318,0.0
2024-12-29 15:00:00+00:00,21.96459131998318,0.0
2024-12-29 16:00:00+00:00,21.96459131998318,0.0
2024-12-29 17:00:00+00:00,21.96459131998318,0.0
2024-12-29 18:00:00+00:00,21.96459131998318,0.0
2024-12-29 19:00:00+00:00,21.96459131998318,0.0
2024-12-29 20:00:00+00:00,21.96459131998318,0.0
2024-12-29 21:00:00+00:00,21.96459131998318,0.0
2024-12-29 22:00:00+00:00,21.96459131998318,0.0
2024-12-29 23:00:00+00:00,21.96459131998318,0.0
2024-12-30 00:00:00+00:00,20.95680154932224,584071653.5190102
2024-12-30 01:00:00+00:00,20.95680154932224,0.0
2024-12-30 02:00:00+00:00,20.95680154932224,0.0
2024-12-30 03:00:00+00:00,20.95680154932224,0.0
2024-12-30 04:00:00+00:00,20.95680154932224,0.0
2024-12-30 05:00:00+00:00,20.95680154932224,0.0
2024-12-30 06:00:00+00:00,20.95680154932224,0.0
2024-12-30 07:00:00+00:00,20.95680154932224,0.0
2024-12-30 08:00:00+00:00,20.95680154932224,0.0
2024-12-30 09:00:00+00:00,20.95680154932224,0.0
2024-12-30 10:00:00+00:00,20.95680154932224,0.0
2024-12-30 11:00:00+00:00,20.95680154932224,0.0
2024-12-30 12:00:00+00:00,20.95680154932224,0.0
2024-12-30 13:00:00+00:00,20.95680154932224,0.0
2024-12-30 14:00:00+00:00,20.95680154932224,0.0
2024-12-30 15:00:00+00:00,20.95680154932224,0.0
2024-12-30 16:00:00+00:00,20.95680154932224,0.0
2024-12-30 17:00:00+00:00,20.95680154932224,0.0
2024-12-30 18:00:00+00:00,20.95680154932224,0.0
2024-12-30 19:00:00+00:00,20.95680154932224,0.0
2024-12-30 20:00:00+00:00,20.95680154932224,0.0
2024-12-30 21:00:00+00:00,20.95680154932224,0.0
2024-12-30 22:00:00+00:00,20.95680154932224,0.0
2024-12-30 23:00:00+00:00,20.95680154932224,0.0
2024-12-31 00:00:00+00:00,20.573582062287645,928891445.3048912
2024-12-31 01:00:00+00:00,20.573582062287645,0.0
2024-12-31 02:00:00+00:00,20.573582062287645,0.0
2024-12-31 03:00:00+00:00,20.573582062287645,0.0
2024-12-31 04:00:00+00:00,20.573582062287645,0.0
2024-12-31 05:00:00+00:00,20.573582062287645,0.0
2024-12-31 06:00:00+00:00,20.573582062287645,0.0
2024-12-31 07:00:00+00:00,20.573582062287645,0.0
2024-12-31 08:00:00+00:00,20.573582062287645,0.0
2024-12-31 09:00:00+00:00,20.573582062287645,0.0
2024-12-31 10:00:00+00:00,20.573582062287645,0.0
2024-12-31 11:00:00+00:00,20.573582062287645,0.0
2024-12-31 12:00:00+00:00,20.573582062287645,0.0
2024-12-31 13:00:00+00:00,20.573582062287645,0.0
2024-12-31 14:00:00+00:00,20.573582062287645,0.0
2024-12-31 15:00:00+00:00,20.573582062287645,0.0
2024-12-31 16:00:00+00:00,20.573582062287645,0.0
2024-12-31 17:00:00+00:00,20.573582062287645,0.0
2024-12-31 18:00:00+00:00,20.573582062287645,0.0
2024-12-31 19:00:00+00:00,20.573582062287645,0.0
2024-12-31 20:00:00+00:00,20.573582062287645,0.0
2024-12-31 21:00:00+00:00,20.573582062287645,0.0
2024-12-31 22:00:00+00:00,20.573582062287645,0.0
2024-12-31 23:00:00+00:00,20.573582062287645,0.0
2025-01-01 00:00:00+00:00,19.99911799974878,780966762.8759739
2025-01-01 01:00:00+00:00,19.99911799974878,0.0
2025-01-01 02:00:00+00:00,19.99911799974878,0.0
2025-01-01 03:00:00+00:00,19.99911799974878,0.0
2025-01-01 04:00:00+00:00,19.99911799974878,0.0
2025-01-01 05:00:00+00:00,19.99911799974878,0.0
2025-01-01 06:00:00+00:00,19.99911799974878,0.0
2025-01-01 07:00:00+00:00,19.99911799974878,0.0
2025-01-01 08:00:00+00:00,19.99911799974878,0.0
2025-01-01 09:00:00+00:00,19.99911799974878,0.0
2025-01-01 10:00:00+00:00,19.99911799974878,0.0
2025-01-01 11:00:00+00:00,19.99911799974878,0.0
2025-01-01 12:00:00+00:00,19.99911799974878,0.0
2025-01-01 13:00:00+00:00,19.99911799974878,0.0
2025-01-01 14:00:00+00:00,19.99911799974878,0.0
2025-01-01 15:00:00+00:00,19.99911799974878,0.0
2025-01-01 16:00:00+00:00,19.99911799974878,0.0
2025-01-01 17:00:00+00:00,19.99911799974878,0.0
2025-01-01 18:00:00+00:00,19.99911799974878,0.0
2025-01-01 19:00:00+00:00,19.99911799974878,0.0
2025-01-01 20:00:00+00:00,19.99911799974878,0.0
2025-01-01 21:00:00+00:00,19.99911799974878,0.0
2025-01-01 22:00:00+00:00,19.99911799974878,0.0
2025-01-01 23:00:00+00:00,19.99911799974878,0.0
2025-01-02 00:00:00+00:00,21.62154489182289,859292330.7261944
2025-01-02 01:00:00+00:00,21.62154489182289,0.0
2025-01-02 02:00:00+00:00,21.62154489182289,0.0
2025-01-02 03:00:00+00:00,21.62154489182289,0.0
2025-01-02 04:00:00+00:00,21.62154489182289,0.0
2025-01-02 05:00:00+00:00,21.62154489182289,0.0
2025-01-02 06:00:00+00:00,21.62154489182289,0.0
2025-01-02 07:00:00+00:00,21.62154489182289,0.0
2025-01-02 08:00:00+00:00,21.62154489182289,0.0
2025-01-02 09:00:00+00:00,21.62154489182289,0.0
2025-01-02 10:00:00+00:00,21.62154489182289,0.0
2025-01-02 11:00:00+00:00,21.62154489182289,0.0
2025-01-02 12:00:00+00:00,21.62154489182289,0.0
2025-01-02 13:00:00+00:00,21.62154489182289,0.0
2025-01-02 14:00:00+00:00,21.62154489182289,0.0
2025-01-02 15:00:00+00:00,21.62154489182289,0.0
2025-01-02 16:00:00+00:00,21.62154489182289,0.0
2025-01-02 17:00:00+00:00,21.62154489182289,0.0
2025-01-02 18:00:00+00:00,21.62154489182289,0.0
2025-01-02 19:00:00+00:00,21.62154489182289,0.0
2025-01-02 20:00:00+00:00,21.62154489182289,0.0
2025-01-02 21:00:00+00:00,21.62154489182289,0.0
2025-01-02 22:00:00+00:00,21.62154489182289,0.0
2025-01-02 23:00:00+00:00,21.62154489182289,0.0
2025-01-03 00:00:00+00:00,22.036689685288223,1155855199.2208543
2025-01-03 01:00:00+00:00,22.036689685288223,0.0
2025-01-03 02:00:00+00:00,22.036689685288223,0.0
2025-01-03 03:00:00+00:00,22.036689685288223,0.0
2025-01-03 04:00:00+00:00,22.036689685288223,0.0
2025-01-03 05:00:00+00:00,22.036689685288223,0.0
2025-01-03 06:00:00+00:00,22.036689685288223,0.0
2025-01-03 07:00:00+00:00,22.036689685288223,0.0
2025-01-03 08:00:00+00:00,22.036689685288223,0.0
2025-01-03 09:00:00+00:00,22.036689685288223,0.0
2025-01-03 10:00:00+00:00,22.036689685288223,0.0
2025-01-03 11:00:00+00:00,22.036689685288223,0.0
2025-01-03 12:00:00+00:00,22.036689685288223,0.0
2025-01-03 13:00:00+00:00,22.036689685288223,0.0
2025-01-03 14:00:00+00:00,22.036689685288223,0.0
2025-01-03 15:00:00+00:00,22.036689685288223,0.0
2025-01-03 16:00:00+00:00,22.036689685288223,0.0
2025-01-03 17:00:00+00:00,22.036689685288223,0.0
2025-01-03 18:00:00+00:00,22.036689685288223,0.0
2025-01-03 19:00:00+00:00,22.036689685288223,0.0
2025-01-03 20:00:00+00:00,22.036689685288223,0.0
2025-01-03 21:00:00+00:00,22.036689685288223,0.0
2025-01-03 22:00:00+00:00,22.036689685288223,0.0
2025-01-03 23:00:00+00:00,22.036689685288223,0.0
2025-01-04 00:00:00+00:00,23.36206362959339,1222456853.6048684
2025-01-04 01:00:00+00:00,23.36206362959339,0.0
2025-01-04 02:00:00+00:00,23.36206362959339,0.0
2025-01-04 03:00:00+00:00,23.36206362959339,0.0
2025-01-04 04:00:00+00:00,23.36206362959339,0.0
2025-01-04 05:00:00+00:00,23.36206362959339,0.0
2025-01-04 06:00:00+00:00,23.36206362959339,0.0
2025-01-04 07:00:00+00:00,23.36206362959339,0.0
2025-01-04 08:00:00+00:00,23.36206362959339,0.0
2025-01-04 09:00:00+00:00,23.36206362959339,0.0
2025-01-04 10:00:00+00:00,23.36206362959339,0.0
2025-01-04 11:00:00+00:00,23.36206362959339,0.0
2025-01-04 12:00:00+00:00,23.36206362959339,0.0
2025-01-04 13:00:00+00:00,23.36206362959339,0.0
2025-01-04 14:00:00+00:00,23.36206362959339,0.0
2025-01-04 15:00:00+00:00,23.36206362959339,0.0
2025-01-04 16:00:00+00:00,23.36206362959339,0.0
2025-01-04 17:00:00+00:00,23.36206362959339,0.0
2025-01-04 18:00:00+00:00,23.36206362959339,0.0
2025-01-04 19:00:00+00:00,23.36206362959339,0.0
2025-01-04 20:00:00+00:00,23.36206362959339,0.0
2025-01-04 21:00:00+00:00,23.36206362959339,0.0
2025-01-04 22:00:00+00:00,23.36206362959339,0.0
2025-01-04 23:00:00+00:00,23.36206362959339,0.0
2025-01-05 00:00:00+00:00,23.634810337164087,805525215.4781044
2025-01-05 01:00:00+00:00,23.634810337164087,0.0
2025-01-05 02:00:00+00:00,23.634810337164087,0.0
2025-01-05 03:00:00+00:00,23.634810337164087,0.0
2025-01-05 04:00:00+00:00,23.634810337164087,0.0
2025-01-05 05:00:00+00:00,23.634810337164087,0.0
2025-01-05 06:00:00+00:00,23.634810337164087,0.0
2025-01-05 07:00:00+00:00,23.634810337164087,0.0
2025-01-05 08:00:00+00:00,23.634810337164087,0.0
2025-01-05 09:00:00+00:00,23.634810337164087,0.0
2025-01-05 10:00:00+00:00,23.634810337164087,0.0
2025-01-05 11:00:00+00:00,23.634810337164087,0.0
2025-01-05 12:00:00+00:00,23.634810337164087,0.0
2025-01-05 13:00:00+00:00,23.634810337164087,0.0
2025-01-05 14:00:00+00:00,23.634810337164087,0.0
2025-01-05 15:00:00+00:00,23.634810337164087,0.0
2025-01-05 16:00:00+00:00,23.634810337164087,0.0
2025-01-05 17:00:00+00:00,23.634810337164087,0.0
2025-01-05 18:00:00+00:00,23.634810337164087,0.0
2025-01-05 19:00:00+00:00,23.634810337164087,0.0
2025-01-05 20:00:00+00:00,23.634810337164087,0.0
2025-01-05 21:00:00+00:00,23.634810337164087,0.0
2025-01-05 22:00:00+00:00,23.634810337164087,0.0
2025-01-05 23:00:00+00:00,23.634810337164087,0.0
2025-01-06 00:00:00+00:00,23.648631137150517,668132489.2671168
2025-01-06 01:00:00+00:00,23.648631137150517,0.0
2025-01-06 02:00:00+00:00,23.648631137150517,0.0
2025-01-06 03:00:00+00:00,23.648631137150517,0.0
2025-01-06 04:00:00+00:00,23.648631137150517,0.0
2025-01-06 05:00:00+00:00,23.648631137150517,0.0
2025-01-06 06:00:00+00:00,23.648631137150517,0.0
2025-01-06 07:00:00+00:00,23.648631137150517,0.0
2025-01-06 08:00:00+00:00,23.648631137150517,0.0
2025-01-06 09:00:00+00:00,23.648631137150517,0.0
2025-01-06 10:00:00+00:00,23.648631137150517,0.0
2025-01-06 11:00:00+00:00,23.648631137150517,0.0
2025-01-06 12:00:00+00:00,23.648631137150517,0.0
2025-01-06 13:00:00+00:00,23.648631137150517,0.0
2025-01-06 14:00:00+00:00,23.648631137150517,0.0
2025-01-06 15:00:00+00:00,23.648631137150517,0.0
2025-01-06 16:00:00+00:00,23.648631137150517,0.0
2025-01-06 17:00:00+00:00,23.648631137150517,0.0
2025-01-06 18:00:00+00:00,23.648631137150517,0.0
2025-01-06 19:00:00+00:00,23.648631137150517,0.0
2025-01-06 20:00:00+00:00,23.648631137150517,0.0
2025-01-06 21:00:00+00:00,23.648631137150517,0.0
2025-01-06 22:00:00+00:00,23.648631137150517,0.0
2025-01-06 23:00:00+00:00,23.648631137150517,0.0
2025-01-07 00:00:00+00:00,23.818195636506555,1269876071.8087366
2025-01-07 01:00:00+00:00,23.818195636506555,0.0
2025-01-07 02:00:00+00:00,23.818195636506555,0.0
2025-01-07 03:00:00+00:00,23.818195636506555,0.0
2025-01-07 04:00:00+00:00,23.818195636506555,0.0
2025-01-07 05:00:00+00:00,23.818195636506555,0.0
2025-01-07 06:00:00+00:00,23.818195636506555,0.0
2025-01-07 07:00:00+00:00,23.818195636506555,0.0
2025-01-07 08:00:00+00:00,23.818195636506555,0.0
2025-01-07 09:00:00+00:00,23.818195636506555,0.0
2025-01-07 10:00:00+00:00,23.818195636506555,0.0
2025-01-07 11:00:00+00:00,23.818195636506555,0.0
2025-01-07 12:00:00+00:00,23.818195636506555,0.0
2025-01-07 13:00:00+00:00,23.818195636506555,0.0
2025-01-07 14:00:00+00:00,23.818195636506555,0.0
2025-01-07 15:00:00+00:00,23.818195636506555,0.0
2025-01-07 16:00:00+00:00,23.818195636506555,0.0
2025-01-07 17:00:00+00:00,23.818195636506555,0.0
2025-01-07 18:00:00+00:00,23.818195636506555,0.0
2025-01-07 19:00:00+00:00,23.818195636506555,0.0
2025-01-07 20:00:00+00:00,23.818195636506555,0.0
2025-01-07 21:00:00+00:00,23.818195636506555,0.0
2025-01-07 22:00:00+00:00,23.818195636506555,0.0
2025-01-07 23:00:00+00:00,23.818195636506555,0.0
2025-01-08 00:00:00+00:00,21.416795199902715,1244761259.15616
2025-01-08 01:00:00+00:00,21.416795199902715,0.0
2025-01-08 02:00:00+00:00,21.416795199902715,0.0
2025-01-08 03:00:00+00:00,21.416795199902715,0.0
2025-01-08 04:00:00+00:00,21.416795199902715,0.0
2025-01-08 05:00:00+00:00,21.416795199902715,0.0
2025-01-08 06:00:00+00:00,21.416795199902715,0.0
2025-01-08 07:00:00+00:00,21.416795199902715,0.0
2025-01-08 08:00:00+00:00,21.416795199902715,0.0
2025-01-08 09:00:00+00:00,21.416795199902715,0.0
2025-01-08 10:00:00+00:00,21.416795199902715,0.0
2025-01-08 11:00:00+00:00,21.416795199902715,0.0
2025-01-08 12:00:00+00:00,21.416795199902715,0.0
2025-01-08 13:00:00+00:00,21.416795199902715,0.0
2025-01-08 14:00:00+00:00,21.416795199902715,0.0
2025-01-08 15:00:00+00:00,21.416795199902715,0.0
2025-01-08 16:00:00+00:00,21.416795199902715,0.0
2025-01-08 17:00:00+00:00,21.416795199902715,0.0
2025-01-08 18:00:00+00:00,21.416795199902715,0.0
2025-01-08 19:00:00+00:00,21.416795199902715,0.0
2025-01-08 20:00:00+00:00,21.416795199902715,0.0
2025-01-08 21:00:00+00:00,21.416795199902715,0.0
2025-01-08 22:00:00+00:00,21.416795199902715,0.0
2025-01-08 23:00:00+00:00,21.416795199902715,0.0
2025-01-09 00:00:00+00:00,20.46058137896423,1130574254.5060282
2025-01-09 01:00:00+00:00,20.46058137896423,0.0
2025-01-09 02:00:00+00:00,20.46058137896423,0.0
2025-01-09 03:00:00+00:00,20.46058137896423,0.0
2025-01-09 04:00:00+00:00,20.46058137896423,0.0
2025-01-09 05:00:00+00:00,20.46058137896423,0.0
2025-01-09 06:00:00+00:00,20.46058137896423,0.0
2025-01-09 07:00:00+00:00,20.46058137896423,0.0
2025-01-09 08:00:00+00:00,20.46058137896423,0.0
2025-01-09 09:00:00+00:00,20.46058137896423,0.0
2025-01-09 10:00:00+00:00,20.46058137896423,0.0
2025-01-09 11:00:00+00:00,20.46058137896423,0.0
2025-01-09 12:00:00+00:00,20.46058137896423,0.0
2025-01-09 13:00:00+00:00,20.46058137896423,0.0
2025-01-09 14:00:00+00:00,20.46058137896423,0.0
2025-01-09 15:00:00+00:00,20.46058137896423,0.0
2025-01-09 16:00:00+00:00,20.46058137896423,0.0
2025-01-09 17:00:00+00:00,20.46058137896423,0.0
2025-01-09 18:00:00+00:00,20.46058137896423,0.0
2025-01-09 19:00:00+00:00,20.46058137896423,0.0
2025-01-09 20:00:00+00:00,20.46058137896423,0.0
2025-01-09 21:00:00+00:00,20.46058137896423,0.0
2025-01-09 22:00:00+00:00,20.46058137896423,0.0
2025-01-09 23:00:00+00:00,20.46058137896423,0.0
2025-01-10 00:00:00+00:00,19.64502711948669,1018953190.1279165
2025-01-10 01:00:00+00:00,19.64502711948669,0.0
2025-01-10 02:00:00+00:00,19.64502711948669,0.0
2025-01-10 03:00:00+00:00,19.64502711948669,0.0
2025-01-10 04:00:00+00:00,19.64502711948669,0.0
2025-01-10 05:00:00+00:00,19.64502711948669,0.0
2025-01-10 06:00:00+00:00,19.64502711948669,0.0
2025-01-10 07:00:00+00:00,19.64502711948669,0.0
2025-01-10 08:00:00+00:00,19.64502711948669,0.0
2025-01-10 09:00:00+00:00,19.64502711948669,0.0
2025-01-10 10:00:00+00:00,19.64502711948669,0.0
2025-01-10 11:00:00+00:00,19.64502711948669,0.0
2025-01-10 12:00:00+00:00,19.64502711948669,0.0
2025-01-10 13:00:00+00:00,19.64502711948669,0.0
2025-01-10 14:00:00+00:00,19.64502711948669,0.0
2025-01-10 15:00:00+00:00,19.64502711948669,0.0
2025-01-10 16:00:00+00:00,19.64502711948669,0.0
2025-01-10 17:00:00+00:00,19.64502711948669,0.0
2025-01-10 18:00:00+00:00,19.64502711948669,0.0
2025-01-10 19:00:00+00:00,19.64502711948669,0.0
2025-01-10 20:00:00+00:00,19.64502711948669,0.0
2025-01-10 21:00:00+00:00,19.64502711948669,0.0
2025-01-10 22:00:00+00:00,19.64502711948669,0.0
2025-01-10 23:00:00+00:00,19.64502711948669,0.0
2025-01-11 00:00:00+00:00,20.28071942140988,852372064.8678738
2025-01-11 01:00:00+00:00,20.28071942140988,0.0
2025-01-11 02:00:00+00:00,20.28071942140988,0.0
2025-01-11 03:00:00+00:00,20.28071942140988,0.0
2025-01-11 04:00:00+00:00,20.28071942140988,0.0
2025-01-11 05:00:00+00:00,20.28071942140988,0.0
2025-01-11 06:00:00+00:00,20.28071942140988,0.0
2025-01-11 07:00:00+00:00,20.28071942140988,0.0
2025-01-11 08:00:00+00:00,20.28071942140988,0.0
2025-01-11 09:00:00+00:00,20.28071942140988,0.0
2025-01-11 10:00:00+00:00,20.28071942140988,0.0
2025-01-11 11:00:00+00:00,20.28071942140988,0.0
2025-01-11 12:00:00+00:00,20.28071942140988,0.0
2025-01-11 13:00:00+00:00,20.28071942140988,0.0
2025-01-11 14:00:00+00:00,20.28071942140988,0.0
2025-01-11 15:00:00+00:00,20.28071942140988,0.0
2025-01-11 16:00:00+00:00,20.28071942140988,0.0
2025-01-11 17:00:00+00:00,20.28071942140988,0.0
2025-01-11 18:00:00+00:00,20.28071942140988,0.0
2025-01-11 19:00:00+00:00,20.28071942140988,0.0
2025-01-11 20:00:00+00:00,20.28071942140988,0.0
2025-01-11 21:00:00+00:00,20.28071942140988,0.0
2025-01-11 22:00:00+00:00,20.28071942140988,0.0
2025-01-11 23:00:00+00:00,20.28071942140988,0.0
2025-01-12 00:00:00+00:00,20.19310017616708,485529340.77773416
2025-01-12 01:00:00+00:00,20.19310017616708,0.0
2025-01-12 02:00:00+00:00,20.19310017616708,0.0
2025-01-12 03:00:00+00:00,20.19310017616708,0.0
2025-01-12 04:00:00+00:00,20.19310017616708,0.0
2025-01-12 05:00:00+00:00,20.19310017616708,0.0
2025-01-12 06:00:00+00:00,20.19310017616708,0.0
2025-01-12 07:00:00+00:00,20.19310017616708,0.0
2025-01-12 08:00:00+00:00,20.19310017616708,0.0
2025-01-12 09:00:00+00:00,20.19310017616708,0.0
2025-01-12 10:00:00+00:00,20.19310017616708,0.0
2025-01-12 11:00:00+00:00,20.19310017616708,0.0
2025-01-12 12:00:00+00:00,20.19310017616708,0.0
2025-01-12 13:00:00+00:00,20.19310017616708,0.0
2025-01-12 14:00:00+00:00,20.19310017616708,0.0
2025-01-12 15:00:00+00:00,20.19310017616708,0.0
2025-01-12 16:00:00+00:00,20.19310017616708,0.0
2025-01-12 17:00:00+00:00,20.19310017616708,0.0
2025-01-12 18:00:00+00:00,20.19310017616708,0.0
2025-01-12 19:00:00+00:00,20.19310017616708,0.0
2025-01-12 20:00:00+00:00,20.19310017616708,0.0
2025-01-12 21:00:00+00:00,20.19310017616708,0.0
2025-01-12 22:00:00+00:00,20.19310017616708,0.0
2025-01-12 23:00:00+00:00,20.19310017616708,0.0
2025-01-13 00:00:00+00:00,19.82606102172518,450134683.72612536
2025-01-13 01:00:00+00:00,19.82606102172518,0.0
2025-01-13 02:00:00+00:00,19.82606102172518,0.0
2025-01-13 03:00:00+00:00,19.82606102172518,0.0
2025-01-13 04:00:00+00:00,19.82606102172518,0.0
2025-01-13 05:00:00+00:00,19.82606102172518,0.0
2025-01-13 06:00:00+00:00,19.82606102172518,0.0
2025-01-13 07:00:00+00:00,19.82606102172518,0.0
2025-01-13 08:00:00+00:00,19.82606102172518,0.0
2025-01-13 09:00:00+00:00,19.82606102172518,0.0
2025-01-13 10:00:00+00:00,19.82606102172518,0.0
2025-01-13 11:00:00+00:00,19.82606102172518,0.0
2025-01-13 12:00:00+00:00,19.82606102172518,0.0
2025-01-13 13:00:00+00:00,19.82606102172518,0.0
2025-01-13 14:00:00+00:00,19.82606102172518,0.0
2025-01-13 15:00:00+00:00,19.82606102172518,0.0
2025-01-13 16:00:00+00:00,19.82606102172518,0.0
2025-01-13 17:00:00+00:00,19.82606102172518,0.0
2025-01-13 18:00:00+00:00,19.82606102172518,0.0
2025-01-13 19:00:00+00:00,19.82606102172518,0.0
2025-01-13 20:00:00+00:00,19.82606102172518,0.0
2025-01-13 21:00:00+00:00,19.82606102172518,0.0
2025-01-13 22:00:00+00:00,19.82606102172518,0.0
2025-01-13 23:00:00+00:00,19.82606102172518,0.0
2025-01-14 00:00:00+00:00,19.367641844551294,1154522009.802169
2025-01-14 01:00:00+00:00,19.367641844551294,0.0
2025-01-14 02:00:00+00:00,19.367641844551294,0.0
2025-01-14 03:00:00+00:00,19.367641844551294,0.0
2025-01-14 04:00:00+00:00,19.367641844551294,0.0
2025-01-14 05:00:00+00:00,19.367641844551294,0.0
2025-01-14 06:00:00+00:00,19.367641844551294,0.0
2025-01-14 07:00:00+00:00,19.367641844551294,0.0
2025-01-14 08:00:00+00:00,19.367641844551294,0.0
2025-01-14 09:00:00+00:00,19.367641844551294,0.0
2025-01-14 10:00:00+00:00,19.367641844551294,0.0
2025-01-14 11:00:00+00:00,19.367641844551294,0.0
2025-01-14 12:00:00+00:00,19.367641844551294,0.0
2025-01-14 13:00:00+00:00,19.367641844551294,0.0
2025-01-14 14:00:00+00:00,19.367641844551294,0.0
2025-01-14 15:00:00+00:00,19.367641844551294,0.0
2025-01-14 16:00:00+00:00,19.367641844551294,0.0
2025-01-14 17:00:00+00:00,19.367641844551294,0.0
2025-01-14 18:00:00+00:00,19.367641844551294,0.0
2025-01-14 19:00:00+00:00,19.367641844551294,0.0
2025-01-14 20:00:00+00:00,19.367641844551294,0.0
2025-01-14 21:00:00+00:00,19.367641844551294,0.0
2025-01-14 22:00:00+00:00,19.367641844551294,0.0
2025-01-14 23:00:00+00:00,19.367641844551294,0.0
2025-01-15 00:00:00+00:00,20.290186051900637,627214678.8841729
2025-01-15 01:00:00+00:00,20.290186051900637,0.0
2025-01-15 02:00:00+00:00,20.290186051900637,0.0
2025-01-15 03:00:00+00:00,20.290186051900637,0.0
2025-01-15 04:00:00+00:00,20.290186051900637,0.0
2025-01-15 05:00:00+00:00,20.290186051900637,0.0
2025-01-15 06:00:00+00:00,20.290186051900637,0.0
2025-01-15 07:00:00+00:00,20.290186051900637,0.0
2025-01-15 08:00:00+00:00,20.290186051900637,0.0
2025-01-15 09:00:00+00:00,20.290186051900637,0.0
2025-01-15 10:00:00+00:00,20.290186051900637,0.0
2025-01-15 11:00:00+00:00,20.290186051900637,0.0
2025-01-15 12:00:00+00:00,20.290186051900637,0.0
2025-01-15 13:00:00+00:00,20.290186051900637,0.0
2025-01-15 14:00:00+00:00,20.290186051900637,0.0
2025-01-15 15:00:00+00:00,20.290186051900637,0.0
2025-01-15 16:00:00+00:00,20.290186051900637,0.0
2025-01-15 17:00:00+00:00,20.290186051900637,0.0
2025-01-15 18:00:00+00:00,20.290186051900637,0.0
2025-01-15 19:00:00+00:00,20.290186051900637,0.0
2025-01-15 20:00:00+00:00,20.290186051900637,0.0
2025-01-15 21:00:00+00:00,20.290186051900637,0.0
2025-01-15 22:00:00+00:00,20.290186051900637,0.0
2025-01-15 23:00:00+00:00,20.290186051900637,0.0
2025-01-16 00:00:00+00:00,22.135753885222837,1050470522.8437005
2025-01-16 01:00:00+00:00,22.135753885222837,0.0
2025-01-16 02:00:00+00:00,22.135753885222837,0.0
2025-01-16 03:00:00+00:00,22.135753885222837,0.0
2025-01-16 04:00:00+00:00,22.135753885222837,0.0
2025-01-16 05:00:00+00:00,22.135753885222837,0.0
2025-01-16 06:00:00+00:00,22.135753885222837,0.0
2025-01-16 07:00:00+00:00,22.135753885222837,0.0
2025-01-16 08:00:00+00:00,22.135753885222837,0.0
2025-01-16 09:00:00+00:00,22.135753885222837,0.0
2025-01-16 10:00:00+00:00,22.135753885222837,0.0
2025-01-16 11:00:00+00:00,22.135753885222837,0.0
2025-01-16 12:00:00+00:00,22.135753885222837,0.0
2025-01-16 13:00:00+00:00,22.135753885222837,0.0
2025-01-16 14:00:00+00:00,22.135753885222837,0.0
2025-01-16 15:00:00+00:00,22.135753885222837,0.0
2025-01-16 16:00:00+00:00,22.135753885222837,0.0
2025-01-16 17:00:00+00:00,22.135753885222837,0.0
2025-01-16 18:00:00+00:00,22.135753885222837,0.0
2025-01-16 19:00:00+00:00,22.135753885222837,0.0
2025-01-16 20:00:00+00:00,22.135753885222837,0.0
2025-01-16 21:00:00+00:00,22.135753885222837,0.0
2025-01-16 22:00:00+00:00,22.135753885222837,0.0
2025-01-16 23:00:00+00:00,22.135753885222837,0.0
2025-01-17 00:00:00+00:00,22.99677133671062,1289431570.587494
2025-01-17 01:00:00+00:00,22.99677133671062,0.0
2025-01-17 02:00:00+00:00,22.99677133671062,0.0
2025-01-17 03:00:00+00:00,22.99677133671062,0.0
2025-01-17 04:00:00+00:00,22.99677133671062,0.0
2025-01-17 05:00:00+00:00,22.99677133671062,0.0
2025-01-17 06:00:00+00:00,22.99677133671062,0.0
2025-01-17 07:00:00+00:00,22.99677133671062,0.0
2025-01-17 08:00:00+00:00,22.99677133671062,0.0
2025-01-17 09:00:00+00:00,22.99677133671062,0.0
2025-01-17 10:00:00+00:00,22.99677133671062,0.0
2025-01-17 11:00:00+00:00,22.99677133671062,0.0
2025-01-17 12:00:00+00:00,22.99677133671062,0.0
2025-01-17 13:00:00+00:00,22.99677133671062,0.0
2025-01-17 14:00:00+00:00,22.99677133671062,0.0
2025-01-17 15:00:00+00:00,22.99677133671062,0.0
2025-01-17 16:00:00+00:00,22.99677133671062,0.0
2025-01-17 17:00:00+00:00,22.99677133671062,0.0
2025-01-17 18:00:00+00:00,22.99677133671062,0.0
2025-01-17 19:00:00+00:00,22.99677133671062,0.0
2025-01-17 20:00:00+00:00,22.99677133671062,0.0
2025-01-17 21:00:00+00:00,22.99677133671062,0.0
2025-01-17 22:00:00+00:00,22.99677133671062,0.0
2025-01-17 23:00:00+00:00,22.99677133671062,0.0
2025-01-18 00:00:00+00:00,25.103947864981297,1043998791.1028742
2025-01-18 01:00:00+00:00,25.103947864981297,0.0
2025-01-18 02:00:00+00:00,25.103947864981297,0.0
2025-01-18 03:00:00+00:00,25.103947864981297,0.0
2025-01-18 04:00:00+00:00,25.103947864981297,0.0
2025-01-18 05:00:00+00:00,25.103947864981297,0.0
2025-01-18 06:00:00+00:00,25.103947864981297,0.0
2025-01-18 07:00:00+00:00,25.103947864981297,0.0
2025-01-18 08:00:00+00:00,25.103947864981297,0.0
2025-01-18 09:00:00+00:00,25.103947864981297,0.0
2025-01-18 10:00:00+00:00,25.103947864981297,0.0
2025-01-18 11:00:00+00:00,25.103947864981297,0.0
2025-01-18 12:00:00+00:00,25.103947864981297,0.0
2025-01-18 13:00:00+00:00,25.103947864981297,0.0
2025-01-18 14:00:00+00:00,25.103947864981297,0.0
2025-01-18 15:00:00+00:00,25.103947864981297,0.0
2025-01-18 16:00:00+00:00,25.103947864981297,0.0
2025-01-18 17:00:00+00:00,25.103947864981297,0.0
2025-01-18 18:00:00+00:00,25.103947864981297,0.0
2025-01-18 19:00:00+00:00,25.103947864981297,0.0
2025-01-18 20:00:00+00:00,25.103947864981297,0.0
2025-01-18 21:00:00+00:00,25.103947864981297,0.0
2025-01-18 22:00:00+00:00,25.103947864981297,0.0
2025-01-18 23:00:00+00:00,25.103947864981297,0.0
2025-01-19 00:00:00+00:00,24.13591526430842,1189988405.577345
2025-01-19 01:00:00+00:00,24.13591526430842,0.0
2025-01-19 02:00:00+00:00,24.13591526430842,0.0
2025-01-19 03:00:00+00:00,24.13591526430842,0.0
2025-01-19 04:00:00+00:00,24.13591526430842,0.0
2025-01-19 05:00:00+00:00,24.13591526430842,0.0
2025-01-19 06:00:00+00:00,24.13591526430842,0.0
2025-01-19 07:00:00+00:00,24.13591526430842,0.0
2025-01-19 08:00:00+00:00,24.13591526430842,0.0
2025-01-19 09:00:00+00:00,24.13591526430842,0.0
2025-01-19 10:00:00+00:00,24.13591526430842,0.0
2025-01-19 11:00:00+00:00,24.13591526430842,0.0
2025-01-19 12:00:00+00:00,24.13591526430842,0.0
2025-01-19 13:00:00+00:00,24.13591526430842,0.0
2025-01-19 14:00:00+00:00,24.13591526430842,0.0
2025-01-19 15:00:00+00:00,24.13591526430842,0.0
2025-01-19 16:00:00+00:00,24.13591526430842,0.0
2025-01-19 17:00:00+00:00,24.13591526430842,0.0
2025-01-19 18:00:00+00:00,24.13591526430842,0.0
2025-01-19 19:00:00+00:00,24.13591526430842,0.0
2025-01-19 20:00:00+00:00,24.13591526430842,0.0
2025-01-19 21:00:00+00:00,24.13591526430842,0.0
2025-01-19 22:00:00+00:00,24.13591526430842,0.0
2025-01-19 23:00:00+00:00,24.13591526430842,0.0
2025-01-20 00:00:00+00:00,24.411071164697983,2807298173.2612724
2025-01-20 01:00:00+00:00,24.411071164697983,0.0
2025-01-20 02:00:00+00:00,24.411071164697983,0.0
2025-01-20 03:00:00+00:00,24.411071164697983,0.0
2025-01-20 04:00:00+00:00,24.411071164697983,0.0
2025-01-20 05:00:00+00:00,24.411071164697983,0.0
2025-01-20 06:00:00+00:00,24.411071164697983,0.0
2025-01-20 07:00:00+00:00,24.411071164697983,0.0
2025-01-20 08:00:00+00:00,24.411071164697983,0.0
2025-01-20 09:00:00+00:00,24.411071164697983,0.0
2025-01-20 10:00:00+00:00,24.411071164697983,0.0
2025-01-20 11:00:00+00:00,24.411071164697983,0.0
2025-01-20 12:00:00+00:00,24.411071164697983,0.0
2025-01-20 13:00:00+00:00,24.411071164697983,0.0
2025-01-20 14:00:00+00:00,24.411071164697983,0.0
2025-01-20 15:00:00+00:00,24.411071164697983,0.0
2025-01-20 16:00:00+00:00,24.411071164697983,0.0
2025-01-20 17:00:00+00:00,24.411071164697983,0.0
2025-01-20 18:00:00+00:00,24.411071164697983,0.0
2025-01-20 19:00:00+00:00,24.411071164697983,0.0
2025-01-20 20:00:00+00:00,24.411071164697983,0.0
2025-01-20 21:00:00+00:00,24.411071164697983,0.0
2025-01-20 22:00:00+00:00,24.411071164697983,0.0
2025-01-20 23:00:00+00:00,24.411071164697983,0.0
2025-01-21 00:00:00+00:00,24.976362618787846,3165652412.305912
2025-01-21 01:00:00+00:00,24.976362618787846,0.0
2025-01-21 02:00:00+00:00,24.976362618787846,0.0
2025-01-21 03:00:00+00:00,24.976362618787846,0.0
2025-01-21 04:00:00+00:00,24.976362618787846,0.0
2025-01-21 05:00:00+00:00,24.976362618787846,0.0
2025-01-21 06:00:00+00:00,24.976362618787846,0.0
2025-01-21 07:00:00+00:00,24.976362618787846,0.0
2025-01-21 08:00:00+00:00,24.976362618787846,0.0
2025-01-21 09:00:00+00:00,24.976362618787846,0.0
2025-01-21 10:00:00+00:00,24.976362618787846,0.0
2025-01-21 11:00:00+00:00,24.976362618787846,0.0
2025-01-21 12:00:00+00:00,24.976362618787846,0.0
2025-01-21 13:00:00+00:00,24.976362618787846,0.0
2025-01-21 14:00:00+00:00,24.976362618787846,0.0
2025-01-21 15:00:00+00:00,24.976362618787846,0.0
2025-01-21 16:00:00+00:00,24.976362618787846,0.0
2025-01-21 17:00:00+00:00,24.976362618787846,0.0
2025-01-21 18:00:00+00:00,24.976362618787846,0.0
2025-01-21 19:00:00+00:00,24.976362618787846,0.0
2025-01-21 20:00:00+00:00,24.976362618787846,0.0
2025-01-21 21:00:00+00:00,24.976362618787846,0.0
2025-01-21 22:00:00+00:00,24.976362618787846,0.0
2025-01-21 23:00:00+00:00,24.976362618787846,0.0
2025-01-22 00:00:00+00:00,26.615940246801767,1912352344.4835408
2025-01-22 01:00:00+00:00,26.615940246801767,0.0
2025-01-22 02:00:00+00:00,26.615940246801767,0.0
2025-01-22 03:00:00+00:00,26.615940246801767,0.0
2025-01-22 04:00:00+00:00,26.615940246801767,0.0
2025-01-22 05:00:00+00:00,26.615940246801767,0.0
2025-01-22 06:00:00+00:00,26.615940246801767,0.0
2025-01-22 07:00:00+00:00,26.615940246801767,0.0
2025-01-22 08:00:00+00:00,26.615940246801767,0.0
2025-01-22 09:00:00+00:00,26.615940246801767,0.0
2025-01-22 10:00:00+00:00,26.615940246801767,0.0
2025-01-22 11:00:00+00:00,26.615940246801767,0.0
2025-01-22 12:00:00+00:00,26.615940246801767,0.0
2025-01-22 13:00:00+00:00,26.615940246801767,0.0
2025-01-22 14:00:00+00:00,26.615940246801767,0.0
2025-01-22 15:00:00+00:00,26.615940246801767,0.0
2025-01-22 16:00:00+00:00,26.615940246801767,0.0
2025-01-22 17:00:00+00:00,26.615940246801767,0.0
2025-01-22 18:00:00+00:00,26.615940246801767,0.0
2025-01-22 19:00:00+00:00,26.615940246801767,0.0
2025-01-22 20:00:00+00:00,26.615940246801767,0.0
2025-01-22 21:00:00+00:00,26.615940246801767,0.0
2025-01-22 22:00:00+00:00,26.615940246801767,0.0
2025-01-22 23:00:00+00:00,26.615940246801767,0.0
2025-01-23 00:00:00+00:00,25.275159471116154,862458749.6514298
2025-01-23 01:00:00+00:00,25.275159471116154,0.0
2025-01-23 02:00:00+00:00,25.275159471116154,0.0
2025-01-23 03:00:00+00:00,25.275159471116154,0.0
2025-01-23 04:00:00+00:00,25.275159471116154,0.0
2025-01-23 05:00:00+00:00,25.275159471116154,0.0
2025-01-23 06:00:00+00:00,25.275159471116154,0.0
2025-01-23 07:00:00+00:00,25.275159471116154,0.0
2025-01-23 08:00:00+00:00,25.275159471116154,0.0
2025-01-23 09:00:00+00:00,25.275159471116154,0.0
2025-01-23 10:00:00+00:00,25.275159471116154,0.0
2025-01-23 11:00:00+00:00,25.275159471116154,0.0
2025-01-23 12:00:00+00:00,25.275159471116154,0.0
2025-01-23 13:00:00+00:00,25.275159471116154,0.0
2025-01-23 14:00:00+00:00,25.275159471116154,0.0
2025-01-23 15:00:00+00:00,25.275159471116154,0.0
2025-01-23 16:00:00+00:00,25.275159471116154,0.0
2025-01-23 17:00:00+00:00,25.275159471116154,0.0
2025-01-23 18:00:00+00:00,25.275159471116154,0.0
2025-01-23 19:00:00+00:00,25.275159471116154,0.0
2025-01-23 20:00:00+00:00,25.275159471116154,0.0
2025-01-23 21:00:00+00:00,25.275159471116154,0.0
2025-01-23 22:00:00+00:00,25.275159471116154,0.0
2025-01-23 23:00:00+00:00,25.275159471116154,0.0
2025-01-24 00:00:00+00:00,25.61066297381523,1394627576.4639223
2025-01-24 01:00:00+00:00,25.61066297381523,0.0
2025-01-24 02:00:00+00:00,25.61066297381523,0.0
2025-01-24 03:00:00+00:00,25.61066297381523,0.0
2025-01-24 04:00:00+00:00,25.61066297381523,0.0
2025-01-24 05:00:00+00:00,25.61066297381523,0.0
2025-01-24 06:00:00+00:00,25.61066297381523,0.0
2025-01-24 07:00:00+00:00,25.61066297381523,0.0
2025-01-24 08:00:00+00:00,25.61066297381523,0.0
2025-01-24 09:00:00+00:00,25.61066297381523,0.0
2025-01-24 10:00:00+00:00,25.61066297381523,0.0
2025-01-24 11:00:00+00:00,25.61066297381523,0.0
2025-01-24 12:00:00+00:00,25.61066297381523,0.0
2025-01-24 13:00:00+00:00,25.61066297381523,0.0
2025-01-24 14:00:00+00:00,25.61066297381523,0.0
2025-01-24 15:00:00+00:00,25.61066297381523,0.0
2025-01-24 16:00:00+00:00,25.61066297381523,0.0
2025-01-24 17:00:00+00:00,25.61066297381523,0.0
2025-01-24 18:00:00+00:00,25.61066297381523,0.0
2025-01-24 19:00:00+00:00,25.61066297381523,0.0
2025-01-24 20:00:00+00:00,25.61066297381523,0.0
2025-01-24 21:00:00+00:00,25.61066297381523,0.0
2025-01-24 22:00:00+00:00,25.61066297381523,0.0
2025-01-24 23:00:00+00:00,25.61066297381523,0.0
2025-01-25 00:00:00+00:00,25.20441548162367,957984442.1699843
2025-01-25 01:00:00+00:00,25.20441548162367,0.0
2025-01-25 02:00:00+00:00,25.20441548162367,0.0
2025-01-25 03:00:00+00:00,25.20441548162367,0.0
2025-01-25 04:00:00+00:00,25.20441548162367,0.0
2025-01-25 05:00:00+00:00,25.20441548162367,0.0
2025-01-25 06:00:00+00:00,25.20441548162367,0.0
2025-01-25 07:00:00+00:00,25.20441548162367,0.0
2025-01-25 08:00:00+00:00,25.20441548162367,0.0
2025-01-25 09:00:00+00:00,25.20441548162367,0.0
2025-01-25 10:00:00+00:00,25.20441548162367,0.0
2025-01-25 11:00:00+00:00,25.20441548162367,0.0
2025-01-25 12:00:00+00:00,25.20441548162367,0.0
2025-01-25 13:00:00+00:00,25.20441548162367,0.0
2025-01-25 14:00:00+00:00,25.20441548162367,0.0
2025-01-25 15:00:00+00:00,25.20441548162367,0.0
2025-01-25 16:00:00+00:00,25.20441548162367,0.0
2025-01-25 17:00:00+00:00,25.20441548162367,0.0
2025-01-25 18:00:00+00:00,25.20441548162367,0.0
2025-01-25 19:00:00+00:00,25.20441548162367,0.0
2025-01-25 20:00:00+00:00,25.20441548162367,0.0
2025-01-25 21:00:00+00:00,25.20441548162367,0.0
2025-01-25 22:00:00+00:00,25.20441548162367,0.0
2025-01-25 23:00:00+00:00,25.20441548162367,0.0
2025-01-26 00:00:00+00:00,24.93287373058999,564304986.0245737
2025-01-26 01:00:00+00:00,24.93287373058999,0.0
2025-01-26 02:00:00+00:00,24.93287373058999,0.0
2025-01-26 03:00:00+00:00,24.93287373058999,0.0
2025-01-26 04:00:00+00:00,24.93287373058999,0.0
2025-01-26 05:00:00+00:00,24.93287373058999,0.0
2025-01-26 06:00:00+00:00,24.93287373058999,0.0
2025-01-26 07:00:00+00:00,24.93287373058999,0.0
2025-01-26 08:00:00+00:00,24.93287373058999,0.0
2025-01-26 09:00:00+00:00,24.93287373058999,0.0
2025-01-26 10:00:00+00:00,24.93287373058999,0.0
2025-01-26 11:00:00+00:00,24.93287373058999,0.0
2025-01-26 12:00:00+00:00,24.93287373058999,0.0
2025-01-26 13:00:00+00:00,24.93287373058999,0.0
2025-01-26 14:00:00+00:00,24.93287373058999,0.0
2025-01-26 15:00:00+00:00,24.93287373058999,0.0
2025-01-26 16:00:00+00:00,24.93287373058999,0.0
2025-01-26 17:00:00+00:00,24.93287373058999,0.0
2025-01-26 18:00:00+00:00,24.93287373058999,0.0
2025-01-26 19:00:00+00:00,24.93287373058999,0.0
2025-01-26 20:00:00+00:00,24.93287373058999,0.0
2025-01-26 21:00:00+00:00,24.93287373058999,0.0
2025-01-26 22:00:00+00:00,24.93287373058999,0.0
2025-01-26 23:00:00+00:00,24.93287373058999,0.0
2025-01-27 00:00:00+00:00,24.892077186534042,704384852.9939289
2025-01-27 01:00:00+00:00,24.892077186534042,0.0
2025-01-27 02:00:00+00:00,24.892077186534042,0.0
2025-01-27 03:00:00+00:00,24.892077186534042,0.0
2025-01-27 04:00:00+00:00,24.892077186534042,0.0
2025-01-27 05:00:00+00:00,24.892077186534042,0.0
2025-01-27 06:00:00+00:00,24.892077186534042,0.0
2025-01-27 07:00:00+00:00,24.892077186534042,0.0
2025-01-27 08:00:00+00:00,24.892077186534042,0.0
2025-01-27 09:00:00+00:00,24.892077186534042,0.0
2025-01-27 10:00:00+00:00,24.892077186534042,0.0
2025-01-27 11:00:00+00:00,24.892077186534042,0.0
2025-01-27 12:00:00+00:00,24.892077186534042,0.0
2025-01-27 13:00:00+00:00,24.892077186534042,0.0
2025-01-27 14:00:00+00:00,24.892077186534042,0.0
2025-01-27 15:00:00+00:00,24.892077186534042,0.0
2025-01-27 16:00:00+00:00,24.892077186534042,0.0
2025-01-27 17:00:00+00:00,24.892077186534042,0.0
2025-01-27 18:00:00+00:00,24.892077186534042,0.0
2025-01-27 19:00:00+00:00,24.892077186534042,0.0
2025-01-27 20:00:00+00:00,24.892077186534042,0.0
2025-01-27 21:00:00+00:00,24.892077186534042,0.0
2025-01-27 22:00:00+00:00,24.892077186534042,0.0
2025-01-27 23:00:00+00:00,24.892077186534042,0.0
2025-01-28 00:00:00+00:00,24.108854069846164,1549450646.0016146
2025-01-28 01:00:00+00:00,24.108854069846164,0.0
2025-01-28 02:00:00+00:00,24.108854069846164,0.0
2025-01-28 03:00:00+00:00,24.108854069846164,0.0
2025-01-28 04:00:00+00:00,24.108854069846164,0.0
2025-01-28 05:00:00+00:00,24.108854069846164,0.0
2025-01-28 06:00:00+00:00,24.108854069846164,0.0
2025-01-28 07:00:00+00:00,24.108854069846164,0.0
2025-01-28 08:00:00+00:00,24.108854069846164,0.0
2025-01-28 09:00:00+00:00,24.108854069846164,0.0
2025-01-28 10:00:00+00:00,24.108854069846164,0.0
2025-01-28 11:00:00+00:00,24.108854069846164,0.0
2025-01-28 12:00:00+00:00,24.108854069846164,0.0
2025-01-28 13:00:00+00:00,24.108854069846164,0.0
2025-01-28 14:00:00+00:00,24.108854069846164,0.0
2025-01-28 15:00:00+00:00,24.108854069846164,0.0
2025-01-28 16:00:00+00:00,24.108854069846164,0.0
2025-01-28 17:00:00+00:00,24.108854069846164,0.0
2025-01-28 18:00:00+00:00,24.108854069846164,0.0
2025-01-28 19:00:00+00:00,24.108854069846164,0.0
2025-01-28 20:00:00+00:00,24.108854069846164,0.0
2025-01-28 21:00:00+00:00,24.108854069846164,0.0
2025-01-28 22:00:00+00:00,24.108854069846164,0.0
2025-01-28 23:00:00+00:00,24.108854069846164,0.0
2025-01-29 00:00:00+00:00,22.59517069519199,815262118.5728021
2025-01-29 01:00:00+00:00,22.59517069519199,0.0
2025-01-29 02:00:00+00:00,22.59517069519199,0.0
2025-01-29 03:00:00+00:00,22.59517069519199,0.0
2025-01-29 04:00:00+00:00,22.59517069519199,0.0
2025-01-29 05:00:00+00:00,22.59517069519199,0.0
2025-01-29 06:00:00+00:00,22.59517069519199,0.0
2025-01-29 07:00:00+00:00,22.59517069519199,0.0
2025-01-29 08:00:00+00:00,22.59517069519199,0.0
2025-01-29 09:00:00+00:00,22.59517069519199,0.0
2025-01-29 10:00:00+00:00,22.59517069519199,0.0
2025-01-29 11:00:00+00:00,22.59517069519199,0.0
2025-01-29 12:00:00+00:00,22.59517069519199,0.0
2025-01-29 13:00:00+00:00,22.59517069519199,0.0
2025-01-29 14:00:00+00:00,22.59517069519199,0.0
2025-01-29 15:00:00+00:00,22.59517069519199,0.0
2025-01-29 16:00:00+00:00,22.59517069519199,0.0
2025-01-29 17:00:00+00:00,22.59517069519199,0.0
2025-01-29 18:00:00+00:00,22.59517069519199,0.0
2025-01-29 19:00:00+00:00,22.59517069519199,0.0
2025-01-29 20:00:00+00:00,22.59517069519199,0.0
2025-01-29 21:00:00+00:00,22.59517069519199,0.0
2025-01-29 22:00:00+00:00,22.59517069519199,0.0
2025-01-29 23:00:00+00:00,22.59517069519199,0.0
2025-01-30 00:00:00+00:00,23.683911439290295,971398235.8836857
2025-01-30 01:00:00+00:00,23.683911439290295,0.0
2025-01-30 02:00:00+00:00,23.683911439290295,0.0
2025-01-30 03:00:00+00:00,23.683911439290295,0.0
2025-01-30 04:00:00+00:00,23.683911439290295,0.0
2025-01-30 05:00:00+00:00,23.683911439290295,0.0
2025-01-30 06:00:00+00:00,23.683911439290295,0.0
2025-01-30 07:00:00+00:00,23.683911439290295,0.0
2025-01-30 08:00:00+00:00,23.683911439290295,0.0
2025-01-30 09:00:00+00:00,23.683911439290295,0.0
2025-01-30 10:00:00+00:00,23.683911439290295,0.0
2025-01-30 11:00:00+00:00,23.683911439290295,0.0
2025-01-30 12:00:00+00:00,23.683911439290295,0.0
2025-01-30 13:00:00+00:00,23.683911439290295,0.0
2025-01-30 14:00:00+00:00,23.683911439290295,0.0
2025-01-30 15:00:00+00:00,23.683911439290295,0.0
2025-01-30 16:00:00+00:00,23.683911439290295,0.0
2025-01-30 17:00:00+00:00,23.683911439290295,0.0
2025-01-30 18:00:00+00:00,23.683911439290295,0.0
2025-01-30 19:00:00+00:00,23.683911439290295,0.0
2025-01-30 20:00:00+00:00,23.683911439290295,0.0
2025-01-30 21:00:00+00:00,23.683911439290295,0.0
2025-01-30 22:00:00+00:00,23.683911439290295,0.0
2025-01-30 23:00:00+00:00,23.683911439290295,0.0
